2026-05-26 00:17:21.161 +01:00 [WRN] The property 'Hotel.Amenities' is a collection or enumeration type with a value converter but with no value comparer. Set a value comparer to ensure the collection/enumeration elements are compared correctly.
2026-05-26 00:17:41.275 +01:00 [INF] Executed DbCommand (11,548ms) [Parameters=[], CommandType='"Text"', CommandTimeout='30']
SELECT CASE WHEN COUNT(*) = 0 THEN FALSE ELSE TRUE END
FROM information_schema.tables
WHERE table_type = 'BASE TABLE' AND table_schema = 'travel_system_dev'
2026-05-26 00:17:42.567 +01:00 [ERR] Failed executing DbCommand (284ms) [Parameters=[@__normalizedName_0='?' (Size = 256)], CommandType='"Text"', CommandTimeout='30']
SELECT `r`.`Id`, `r`.`ConcurrencyStamp`, `r`.`Name`, `r`.`NormalizedName`
FROM `Roles` AS `r`
WHERE `r`.`NormalizedName` = @__normalizedName_0
LIMIT 1
2026-05-26 00:17:42.808 +01:00 [ERR] An exception occurred while iterating over the results of a query for context type 'TravelSystem.Infrastructure.Data.AppDbContext'.
MySqlConnector.MySqlException (0x80004005): Table 'travel_system_dev.Roles' doesn't exist
   at MySqlConnector.Core.ServerSession.ReceiveReplyAsync(IOBehavior ioBehavior, CancellationToken cancellationToken) in /_/src/MySqlConnector/Core/ServerSession.cs:line 894
   at MySqlConnector.Core.ResultSet.ReadResultSetHeaderAsync(IOBehavior ioBehavior) in /_/src/MySqlConnector/Core/ResultSet.cs:line 37
   at MySqlConnector.MySqlDataReader.ActivateResultSet(CancellationToken cancellationToken) in /_/src/MySqlConnector/MySqlDataReader.cs:line 130
   at MySqlConnector.MySqlDataReader.InitAsync(CommandListPosition commandListPosition, ICommandPayloadCreator payloadCreator, IDictionary`2 cachedProcedures, IMySqlCommand command, CommandBehavior behavior, Activity activity, IOBehavior ioBehavior, CancellationToken cancellationToken) in /_/src/MySqlConnector/MySqlDataReader.cs:line 483
   at MySqlConnector.Core.CommandExecutor.ExecuteReaderAsync(CommandListPosition commandListPosition, ICommandPayloadCreator payloadCreator, CommandBehavior behavior, Activity activity, IOBehavior ioBehavior, CancellationToken cancellationToken) in /_/src/MySqlConnector/Core/CommandExecutor.cs:line 56
   at MySqlConnector.MySqlCommand.ExecuteReaderAsync(CommandBehavior behavior, IOBehavior ioBehavior, CancellationToken cancellationToken) in /_/src/MySqlConnector/MySqlCommand.cs:line 357
   at MySqlConnector.MySqlCommand.ExecuteDbDataReaderAsync(CommandBehavior behavior, CancellationToken cancellationToken) in /_/src/MySqlConnector/MySqlCommand.cs:line 350
   at Microsoft.EntityFrameworkCore.Storage.RelationalCommand.ExecuteReaderAsync(RelationalCommandParameterObject parameterObject, CancellationToken cancellationToken)
   at Microsoft.EntityFrameworkCore.Storage.RelationalCommand.ExecuteReaderAsync(RelationalCommandParameterObject parameterObject, CancellationToken cancellationToken)
   at Microsoft.EntityFrameworkCore.Query.Internal.SingleQueryingEnumerable`1.AsyncEnumerator.InitializeReaderAsync(AsyncEnumerator enumerator, CancellationToken cancellationToken)
   at Microsoft.EntityFrameworkCore.Storage.ExecutionStrategy.<>c__DisplayClass30_0`2.<<ExecuteAsync>b__0>d.MoveNext()
--- End of stack trace from previous location ---
   at Microsoft.EntityFrameworkCore.Storage.ExecutionStrategy.ExecuteImplementationAsync[TState,TResult](Func`4 operation, Func`4 verifySucceeded, TState state, CancellationToken cancellationToken)
   at Microsoft.EntityFrameworkCore.Storage.ExecutionStrategy.ExecuteImplementationAsync[TState,TResult](Func`4 operation, Func`4 verifySucceeded, TState state, CancellationToken cancellationToken)
   at Microsoft.EntityFrameworkCore.Storage.ExecutionStrategy.ExecuteAsync[TState,TResult](TState state, Func`4 operation, Func`4 verifySucceeded, CancellationToken cancellationToken)
   at Microsoft.EntityFrameworkCore.Query.Internal.SingleQueryingEnumerable`1.AsyncEnumerator.MoveNextAsync()
MySqlConnector.MySqlException (0x80004005): Table 'travel_system_dev.Roles' doesn't exist
   at MySqlConnector.Core.ServerSession.ReceiveReplyAsync(IOBehavior ioBehavior, CancellationToken cancellationToken) in /_/src/MySqlConnector/Core/ServerSession.cs:line 894
   at MySqlConnector.Core.ResultSet.ReadResultSetHeaderAsync(IOBehavior ioBehavior) in /_/src/MySqlConnector/Core/ResultSet.cs:line 37
   at MySqlConnector.MySqlDataReader.ActivateResultSet(CancellationToken cancellationToken) in /_/src/MySqlConnector/MySqlDataReader.cs:line 130
   at MySqlConnector.MySqlDataReader.InitAsync(CommandListPosition commandListPosition, ICommandPayloadCreator payloadCreator, IDictionary`2 cachedProcedures, IMySqlCommand command, CommandBehavior behavior, Activity activity, IOBehavior ioBehavior, CancellationToken cancellationToken) in /_/src/MySqlConnector/MySqlDataReader.cs:line 483
   at MySqlConnector.Core.CommandExecutor.ExecuteReaderAsync(CommandListPosition commandListPosition, ICommandPayloadCreator payloadCreator, CommandBehavior behavior, Activity activity, IOBehavior ioBehavior, CancellationToken cancellationToken) in /_/src/MySqlConnector/Core/CommandExecutor.cs:line 56
   at MySqlConnector.MySqlCommand.ExecuteReaderAsync(CommandBehavior behavior, IOBehavior ioBehavior, CancellationToken cancellationToken) in /_/src/MySqlConnector/MySqlCommand.cs:line 357
   at MySqlConnector.MySqlCommand.ExecuteDbDataReaderAsync(CommandBehavior behavior, CancellationToken cancellationToken) in /_/src/MySqlConnector/MySqlCommand.cs:line 350
   at Microsoft.EntityFrameworkCore.Storage.RelationalCommand.ExecuteReaderAsync(RelationalCommandParameterObject parameterObject, CancellationToken cancellationToken)
   at Microsoft.EntityFrameworkCore.Storage.RelationalCommand.ExecuteReaderAsync(RelationalCommandParameterObject parameterObject, CancellationToken cancellationToken)
   at Microsoft.EntityFrameworkCore.Query.Internal.SingleQueryingEnumerable`1.AsyncEnumerator.InitializeReaderAsync(AsyncEnumerator enumerator, CancellationToken cancellationToken)
   at Microsoft.EntityFrameworkCore.Storage.ExecutionStrategy.<>c__DisplayClass30_0`2.<<ExecuteAsync>b__0>d.MoveNext()
--- End of stack trace from previous location ---
   at Microsoft.EntityFrameworkCore.Storage.ExecutionStrategy.ExecuteImplementationAsync[TState,TResult](Func`4 operation, Func`4 verifySucceeded, TState state, CancellationToken cancellationToken)
   at Microsoft.EntityFrameworkCore.Storage.ExecutionStrategy.ExecuteImplementationAsync[TState,TResult](Func`4 operation, Func`4 verifySucceeded, TState state, CancellationToken cancellationToken)
   at Microsoft.EntityFrameworkCore.Storage.ExecutionStrategy.ExecuteAsync[TState,TResult](TState state, Func`4 operation, Func`4 verifySucceeded, CancellationToken cancellationToken)
   at Microsoft.EntityFrameworkCore.Query.Internal.SingleQueryingEnumerable`1.AsyncEnumerator.MoveNextAsync()
2026-05-26 00:32:13.377 +01:00 [WRN] The property 'Hotel.Amenities' is a collection or enumeration type with a value converter but with no value comparer. Set a value comparer to ensure the collection/enumeration elements are compared correctly.
2026-05-26 00:32:14.650 +01:00 [INF] Executed DbCommand (596ms) [Parameters=[], CommandType='"Text"', CommandTimeout='30']
SELECT CASE WHEN COUNT(*) = 0 THEN FALSE ELSE TRUE END
FROM information_schema.tables
WHERE table_type = 'BASE TABLE' AND table_schema = 'travel_system_dev'
2026-05-26 00:32:15.123 +01:00 [ERR] Failed executing DbCommand (141ms) [Parameters=[@__normalizedName_0='?' (Size = 256)], CommandType='"Text"', CommandTimeout='30']
SELECT `r`.`Id`, `r`.`ConcurrencyStamp`, `r`.`Name`, `r`.`NormalizedName`
FROM `Roles` AS `r`
WHERE `r`.`NormalizedName` = @__normalizedName_0
LIMIT 1
2026-05-26 00:32:15.764 +01:00 [ERR] An exception occurred while iterating over the results of a query for context type 'TravelSystem.Infrastructure.Data.AppDbContext'.
MySqlConnector.MySqlException (0x80004005): Table 'travel_system_dev.Roles' doesn't exist
   at MySqlConnector.Core.ServerSession.ReceiveReplyAsync(IOBehavior ioBehavior, CancellationToken cancellationToken) in /_/src/MySqlConnector/Core/ServerSession.cs:line 894
   at MySqlConnector.Core.ResultSet.ReadResultSetHeaderAsync(IOBehavior ioBehavior) in /_/src/MySqlConnector/Core/ResultSet.cs:line 37
   at MySqlConnector.MySqlDataReader.ActivateResultSet(CancellationToken cancellationToken) in /_/src/MySqlConnector/MySqlDataReader.cs:line 130
   at MySqlConnector.MySqlDataReader.InitAsync(CommandListPosition commandListPosition, ICommandPayloadCreator payloadCreator, IDictionary`2 cachedProcedures, IMySqlCommand command, CommandBehavior behavior, Activity activity, IOBehavior ioBehavior, CancellationToken cancellationToken) in /_/src/MySqlConnector/MySqlDataReader.cs:line 483
   at MySqlConnector.Core.CommandExecutor.ExecuteReaderAsync(CommandListPosition commandListPosition, ICommandPayloadCreator payloadCreator, CommandBehavior behavior, Activity activity, IOBehavior ioBehavior, CancellationToken cancellationToken) in /_/src/MySqlConnector/Core/CommandExecutor.cs:line 56
   at MySqlConnector.MySqlCommand.ExecuteReaderAsync(CommandBehavior behavior, IOBehavior ioBehavior, CancellationToken cancellationToken) in /_/src/MySqlConnector/MySqlCommand.cs:line 357
   at MySqlConnector.MySqlCommand.ExecuteDbDataReaderAsync(CommandBehavior behavior, CancellationToken cancellationToken) in /_/src/MySqlConnector/MySqlCommand.cs:line 350
   at Microsoft.EntityFrameworkCore.Storage.RelationalCommand.ExecuteReaderAsync(RelationalCommandParameterObject parameterObject, CancellationToken cancellationToken)
   at Microsoft.EntityFrameworkCore.Storage.RelationalCommand.ExecuteReaderAsync(RelationalCommandParameterObject parameterObject, CancellationToken cancellationToken)
   at Microsoft.EntityFrameworkCore.Query.Internal.SingleQueryingEnumerable`1.AsyncEnumerator.InitializeReaderAsync(AsyncEnumerator enumerator, CancellationToken cancellationToken)
   at Microsoft.EntityFrameworkCore.Storage.ExecutionStrategy.<>c__DisplayClass30_0`2.<<ExecuteAsync>b__0>d.MoveNext()
--- End of stack trace from previous location ---
   at Microsoft.EntityFrameworkCore.Storage.ExecutionStrategy.ExecuteImplementationAsync[TState,TResult](Func`4 operation, Func`4 verifySucceeded, TState state, CancellationToken cancellationToken)
   at Microsoft.EntityFrameworkCore.Storage.ExecutionStrategy.ExecuteImplementationAsync[TState,TResult](Func`4 operation, Func`4 verifySucceeded, TState state, CancellationToken cancellationToken)
   at Microsoft.EntityFrameworkCore.Storage.ExecutionStrategy.ExecuteAsync[TState,TResult](TState state, Func`4 operation, Func`4 verifySucceeded, CancellationToken cancellationToken)
   at Microsoft.EntityFrameworkCore.Query.Internal.SingleQueryingEnumerable`1.AsyncEnumerator.MoveNextAsync()
MySqlConnector.MySqlException (0x80004005): Table 'travel_system_dev.Roles' doesn't exist
   at MySqlConnector.Core.ServerSession.ReceiveReplyAsync(IOBehavior ioBehavior, CancellationToken cancellationToken) in /_/src/MySqlConnector/Core/ServerSession.cs:line 894
   at MySqlConnector.Core.ResultSet.ReadResultSetHeaderAsync(IOBehavior ioBehavior) in /_/src/MySqlConnector/Core/ResultSet.cs:line 37
   at MySqlConnector.MySqlDataReader.ActivateResultSet(CancellationToken cancellationToken) in /_/src/MySqlConnector/MySqlDataReader.cs:line 130
   at MySqlConnector.MySqlDataReader.InitAsync(CommandListPosition commandListPosition, ICommandPayloadCreator payloadCreator, IDictionary`2 cachedProcedures, IMySqlCommand command, CommandBehavior behavior, Activity activity, IOBehavior ioBehavior, CancellationToken cancellationToken) in /_/src/MySqlConnector/MySqlDataReader.cs:line 483
   at MySqlConnector.Core.CommandExecutor.ExecuteReaderAsync(CommandListPosition commandListPosition, ICommandPayloadCreator payloadCreator, CommandBehavior behavior, Activity activity, IOBehavior ioBehavior, CancellationToken cancellationToken) in /_/src/MySqlConnector/Core/CommandExecutor.cs:line 56
   at MySqlConnector.MySqlCommand.ExecuteReaderAsync(CommandBehavior behavior, IOBehavior ioBehavior, CancellationToken cancellationToken) in /_/src/MySqlConnector/MySqlCommand.cs:line 357
   at MySqlConnector.MySqlCommand.ExecuteDbDataReaderAsync(CommandBehavior behavior, CancellationToken cancellationToken) in /_/src/MySqlConnector/MySqlCommand.cs:line 350
   at Microsoft.EntityFrameworkCore.Storage.RelationalCommand.ExecuteReaderAsync(RelationalCommandParameterObject parameterObject, CancellationToken cancellationToken)
   at Microsoft.EntityFrameworkCore.Storage.RelationalCommand.ExecuteReaderAsync(RelationalCommandParameterObject parameterObject, CancellationToken cancellationToken)
   at Microsoft.EntityFrameworkCore.Query.Internal.SingleQueryingEnumerable`1.AsyncEnumerator.InitializeReaderAsync(AsyncEnumerator enumerator, CancellationToken cancellationToken)
   at Microsoft.EntityFrameworkCore.Storage.ExecutionStrategy.<>c__DisplayClass30_0`2.<<ExecuteAsync>b__0>d.MoveNext()
--- End of stack trace from previous location ---
   at Microsoft.EntityFrameworkCore.Storage.ExecutionStrategy.ExecuteImplementationAsync[TState,TResult](Func`4 operation, Func`4 verifySucceeded, TState state, CancellationToken cancellationToken)
   at Microsoft.EntityFrameworkCore.Storage.ExecutionStrategy.ExecuteImplementationAsync[TState,TResult](Func`4 operation, Func`4 verifySucceeded, TState state, CancellationToken cancellationToken)
   at Microsoft.EntityFrameworkCore.Storage.ExecutionStrategy.ExecuteAsync[TState,TResult](TState state, Func`4 operation, Func`4 verifySucceeded, CancellationToken cancellationToken)
   at Microsoft.EntityFrameworkCore.Query.Internal.SingleQueryingEnumerable`1.AsyncEnumerator.MoveNextAsync()
2026-05-26 00:43:22.938 +01:00 [WRN] The property 'Hotel.Amenities' is a collection or enumeration type with a value converter but with no value comparer. Set a value comparer to ensure the collection/enumeration elements are compared correctly.
2026-05-26 00:43:24.844 +01:00 [INF] Executed DbCommand (698ms) [Parameters=[], CommandType='"Text"', CommandTimeout='30']
SELECT CASE WHEN COUNT(*) = 0 THEN FALSE ELSE TRUE END
FROM information_schema.tables
WHERE table_type = 'BASE TABLE' AND table_schema = 'travel_system_dev'
2026-05-26 00:43:25.171 +01:00 [ERR] Failed executing DbCommand (34ms) [Parameters=[@__normalizedName_0='?' (Size = 256)], CommandType='"Text"', CommandTimeout='30']
SELECT `r`.`Id`, `r`.`ConcurrencyStamp`, `r`.`Name`, `r`.`NormalizedName`
FROM `Roles` AS `r`
WHERE `r`.`NormalizedName` = @__normalizedName_0
LIMIT 1
2026-05-26 00:43:25.194 +01:00 [ERR] An exception occurred while iterating over the results of a query for context type 'TravelSystem.Infrastructure.Data.AppDbContext'.
MySqlConnector.MySqlException (0x80004005): Table 'travel_system_dev.Roles' doesn't exist
   at MySqlConnector.Core.ServerSession.ReceiveReplyAsync(IOBehavior ioBehavior, CancellationToken cancellationToken) in /_/src/MySqlConnector/Core/ServerSession.cs:line 894
   at MySqlConnector.Core.ResultSet.ReadResultSetHeaderAsync(IOBehavior ioBehavior) in /_/src/MySqlConnector/Core/ResultSet.cs:line 37
   at MySqlConnector.MySqlDataReader.ActivateResultSet(CancellationToken cancellationToken) in /_/src/MySqlConnector/MySqlDataReader.cs:line 130
   at MySqlConnector.MySqlDataReader.InitAsync(CommandListPosition commandListPosition, ICommandPayloadCreator payloadCreator, IDictionary`2 cachedProcedures, IMySqlCommand command, CommandBehavior behavior, Activity activity, IOBehavior ioBehavior, CancellationToken cancellationToken) in /_/src/MySqlConnector/MySqlDataReader.cs:line 483
   at MySqlConnector.Core.CommandExecutor.ExecuteReaderAsync(CommandListPosition commandListPosition, ICommandPayloadCreator payloadCreator, CommandBehavior behavior, Activity activity, IOBehavior ioBehavior, CancellationToken cancellationToken) in /_/src/MySqlConnector/Core/CommandExecutor.cs:line 56
   at MySqlConnector.MySqlCommand.ExecuteReaderAsync(CommandBehavior behavior, IOBehavior ioBehavior, CancellationToken cancellationToken) in /_/src/MySqlConnector/MySqlCommand.cs:line 357
   at MySqlConnector.MySqlCommand.ExecuteDbDataReaderAsync(CommandBehavior behavior, CancellationToken cancellationToken) in /_/src/MySqlConnector/MySqlCommand.cs:line 350
   at Microsoft.EntityFrameworkCore.Storage.RelationalCommand.ExecuteReaderAsync(RelationalCommandParameterObject parameterObject, CancellationToken cancellationToken)
   at Microsoft.EntityFrameworkCore.Storage.RelationalCommand.ExecuteReaderAsync(RelationalCommandParameterObject parameterObject, CancellationToken cancellationToken)
   at Microsoft.EntityFrameworkCore.Query.Internal.SingleQueryingEnumerable`1.AsyncEnumerator.InitializeReaderAsync(AsyncEnumerator enumerator, CancellationToken cancellationToken)
   at Microsoft.EntityFrameworkCore.Storage.ExecutionStrategy.<>c__DisplayClass30_0`2.<<ExecuteAsync>b__0>d.MoveNext()
--- End of stack trace from previous location ---
   at Microsoft.EntityFrameworkCore.Storage.ExecutionStrategy.ExecuteImplementationAsync[TState,TResult](Func`4 operation, Func`4 verifySucceeded, TState state, CancellationToken cancellationToken)
   at Microsoft.EntityFrameworkCore.Storage.ExecutionStrategy.ExecuteImplementationAsync[TState,TResult](Func`4 operation, Func`4 verifySucceeded, TState state, CancellationToken cancellationToken)
   at Microsoft.EntityFrameworkCore.Storage.ExecutionStrategy.ExecuteAsync[TState,TResult](TState state, Func`4 operation, Func`4 verifySucceeded, CancellationToken cancellationToken)
   at Microsoft.EntityFrameworkCore.Query.Internal.SingleQueryingEnumerable`1.AsyncEnumerator.MoveNextAsync()
MySqlConnector.MySqlException (0x80004005): Table 'travel_system_dev.Roles' doesn't exist
   at MySqlConnector.Core.ServerSession.ReceiveReplyAsync(IOBehavior ioBehavior, CancellationToken cancellationToken) in /_/src/MySqlConnector/Core/ServerSession.cs:line 894
   at MySqlConnector.Core.ResultSet.ReadResultSetHeaderAsync(IOBehavior ioBehavior) in /_/src/MySqlConnector/Core/ResultSet.cs:line 37
   at MySqlConnector.MySqlDataReader.ActivateResultSet(CancellationToken cancellationToken) in /_/src/MySqlConnector/MySqlDataReader.cs:line 130
   at MySqlConnector.MySqlDataReader.InitAsync(CommandListPosition commandListPosition, ICommandPayloadCreator payloadCreator, IDictionary`2 cachedProcedures, IMySqlCommand command, CommandBehavior behavior, Activity activity, IOBehavior ioBehavior, CancellationToken cancellationToken) in /_/src/MySqlConnector/MySqlDataReader.cs:line 483
   at MySqlConnector.Core.CommandExecutor.ExecuteReaderAsync(CommandListPosition commandListPosition, ICommandPayloadCreator payloadCreator, CommandBehavior behavior, Activity activity, IOBehavior ioBehavior, CancellationToken cancellationToken) in /_/src/MySqlConnector/Core/CommandExecutor.cs:line 56
   at MySqlConnector.MySqlCommand.ExecuteReaderAsync(CommandBehavior behavior, IOBehavior ioBehavior, CancellationToken cancellationToken) in /_/src/MySqlConnector/MySqlCommand.cs:line 357
   at MySqlConnector.MySqlCommand.ExecuteDbDataReaderAsync(CommandBehavior behavior, CancellationToken cancellationToken) in /_/src/MySqlConnector/MySqlCommand.cs:line 350
   at Microsoft.EntityFrameworkCore.Storage.RelationalCommand.ExecuteReaderAsync(RelationalCommandParameterObject parameterObject, CancellationToken cancellationToken)
   at Microsoft.EntityFrameworkCore.Storage.RelationalCommand.ExecuteReaderAsync(RelationalCommandParameterObject parameterObject, CancellationToken cancellationToken)
   at Microsoft.EntityFrameworkCore.Query.Internal.SingleQueryingEnumerable`1.AsyncEnumerator.InitializeReaderAsync(AsyncEnumerator enumerator, CancellationToken cancellationToken)
   at Microsoft.EntityFrameworkCore.Storage.ExecutionStrategy.<>c__DisplayClass30_0`2.<<ExecuteAsync>b__0>d.MoveNext()
--- End of stack trace from previous location ---
   at Microsoft.EntityFrameworkCore.Storage.ExecutionStrategy.ExecuteImplementationAsync[TState,TResult](Func`4 operation, Func`4 verifySucceeded, TState state, CancellationToken cancellationToken)
   at Microsoft.EntityFrameworkCore.Storage.ExecutionStrategy.ExecuteImplementationAsync[TState,TResult](Func`4 operation, Func`4 verifySucceeded, TState state, CancellationToken cancellationToken)
   at Microsoft.EntityFrameworkCore.Storage.ExecutionStrategy.ExecuteAsync[TState,TResult](TState state, Func`4 operation, Func`4 verifySucceeded, CancellationToken cancellationToken)
   at Microsoft.EntityFrameworkCore.Query.Internal.SingleQueryingEnumerable`1.AsyncEnumerator.MoveNextAsync()
2026-05-26 00:48:30.293 +01:00 [INF] Executed DbCommand (43ms) [Parameters=[], CommandType='"Text"', CommandTimeout='30']
SELECT CASE WHEN COUNT(*) = 0 THEN FALSE ELSE TRUE END
FROM information_schema.tables
WHERE table_type = 'BASE TABLE' AND table_schema = 'travel_system_dev'
2026-05-26 00:48:30.389 +01:00 [WRN] Development database schema is incomplete. Recreating database...
2026-05-26 00:48:33.399 +01:00 [INF] Executed DbCommand (2,861ms) [Parameters=[], CommandType='"Text"', CommandTimeout='30']
DROP DATABASE `travel_system_dev`;
2026-05-26 00:48:33.926 +01:00 [INF] Executed DbCommand (132ms) [Parameters=[], CommandType='"Text"', CommandTimeout='30']
CREATE DATABASE `travel_system_dev`;
2026-05-26 00:48:34.258 +01:00 [INF] Executed DbCommand (208ms) [Parameters=[], CommandType='"Text"', CommandTimeout='30']
ALTER DATABASE CHARACTER SET utf8mb4;
2026-05-26 00:48:35.126 +01:00 [INF] Executed DbCommand (867ms) [Parameters=[], CommandType='"Text"', CommandTimeout='30']
CREATE TABLE `Flights` (
    `Id` char(36) COLLATE ascii_general_ci NOT NULL,
    `ExternalId` longtext CHARACTER SET utf8mb4 NOT NULL,
    `Provider` longtext CHARACTER SET utf8mb4 NOT NULL,
    `Airline` varchar(200) CHARACTER SET utf8mb4 NOT NULL,
    `FlightNumber` varchar(20) CHARACTER SET utf8mb4 NOT NULL,
    `OriginCode` varchar(3) CHARACTER SET utf8mb4 NOT NULL,
    `DestinationCode` varchar(3) CHARACTER SET utf8mb4 NOT NULL,
    `OriginCity` longtext CHARACTER SET utf8mb4 NOT NULL,
    `DestinationCity` longtext CHARACTER SET utf8mb4 NOT NULL,
    `DepartureAt` datetime(6) NOT NULL,
    `ArrivalAt` datetime(6) NOT NULL,
    `DurationMinutes` int NOT NULL,
    `Stops` int NOT NULL,
    `CabinClass` longtext CHARACTER SET utf8mb4 NOT NULL,
    `Price` decimal(10,2) NOT NULL,
    `CurrencyCode` varchar(3) CHARACTER SET utf8mb4 NOT NULL,
    `SeatsAvailable` int NOT NULL,
    `CachedAt` datetime(6) NOT NULL,
    CONSTRAINT `PK_Flights` PRIMARY KEY (`Id`)
) CHARACTER SET=utf8mb4;
2026-05-26 00:48:35.656 +01:00 [INF] Executed DbCommand (529ms) [Parameters=[], CommandType='"Text"', CommandTimeout='30']
CREATE TABLE `Hotels` (
    `Id` char(36) COLLATE ascii_general_ci NOT NULL,
    `ExternalId` varchar(100) CHARACTER SET utf8mb4 NOT NULL,
    `Provider` varchar(50) CHARACTER SET utf8mb4 NOT NULL,
    `Name` varchar(300) CHARACTER SET utf8mb4 NOT NULL,
    `Address` varchar(500) CHARACTER SET utf8mb4 NOT NULL,
    `City` varchar(200) CHARACTER SET utf8mb4 NOT NULL,
    `CountryCode` varchar(3) CHARACTER SET utf8mb4 NOT NULL,
    `Latitude` double NOT NULL,
    `Longitude` double NOT NULL,
    `StarRating` int NOT NULL,
    `GuestRating` double NULL,
    `ImageUrl` varchar(500) CHARACTER SET utf8mb4 NULL,
    `Description` longtext CHARACTER SET utf8mb4 NULL,
    `Amenities` longtext CHARACTER SET utf8mb4 NOT NULL,
    `CachedAt` datetime(6) NOT NULL,
    CONSTRAINT `PK_Hotels` PRIMARY KEY (`Id`)
) CHARACTER SET=utf8mb4;
2026-05-26 00:48:36.174 +01:00 [INF] Executed DbCommand (517ms) [Parameters=[], CommandType='"Text"', CommandTimeout='30']
CREATE TABLE `Roles` (
    `Id` char(36) COLLATE ascii_general_ci NOT NULL,
    `Name` varchar(256) CHARACTER SET utf8mb4 NULL,
    `NormalizedName` varchar(256) CHARACTER SET utf8mb4 NULL,
    `ConcurrencyStamp` longtext CHARACTER SET utf8mb4 NULL,
    CONSTRAINT `PK_Roles` PRIMARY KEY (`Id`)
) CHARACTER SET=utf8mb4;
2026-05-26 00:48:36.849 +01:00 [INF] Executed DbCommand (675ms) [Parameters=[], CommandType='"Text"', CommandTimeout='30']
CREATE TABLE `Users` (
    `Id` char(36) COLLATE ascii_general_ci NOT NULL,
    `FirstName` varchar(100) CHARACTER SET utf8mb4 NOT NULL,
    `LastName` varchar(100) CHARACTER SET utf8mb4 NOT NULL,
    `PreferredLanguage` varchar(10) CHARACTER SET utf8mb4 NOT NULL DEFAULT 'pt-AO',
    `AvatarUrl` varchar(500) CHARACTER SET utf8mb4 NULL,
    `IsActive` tinyint(1) NOT NULL,
    `CreatedAt` datetime(6) NOT NULL,
    `LastLoginAt` datetime(6) NULL,
    `PasswordResetToken` longtext CHARACTER SET utf8mb4 NULL,
    `PasswordResetTokenExpiry` datetime(6) NULL,
    `RefreshToken` longtext CHARACTER SET utf8mb4 NULL,
    `RefreshTokenExpiry` datetime(6) NULL,
    `UserName` varchar(256) CHARACTER SET utf8mb4 NULL,
    `NormalizedUserName` varchar(256) CHARACTER SET utf8mb4 NULL,
    `Email` varchar(256) CHARACTER SET utf8mb4 NULL,
    `NormalizedEmail` varchar(256) CHARACTER SET utf8mb4 NULL,
    `EmailConfirmed` tinyint(1) NOT NULL,
    `PasswordHash` longtext CHARACTER SET utf8mb4 NULL,
    `SecurityStamp` longtext CHARACTER SET utf8mb4 NULL,
    `ConcurrencyStamp` longtext CHARACTER SET utf8mb4 NULL,
    `PhoneNumber` longtext CHARACTER SET utf8mb4 NULL,
    `PhoneNumberConfirmed` tinyint(1) NOT NULL,
    `TwoFactorEnabled` tinyint(1) NOT NULL,
    `LockoutEnd` datetime(6) NULL,
    `LockoutEnabled` tinyint(1) NOT NULL,
    `AccessFailedCount` int NOT NULL,
    CONSTRAINT `PK_Users` PRIMARY KEY (`Id`)
) CHARACTER SET=utf8mb4;
2026-05-26 00:48:37.594 +01:00 [INF] Executed DbCommand (744ms) [Parameters=[], CommandType='"Text"', CommandTimeout='30']
CREATE TABLE `HotelRooms` (
    `Id` char(36) COLLATE ascii_general_ci NOT NULL,
    `HotelId` char(36) COLLATE ascii_general_ci NOT NULL,
    `RoomType` varchar(100) CHARACTER SET utf8mb4 NOT NULL,
    `Description` longtext CHARACTER SET utf8mb4 NULL,
    `MaxGuests` int NOT NULL,
    `PricePerNight` decimal(10,2) NOT NULL,
    `CurrencyCode` varchar(3) CHARACTER SET utf8mb4 NOT NULL,
    `IsAvailable` tinyint(1) NOT NULL,
    CONSTRAINT `PK_HotelRooms` PRIMARY KEY (`Id`),
    CONSTRAINT `FK_HotelRooms_Hotels_HotelId` FOREIGN KEY (`HotelId`) REFERENCES `Hotels` (`Id`) ON DELETE CASCADE
) CHARACTER SET=utf8mb4;
2026-05-26 00:48:42.966 +01:00 [INF] Executed DbCommand (5,371ms) [Parameters=[], CommandType='"Text"', CommandTimeout='30']
CREATE TABLE `RoleClaims` (
    `Id` int NOT NULL AUTO_INCREMENT,
    `RoleId` char(36) COLLATE ascii_general_ci NOT NULL,
    `ClaimType` longtext CHARACTER SET utf8mb4 NULL,
    `ClaimValue` longtext CHARACTER SET utf8mb4 NULL,
    CONSTRAINT `PK_RoleClaims` PRIMARY KEY (`Id`),
    CONSTRAINT `FK_RoleClaims_Roles_RoleId` FOREIGN KEY (`RoleId`) REFERENCES `Roles` (`Id`) ON DELETE CASCADE
) CHARACTER SET=utf8mb4;
2026-05-26 00:48:51.364 +01:00 [INF] Executed DbCommand (8,397ms) [Parameters=[], CommandType='"Text"', CommandTimeout='30']
CREATE TABLE `FlightAlerts` (
    `Id` char(36) COLLATE ascii_general_ci NOT NULL,
    `UserId` char(36) COLLATE ascii_general_ci NOT NULL,
    `OriginCode` varchar(3) CHARACTER SET utf8mb4 NOT NULL,
    `DestinationCode` varchar(3) CHARACTER SET utf8mb4 NOT NULL,
    `DepartureFrom` datetime(6) NULL,
    `DepartureTo` datetime(6) NULL,
    `TargetPrice` decimal(10,2) NOT NULL,
    `CurrencyCode` varchar(3) CHARACTER SET utf8mb4 NOT NULL,
    `IsActive` tinyint(1) NOT NULL,
    `LastTriggeredAt` datetime(6) NULL,
    `CreatedAt` datetime(6) NOT NULL,
    CONSTRAINT `PK_FlightAlerts` PRIMARY KEY (`Id`),
    CONSTRAINT `FK_FlightAlerts_Users_UserId` FOREIGN KEY (`UserId`) REFERENCES `Users` (`Id`) ON DELETE CASCADE
) CHARACTER SET=utf8mb4;
2026-05-26 00:49:00.389 +01:00 [INF] Executed DbCommand (9,025ms) [Parameters=[], CommandType='"Text"', CommandTimeout='30']
CREATE TABLE `Itineraries` (
    `Id` char(36) COLLATE ascii_general_ci NOT NULL,
    `UserId` char(36) COLLATE ascii_general_ci NOT NULL,
    `Title` varchar(200) CHARACTER SET utf8mb4 NOT NULL,
    `Description` longtext CHARACTER SET utf8mb4 NULL,
    `Destination` varchar(200) CHARACTER SET utf8mb4 NOT NULL,
    `CountryCode` varchar(3) CHARACTER SET utf8mb4 NULL,
    `Latitude` double NULL,
    `Longitude` double NULL,
    `StartDate` datetime(6) NOT NULL,
    `EndDate` datetime(6) NOT NULL,
    `Budget` decimal(15,2) NULL,
    `CurrencyCode` varchar(3) CHARACTER SET utf8mb4 NULL,
    `Status` int NOT NULL,
    `CreatedAt` datetime(6) NOT NULL,
    `UpdatedAt` datetime(6) NOT NULL,
    CONSTRAINT `PK_Itineraries` PRIMARY KEY (`Id`),
    CONSTRAINT `FK_Itineraries_Users_UserId` FOREIGN KEY (`UserId`) REFERENCES `Users` (`Id`) ON DELETE CASCADE
) CHARACTER SET=utf8mb4;
2026-05-26 00:49:14.237 +01:00 [INF] Executed DbCommand (13,847ms) [Parameters=[], CommandType='"Text"', CommandTimeout='30']
CREATE TABLE `UserClaims` (
    `Id` int NOT NULL AUTO_INCREMENT,
    `UserId` char(36) COLLATE ascii_general_ci NOT NULL,
    `ClaimType` longtext CHARACTER SET utf8mb4 NULL,
    `ClaimValue` longtext CHARACTER SET utf8mb4 NULL,
    CONSTRAINT `PK_UserClaims` PRIMARY KEY (`Id`),
    CONSTRAINT `FK_UserClaims_Users_UserId` FOREIGN KEY (`UserId`) REFERENCES `Users` (`Id`) ON DELETE CASCADE
) CHARACTER SET=utf8mb4;
2026-05-26 00:49:26.080 +01:00 [INF] Executed DbCommand (11,842ms) [Parameters=[], CommandType='"Text"', CommandTimeout='30']
CREATE TABLE `UserLogins` (
    `LoginProvider` varchar(255) CHARACTER SET utf8mb4 NOT NULL,
    `ProviderKey` varchar(255) CHARACTER SET utf8mb4 NOT NULL,
    `ProviderDisplayName` longtext CHARACTER SET utf8mb4 NULL,
    `UserId` char(36) COLLATE ascii_general_ci NOT NULL,
    CONSTRAINT `PK_UserLogins` PRIMARY KEY (`LoginProvider`, `ProviderKey`),
    CONSTRAINT `FK_UserLogins_Users_UserId` FOREIGN KEY (`UserId`) REFERENCES `Users` (`Id`) ON DELETE CASCADE
) CHARACTER SET=utf8mb4;
2026-05-26 00:49:35.882 +01:00 [INF] Executed DbCommand (9,801ms) [Parameters=[], CommandType='"Text"', CommandTimeout='30']
CREATE TABLE `UserRoles` (
    `UserId` char(36) COLLATE ascii_general_ci NOT NULL,
    `RoleId` char(36) COLLATE ascii_general_ci NOT NULL,
    CONSTRAINT `PK_UserRoles` PRIMARY KEY (`UserId`, `RoleId`),
    CONSTRAINT `FK_UserRoles_Roles_RoleId` FOREIGN KEY (`RoleId`) REFERENCES `Roles` (`Id`) ON DELETE CASCADE,
    CONSTRAINT `FK_UserRoles_Users_UserId` FOREIGN KEY (`UserId`) REFERENCES `Users` (`Id`) ON DELETE CASCADE
) CHARACTER SET=utf8mb4;
2026-05-26 00:49:44.743 +01:00 [INF] Executed DbCommand (8,860ms) [Parameters=[], CommandType='"Text"', CommandTimeout='30']
CREATE TABLE `UserTokens` (
    `UserId` char(36) COLLATE ascii_general_ci NOT NULL,
    `LoginProvider` varchar(255) CHARACTER SET utf8mb4 NOT NULL,
    `Name` varchar(255) CHARACTER SET utf8mb4 NOT NULL,
    `Value` longtext CHARACTER SET utf8mb4 NULL,
    CONSTRAINT `PK_UserTokens` PRIMARY KEY (`UserId`, `LoginProvider`, `Name`),
    CONSTRAINT `FK_UserTokens_Users_UserId` FOREIGN KEY (`UserId`) REFERENCES `Users` (`Id`) ON DELETE CASCADE
) CHARACTER SET=utf8mb4;
2026-05-26 00:50:06.658 +01:00 [INF] Executed DbCommand (21,914ms) [Parameters=[], CommandType='"Text"', CommandTimeout='30']
CREATE TABLE `Bookings` (
    `Id` char(36) COLLATE ascii_general_ci NOT NULL,
    `UserId` char(36) COLLATE ascii_general_ci NOT NULL,
    `HotelId` char(36) COLLATE ascii_general_ci NULL,
    `HotelRoomId` char(36) COLLATE ascii_general_ci NULL,
    `FlightId` char(36) COLLATE ascii_general_ci NULL,
    `Type` int NOT NULL,
    `Status` int NOT NULL,
    `CheckIn` datetime(6) NOT NULL,
    `CheckOut` datetime(6) NOT NULL,
    `Guests` int NOT NULL,
    `TotalPrice` decimal(10,2) NOT NULL,
    `CurrencyCode` varchar(3) CHARACTER SET utf8mb4 NOT NULL,
    `ConfirmationNumber` varchar(100) CHARACTER SET utf8mb4 NULL,
    `ProviderReference` longtext CHARACTER SET utf8mb4 NULL,
    `Notes` longtext CHARACTER SET utf8mb4 NULL,
    `CreatedAt` datetime(6) NOT NULL,
    `UpdatedAt` datetime(6) NOT NULL,
    CONSTRAINT `PK_Bookings` PRIMARY KEY (`Id`),
    CONSTRAINT `FK_Bookings_Flights_FlightId` FOREIGN KEY (`FlightId`) REFERENCES `Flights` (`Id`) ON DELETE SET NULL,
    CONSTRAINT `FK_Bookings_HotelRooms_HotelRoomId` FOREIGN KEY (`HotelRoomId`) REFERENCES `HotelRooms` (`Id`),
    CONSTRAINT `FK_Bookings_Hotels_HotelId` FOREIGN KEY (`HotelId`) REFERENCES `Hotels` (`Id`) ON DELETE SET NULL,
    CONSTRAINT `FK_Bookings_Users_UserId` FOREIGN KEY (`UserId`) REFERENCES `Users` (`Id`) ON DELETE CASCADE
) CHARACTER SET=utf8mb4;
2026-05-26 00:50:15.296 +01:00 [INF] Executed DbCommand (8,637ms) [Parameters=[], CommandType='"Text"', CommandTimeout='30']
CREATE TABLE `AiChatMessages` (
    `Id` char(36) COLLATE ascii_general_ci NOT NULL,
    `ItineraryId` char(36) COLLATE ascii_general_ci NOT NULL,
    `Role` varchar(20) CHARACTER SET utf8mb4 NOT NULL,
    `Content` TEXT CHARACTER SET utf8mb4 NOT NULL,
    `CreatedAt` datetime(6) NOT NULL,
    CONSTRAINT `PK_AiChatMessages` PRIMARY KEY (`Id`),
    CONSTRAINT `FK_AiChatMessages_Itineraries_ItineraryId` FOREIGN KEY (`ItineraryId`) REFERENCES `Itineraries` (`Id`) ON DELETE CASCADE
) CHARACTER SET=utf8mb4;
2026-05-26 00:50:26.308 +01:00 [INF] Executed DbCommand (11,011ms) [Parameters=[], CommandType='"Text"', CommandTimeout='30']
CREATE TABLE `ItineraryAttractions` (
    `Id` char(36) COLLATE ascii_general_ci NOT NULL,
    `ItineraryId` char(36) COLLATE ascii_general_ci NOT NULL,
    `PlaceId` varchar(200) CHARACTER SET utf8mb4 NOT NULL,
    `Name` varchar(200) CHARACTER SET utf8mb4 NOT NULL,
    `Category` longtext CHARACTER SET utf8mb4 NULL,
    `Latitude` double NOT NULL,
    `Longitude` double NOT NULL,
    `ImageUrl` varchar(500) CHARACTER SET utf8mb4 NULL,
    `Rating` double NULL,
    `IsVisited` tinyint(1) NOT NULL,
    CONSTRAINT `PK_ItineraryAttractions` PRIMARY KEY (`Id`),
    CONSTRAINT `FK_ItineraryAttractions_Itineraries_ItineraryId` FOREIGN KEY (`ItineraryId`) REFERENCES `Itineraries` (`Id`) ON DELETE CASCADE
) CHARACTER SET=utf8mb4;
2026-05-26 00:50:37.696 +01:00 [INF] Executed DbCommand (11,387ms) [Parameters=[], CommandType='"Text"', CommandTimeout='30']
CREATE TABLE `ItineraryExpenses` (
    `Id` char(36) COLLATE ascii_general_ci NOT NULL,
    `ItineraryId` char(36) COLLATE ascii_general_ci NOT NULL,
    `Category` varchar(100) CHARACTER SET utf8mb4 NOT NULL,
    `Description` longtext CHARACTER SET utf8mb4 NOT NULL,
    `Amount` decimal(15,2) NOT NULL,
    `CurrencyCode` varchar(3) CHARACTER SET utf8mb4 NOT NULL,
    `Date` datetime(6) NOT NULL,
    CONSTRAINT `PK_ItineraryExpenses` PRIMARY KEY (`Id`),
    CONSTRAINT `FK_ItineraryExpenses_Itineraries_ItineraryId` FOREIGN KEY (`ItineraryId`) REFERENCES `Itineraries` (`Id`) ON DELETE CASCADE
) CHARACTER SET=utf8mb4;
2026-05-26 00:50:47.258 +01:00 [INF] Executed DbCommand (9,562ms) [Parameters=[], CommandType='"Text"', CommandTimeout='30']
CREATE TABLE `ItineraryStops` (
    `Id` char(36) COLLATE ascii_general_ci NOT NULL,
    `ItineraryId` char(36) COLLATE ascii_general_ci NOT NULL,
    `Name` varchar(200) CHARACTER SET utf8mb4 NOT NULL,
    `Address` varchar(500) CHARACTER SET utf8mb4 NULL,
    `Latitude` double NOT NULL,
    `Longitude` double NOT NULL,
    `DayNumber` int NOT NULL,
    `OrderIndex` int NOT NULL,
    `Notes` longtext CHARACTER SET utf8mb4 NULL,
    `Category` int NOT NULL,
    `VisitTime` datetime(6) NULL,
    `DurationMinutes` int NULL,
    CONSTRAINT `PK_ItineraryStops` PRIMARY KEY (`Id`),
    CONSTRAINT `FK_ItineraryStops_Itineraries_ItineraryId` FOREIGN KEY (`ItineraryId`) REFERENCES `Itineraries` (`Id`) ON DELETE CASCADE
) CHARACTER SET=utf8mb4;
2026-05-26 00:50:55.358 +01:00 [INF] Executed DbCommand (8,099ms) [Parameters=[], CommandType='"Text"', CommandTimeout='30']
CREATE INDEX `IX_AiChatMessages_ItineraryId` ON `AiChatMessages` (`ItineraryId`);
2026-05-26 00:51:05.206 +01:00 [INF] Executed DbCommand (9,847ms) [Parameters=[], CommandType='"Text"', CommandTimeout='30']
CREATE INDEX `IX_Bookings_FlightId` ON `Bookings` (`FlightId`);
2026-05-26 00:51:16.999 +01:00 [INF] Executed DbCommand (11,792ms) [Parameters=[], CommandType='"Text"', CommandTimeout='30']
CREATE INDEX `IX_Bookings_HotelId` ON `Bookings` (`HotelId`);
2026-05-26 00:51:24.016 +01:00 [INF] Executed DbCommand (7,017ms) [Parameters=[], CommandType='"Text"', CommandTimeout='30']
CREATE INDEX `IX_Bookings_HotelRoomId` ON `Bookings` (`HotelRoomId`);
2026-05-26 00:51:34.736 +01:00 [INF] Executed DbCommand (10,719ms) [Parameters=[], CommandType='"Text"', CommandTimeout='30']
CREATE INDEX `IX_Bookings_UserId` ON `Bookings` (`UserId`);
2026-05-26 00:51:45.830 +01:00 [INF] Executed DbCommand (11,093ms) [Parameters=[], CommandType='"Text"', CommandTimeout='30']
CREATE INDEX `IX_FlightAlerts_UserId` ON `FlightAlerts` (`UserId`);
2026-05-26 00:51:59.537 +01:00 [INF] Executed DbCommand (13,706ms) [Parameters=[], CommandType='"Text"', CommandTimeout='30']
CREATE INDEX `IX_HotelRooms_HotelId` ON `HotelRooms` (`HotelId`);
2026-05-26 00:52:09.427 +01:00 [INF] Executed DbCommand (9,889ms) [Parameters=[], CommandType='"Text"', CommandTimeout='30']
CREATE INDEX `IX_Itineraries_UserId` ON `Itineraries` (`UserId`);
2026-05-26 00:52:22.871 +01:00 [INF] Executed DbCommand (13,444ms) [Parameters=[], CommandType='"Text"', CommandTimeout='30']
CREATE INDEX `IX_ItineraryAttractions_ItineraryId` ON `ItineraryAttractions` (`ItineraryId`);
2026-05-26 00:52:32.153 +01:00 [INF] Executed DbCommand (9,281ms) [Parameters=[], CommandType='"Text"', CommandTimeout='30']
CREATE INDEX `IX_ItineraryExpenses_ItineraryId` ON `ItineraryExpenses` (`ItineraryId`);
2026-05-26 00:52:45.303 +01:00 [INF] Executed DbCommand (13,148ms) [Parameters=[], CommandType='"Text"', CommandTimeout='30']
CREATE INDEX `IX_ItineraryStops_ItineraryId_DayNumber_OrderIndex` ON `ItineraryStops` (`ItineraryId`, `DayNumber`, `OrderIndex`);
2026-05-26 00:52:53.833 +01:00 [INF] Executed DbCommand (8,529ms) [Parameters=[], CommandType='"Text"', CommandTimeout='30']
CREATE INDEX `IX_RoleClaims_RoleId` ON `RoleClaims` (`RoleId`);
2026-05-26 00:53:06.787 +01:00 [INF] Executed DbCommand (12,953ms) [Parameters=[], CommandType='"Text"', CommandTimeout='30']
CREATE UNIQUE INDEX `RoleNameIndex` ON `Roles` (`NormalizedName`);
2026-05-26 00:53:15.663 +01:00 [INF] Executed DbCommand (8,876ms) [Parameters=[], CommandType='"Text"', CommandTimeout='30']
CREATE INDEX `IX_UserClaims_UserId` ON `UserClaims` (`UserId`);
2026-05-26 00:53:24.196 +01:00 [INF] Executed DbCommand (8,533ms) [Parameters=[], CommandType='"Text"', CommandTimeout='30']
CREATE INDEX `IX_UserLogins_UserId` ON `UserLogins` (`UserId`);
2026-05-26 00:53:35.158 +01:00 [INF] Executed DbCommand (10,961ms) [Parameters=[], CommandType='"Text"', CommandTimeout='30']
CREATE INDEX `IX_UserRoles_RoleId` ON `UserRoles` (`RoleId`);
2026-05-26 00:53:43.137 +01:00 [INF] Executed DbCommand (7,978ms) [Parameters=[], CommandType='"Text"', CommandTimeout='30']
CREATE INDEX `EmailIndex` ON `Users` (`NormalizedEmail`);
2026-05-26 00:53:50.336 +01:00 [INF] Executed DbCommand (7,050ms) [Parameters=[], CommandType='"Text"', CommandTimeout='30']
CREATE UNIQUE INDEX `UserNameIndex` ON `Users` (`NormalizedUserName`);
2026-05-26 00:53:50.775 +01:00 [INF] Executed DbCommand (3ms) [Parameters=[@__normalizedName_0='?' (Size = 256)], CommandType='"Text"', CommandTimeout='30']
SELECT `r`.`Id`, `r`.`ConcurrencyStamp`, `r`.`Name`, `r`.`NormalizedName`
FROM `Roles` AS `r`
WHERE `r`.`NormalizedName` = @__normalizedName_0
LIMIT 1
2026-05-26 00:53:50.799 +01:00 [INF] Executed DbCommand (1ms) [Parameters=[@__normalizedName_0='?' (Size = 256)], CommandType='"Text"', CommandTimeout='30']
SELECT `r`.`Id`, `r`.`ConcurrencyStamp`, `r`.`Name`, `r`.`NormalizedName`
FROM `Roles` AS `r`
WHERE `r`.`NormalizedName` = @__normalizedName_0
LIMIT 1
2026-05-26 00:53:52.932 +01:00 [INF] Executed DbCommand (2,018ms) [Parameters=[@p0='?' (DbType = Guid), @p1='?' (Size = 4000), @p2='?' (Size = 256), @p3='?' (Size = 256)], CommandType='"Text"', CommandTimeout='30']
SET AUTOCOMMIT = 1;
INSERT INTO `Roles` (`Id`, `ConcurrencyStamp`, `Name`, `NormalizedName`)
VALUES (@p0, @p1, @p2, @p3);
2026-05-26 00:53:52.951 +01:00 [INF] Executed DbCommand (1ms) [Parameters=[@__normalizedName_0='?' (Size = 256)], CommandType='"Text"', CommandTimeout='30']
SELECT `r`.`Id`, `r`.`ConcurrencyStamp`, `r`.`Name`, `r`.`NormalizedName`
FROM `Roles` AS `r`
WHERE `r`.`NormalizedName` = @__normalizedName_0
LIMIT 1
2026-05-26 00:53:52.952 +01:00 [INF] Executed DbCommand (0ms) [Parameters=[@__normalizedName_0='?' (Size = 256)], CommandType='"Text"', CommandTimeout='30']
SELECT `r`.`Id`, `r`.`ConcurrencyStamp`, `r`.`Name`, `r`.`NormalizedName`
FROM `Roles` AS `r`
WHERE `r`.`NormalizedName` = @__normalizedName_0
LIMIT 1
2026-05-26 00:53:54.402 +01:00 [INF] Executed DbCommand (1,446ms) [Parameters=[@p0='?' (DbType = Guid), @p1='?' (Size = 4000), @p2='?' (Size = 256), @p3='?' (Size = 256)], CommandType='"Text"', CommandTimeout='30']
SET AUTOCOMMIT = 1;
INSERT INTO `Roles` (`Id`, `ConcurrencyStamp`, `Name`, `NormalizedName`)
VALUES (@p0, @p1, @p2, @p3);
2026-05-26 00:53:54.404 +01:00 [INF] Executed DbCommand (1ms) [Parameters=[@__normalizedName_0='?' (Size = 256)], CommandType='"Text"', CommandTimeout='30']
SELECT `r`.`Id`, `r`.`ConcurrencyStamp`, `r`.`Name`, `r`.`NormalizedName`
FROM `Roles` AS `r`
WHERE `r`.`NormalizedName` = @__normalizedName_0
LIMIT 1
2026-05-26 00:53:54.407 +01:00 [INF] Executed DbCommand (1ms) [Parameters=[@__normalizedName_0='?' (Size = 256)], CommandType='"Text"', CommandTimeout='30']
SELECT `r`.`Id`, `r`.`ConcurrencyStamp`, `r`.`Name`, `r`.`NormalizedName`
FROM `Roles` AS `r`
WHERE `r`.`NormalizedName` = @__normalizedName_0
LIMIT 1
2026-05-26 00:53:55.450 +01:00 [INF] Executed DbCommand (1,042ms) [Parameters=[@p0='?' (DbType = Guid), @p1='?' (Size = 4000), @p2='?' (Size = 256), @p3='?' (Size = 256)], CommandType='"Text"', CommandTimeout='30']
SET AUTOCOMMIT = 1;
INSERT INTO `Roles` (`Id`, `ConcurrencyStamp`, `Name`, `NormalizedName`)
VALUES (@p0, @p1, @p2, @p3);
2026-05-26 00:53:55.475 +01:00 [INF] Executed DbCommand (1ms) [Parameters=[@__normalizedEmail_0='?' (Size = 256)], CommandType='"Text"', CommandTimeout='30']
SELECT `u`.`Id`, `u`.`AccessFailedCount`, `u`.`AvatarUrl`, `u`.`ConcurrencyStamp`, `u`.`CreatedAt`, `u`.`Email`, `u`.`EmailConfirmed`, `u`.`FirstName`, `u`.`IsActive`, `u`.`LastLoginAt`, `u`.`LastName`, `u`.`LockoutEnabled`, `u`.`LockoutEnd`, `u`.`NormalizedEmail`, `u`.`NormalizedUserName`, `u`.`PasswordHash`, `u`.`PasswordResetToken`, `u`.`PasswordResetTokenExpiry`, `u`.`PhoneNumber`, `u`.`PhoneNumberConfirmed`, `u`.`PreferredLanguage`, `u`.`RefreshToken`, `u`.`RefreshTokenExpiry`, `u`.`SecurityStamp`, `u`.`TwoFactorEnabled`, `u`.`UserName`
FROM `Users` AS `u`
WHERE `u`.`NormalizedEmail` = @__normalizedEmail_0
LIMIT 2
2026-05-26 00:53:55.973 +01:00 [INF] Executed DbCommand (1ms) [Parameters=[@__normalizedUserName_0='?' (Size = 256)], CommandType='"Text"', CommandTimeout='30']
SELECT `u`.`Id`, `u`.`AccessFailedCount`, `u`.`AvatarUrl`, `u`.`ConcurrencyStamp`, `u`.`CreatedAt`, `u`.`Email`, `u`.`EmailConfirmed`, `u`.`FirstName`, `u`.`IsActive`, `u`.`LastLoginAt`, `u`.`LastName`, `u`.`LockoutEnabled`, `u`.`LockoutEnd`, `u`.`NormalizedEmail`, `u`.`NormalizedUserName`, `u`.`PasswordHash`, `u`.`PasswordResetToken`, `u`.`PasswordResetTokenExpiry`, `u`.`PhoneNumber`, `u`.`PhoneNumberConfirmed`, `u`.`PreferredLanguage`, `u`.`RefreshToken`, `u`.`RefreshTokenExpiry`, `u`.`SecurityStamp`, `u`.`TwoFactorEnabled`, `u`.`UserName`
FROM `Users` AS `u`
WHERE `u`.`NormalizedUserName` = @__normalizedUserName_0
LIMIT 1
2026-05-26 00:53:56.308 +01:00 [INF] Executed DbCommand (330ms) [Parameters=[@__normalizedEmail_0='?' (Size = 256)], CommandType='"Text"', CommandTimeout='30']
SELECT `u`.`Id`, `u`.`AccessFailedCount`, `u`.`AvatarUrl`, `u`.`ConcurrencyStamp`, `u`.`CreatedAt`, `u`.`Email`, `u`.`EmailConfirmed`, `u`.`FirstName`, `u`.`IsActive`, `u`.`LastLoginAt`, `u`.`LastName`, `u`.`LockoutEnabled`, `u`.`LockoutEnd`, `u`.`NormalizedEmail`, `u`.`NormalizedUserName`, `u`.`PasswordHash`, `u`.`PasswordResetToken`, `u`.`PasswordResetTokenExpiry`, `u`.`PhoneNumber`, `u`.`PhoneNumberConfirmed`, `u`.`PreferredLanguage`, `u`.`RefreshToken`, `u`.`RefreshTokenExpiry`, `u`.`SecurityStamp`, `u`.`TwoFactorEnabled`, `u`.`UserName`
FROM `Users` AS `u`
WHERE `u`.`NormalizedEmail` = @__normalizedEmail_0
LIMIT 2
2026-05-26 00:53:58.157 +01:00 [INF] Executed DbCommand (1,763ms) [Parameters=[@p0='?' (DbType = Guid), @p1='?' (DbType = Int32), @p2='?' (Size = 500), @p3='?' (Size = 4000), @p4='?' (DbType = DateTime), @p5='?' (Size = 256), @p6='?' (DbType = Boolean), @p7='?' (Size = 100), @p8='?' (DbType = Boolean), @p9='?' (DbType = DateTime), @p10='?' (Size = 100), @p11='?' (DbType = Boolean), @p12='?' (DbType = DateTimeOffset), @p13='?' (Size = 256), @p14='?' (Size = 256), @p15='?' (Size = 4000), @p16='?' (Size = 4000), @p17='?' (DbType = DateTime), @p18='?' (Size = 4000), @p19='?' (DbType = Boolean), @p20='?' (Size = 10), @p21='?' (Size = 4000), @p22='?' (DbType = DateTime), @p23='?' (Size = 4000), @p24='?' (DbType = Boolean), @p25='?' (Size = 256)], CommandType='"Text"', CommandTimeout='30']
SET AUTOCOMMIT = 1;
INSERT INTO `Users` (`Id`, `AccessFailedCount`, `AvatarUrl`, `ConcurrencyStamp`, `CreatedAt`, `Email`, `EmailConfirmed`, `FirstName`, `IsActive`, `LastLoginAt`, `LastName`, `LockoutEnabled`, `LockoutEnd`, `NormalizedEmail`, `NormalizedUserName`, `PasswordHash`, `PasswordResetToken`, `PasswordResetTokenExpiry`, `PhoneNumber`, `PhoneNumberConfirmed`, `PreferredLanguage`, `RefreshToken`, `RefreshTokenExpiry`, `SecurityStamp`, `TwoFactorEnabled`, `UserName`)
VALUES (@p0, @p1, @p2, @p3, @p4, @p5, @p6, @p7, @p8, @p9, @p10, @p11, @p12, @p13, @p14, @p15, @p16, @p17, @p18, @p19, @p20, @p21, @p22, @p23, @p24, @p25);
2026-05-26 00:53:58.348 +01:00 [INF] Executed DbCommand (176ms) [Parameters=[@__normalizedRoleName_0='?' (Size = 256)], CommandType='"Text"', CommandTimeout='30']
SELECT `r`.`Id`, `r`.`ConcurrencyStamp`, `r`.`Name`, `r`.`NormalizedName`
FROM `Roles` AS `r`
WHERE `r`.`NormalizedName` = @__normalizedRoleName_0
LIMIT 2
2026-05-26 00:53:58.398 +01:00 [INF] Executed DbCommand (1ms) [Parameters=[@__get_Item_0='?' (DbType = Guid), @__get_Item_1='?' (DbType = Guid)], CommandType='"Text"', CommandTimeout='30']
SELECT `u`.`UserId`, `u`.`RoleId`
FROM `UserRoles` AS `u`
WHERE (`u`.`UserId` = @__get_Item_0) AND (`u`.`RoleId` = @__get_Item_1)
LIMIT 1
2026-05-26 00:53:58.470 +01:00 [INF] Executed DbCommand (69ms) [Parameters=[@__normalizedRoleName_0='?' (Size = 256)], CommandType='"Text"', CommandTimeout='30']
SELECT `r`.`Id`, `r`.`ConcurrencyStamp`, `r`.`Name`, `r`.`NormalizedName`
FROM `Roles` AS `r`
WHERE `r`.`NormalizedName` = @__normalizedRoleName_0
LIMIT 2
2026-05-26 00:53:58.491 +01:00 [INF] Executed DbCommand (1ms) [Parameters=[@__normalizedUserName_0='?' (Size = 256)], CommandType='"Text"', CommandTimeout='30']
SELECT `u`.`Id`, `u`.`AccessFailedCount`, `u`.`AvatarUrl`, `u`.`ConcurrencyStamp`, `u`.`CreatedAt`, `u`.`Email`, `u`.`EmailConfirmed`, `u`.`FirstName`, `u`.`IsActive`, `u`.`LastLoginAt`, `u`.`LastName`, `u`.`LockoutEnabled`, `u`.`LockoutEnd`, `u`.`NormalizedEmail`, `u`.`NormalizedUserName`, `u`.`PasswordHash`, `u`.`PasswordResetToken`, `u`.`PasswordResetTokenExpiry`, `u`.`PhoneNumber`, `u`.`PhoneNumberConfirmed`, `u`.`PreferredLanguage`, `u`.`RefreshToken`, `u`.`RefreshTokenExpiry`, `u`.`SecurityStamp`, `u`.`TwoFactorEnabled`, `u`.`UserName`
FROM `Users` AS `u`
WHERE `u`.`NormalizedUserName` = @__normalizedUserName_0
LIMIT 1
2026-05-26 00:53:58.498 +01:00 [INF] Executed DbCommand (1ms) [Parameters=[@__normalizedEmail_0='?' (Size = 256)], CommandType='"Text"', CommandTimeout='30']
SELECT `u`.`Id`, `u`.`AccessFailedCount`, `u`.`AvatarUrl`, `u`.`ConcurrencyStamp`, `u`.`CreatedAt`, `u`.`Email`, `u`.`EmailConfirmed`, `u`.`FirstName`, `u`.`IsActive`, `u`.`LastLoginAt`, `u`.`LastName`, `u`.`LockoutEnabled`, `u`.`LockoutEnd`, `u`.`NormalizedEmail`, `u`.`NormalizedUserName`, `u`.`PasswordHash`, `u`.`PasswordResetToken`, `u`.`PasswordResetTokenExpiry`, `u`.`PhoneNumber`, `u`.`PhoneNumberConfirmed`, `u`.`PreferredLanguage`, `u`.`RefreshToken`, `u`.`RefreshTokenExpiry`, `u`.`SecurityStamp`, `u`.`TwoFactorEnabled`, `u`.`UserName`
FROM `Users` AS `u`
WHERE `u`.`NormalizedEmail` = @__normalizedEmail_0
LIMIT 2
2026-05-26 00:53:59.200 +01:00 [INF] Executed DbCommand (682ms) [Parameters=[@p0='?' (DbType = Guid), @p1='?' (DbType = Guid), @p27='?' (DbType = Guid), @p2='?' (DbType = Int32), @p3='?' (Size = 500), @p4='?' (Size = 4000), @p28='?' (Size = 4000), @p5='?' (DbType = DateTime), @p6='?' (Size = 256), @p7='?' (DbType = Boolean), @p8='?' (Size = 100), @p9='?' (DbType = Boolean), @p10='?' (DbType = DateTime), @p11='?' (Size = 100), @p12='?' (DbType = Boolean), @p13='?' (DbType = DateTimeOffset), @p14='?' (Size = 256), @p15='?' (Size = 256), @p16='?' (Size = 4000), @p17='?' (Size = 4000), @p18='?' (DbType = DateTime), @p19='?' (Size = 4000), @p20='?' (DbType = Boolean), @p21='?' (Size = 10), @p22='?' (Size = 4000), @p23='?' (DbType = DateTime), @p24='?' (Size = 4000), @p25='?' (DbType = Boolean), @p26='?' (Size = 256)], CommandType='"Text"', CommandTimeout='30']
INSERT INTO `UserRoles` (`RoleId`, `UserId`)
VALUES (@p0, @p1);
UPDATE `Users` SET `AccessFailedCount` = @p2, `AvatarUrl` = @p3, `ConcurrencyStamp` = @p4, `CreatedAt` = @p5, `Email` = @p6, `EmailConfirmed` = @p7, `FirstName` = @p8, `IsActive` = @p9, `LastLoginAt` = @p10, `LastName` = @p11, `LockoutEnabled` = @p12, `LockoutEnd` = @p13, `NormalizedEmail` = @p14, `NormalizedUserName` = @p15, `PasswordHash` = @p16, `PasswordResetToken` = @p17, `PasswordResetTokenExpiry` = @p18, `PhoneNumber` = @p19, `PhoneNumberConfirmed` = @p20, `PreferredLanguage` = @p21, `RefreshToken` = @p22, `RefreshTokenExpiry` = @p23, `SecurityStamp` = @p24, `TwoFactorEnabled` = @p25, `UserName` = @p26
WHERE `Id` = @p27 AND `ConcurrencyStamp` = @p28;
SELECT ROW_COUNT();
2026-05-26 00:54:05.657 +01:00 [WRN] No XML encryptor configured. Key {0f4f1de5-dba4-46de-90a4-2d2e4a20a2a2} may be persisted to storage in unencrypted form.
2026-05-26 00:54:05.855 +01:00 [INF] Flight Alert Background Service started.
2026-05-26 00:54:05.858 +01:00 [INF] Checking flight price alerts at "2026-05-25T23:54:05.8574473Z"
2026-05-26 00:54:09.778 +01:00 [INF] Executed DbCommand (669ms) [Parameters=[], CommandType='"Text"', CommandTimeout='30']
SELECT `f`.`Id`, `f`.`CreatedAt`, `f`.`CurrencyCode`, `f`.`DepartureFrom`, `f`.`DepartureTo`, `f`.`DestinationCode`, `f`.`IsActive`, `f`.`LastTriggeredAt`, `f`.`OriginCode`, `f`.`TargetPrice`, `f`.`UserId`, `u`.`Id`, `u`.`AccessFailedCount`, `u`.`AvatarUrl`, `u`.`ConcurrencyStamp`, `u`.`CreatedAt`, `u`.`Email`, `u`.`EmailConfirmed`, `u`.`FirstName`, `u`.`IsActive`, `u`.`LastLoginAt`, `u`.`LastName`, `u`.`LockoutEnabled`, `u`.`LockoutEnd`, `u`.`NormalizedEmail`, `u`.`NormalizedUserName`, `u`.`PasswordHash`, `u`.`PasswordResetToken`, `u`.`PasswordResetTokenExpiry`, `u`.`PhoneNumber`, `u`.`PhoneNumberConfirmed`, `u`.`PreferredLanguage`, `u`.`RefreshToken`, `u`.`RefreshTokenExpiry`, `u`.`SecurityStamp`, `u`.`TwoFactorEnabled`, `u`.`UserName`
FROM `FlightAlerts` AS `f`
INNER JOIN `Users` AS `u` ON `f`.`UserId` = `u`.`Id`
WHERE `f`.`IsActive`
2026-05-26 00:54:09.780 +01:00 [INF] Flight alert check completed.
2026-05-26 00:54:11.782 +01:00 [WRN] The ASP.NET Core developer certificate is not trusted. For information about trusting the ASP.NET Core developer certificate, see https://aka.ms/aspnet/https-trust-dev-cert.
2026-05-26 01:17:38.623 +01:00 [INF] Executed DbCommand (46ms) [Parameters=[], CommandType='"Text"', CommandTimeout='30']
SELECT CASE WHEN COUNT(*) = 0 THEN FALSE ELSE TRUE END
FROM information_schema.tables
WHERE table_type = 'BASE TABLE' AND table_schema = 'travel_system_dev'
2026-05-26 01:17:39.144 +01:00 [INF] Executed DbCommand (6ms) [Parameters=[@__normalizedName_0='?' (Size = 256)], CommandType='"Text"', CommandTimeout='30']
SELECT `r`.`Id`, `r`.`ConcurrencyStamp`, `r`.`Name`, `r`.`NormalizedName`
FROM `Roles` AS `r`
WHERE `r`.`NormalizedName` = @__normalizedName_0
LIMIT 1
2026-05-26 01:17:39.251 +01:00 [INF] Executed DbCommand (1ms) [Parameters=[@__normalizedName_0='?' (Size = 256)], CommandType='"Text"', CommandTimeout='30']
SELECT `r`.`Id`, `r`.`ConcurrencyStamp`, `r`.`Name`, `r`.`NormalizedName`
FROM `Roles` AS `r`
WHERE `r`.`NormalizedName` = @__normalizedName_0
LIMIT 1
2026-05-26 01:17:39.255 +01:00 [INF] Executed DbCommand (1ms) [Parameters=[@__normalizedName_0='?' (Size = 256)], CommandType='"Text"', CommandTimeout='30']
SELECT `r`.`Id`, `r`.`ConcurrencyStamp`, `r`.`Name`, `r`.`NormalizedName`
FROM `Roles` AS `r`
WHERE `r`.`NormalizedName` = @__normalizedName_0
LIMIT 1
2026-05-26 01:17:39.291 +01:00 [INF] Executed DbCommand (2ms) [Parameters=[@__normalizedEmail_0='?' (Size = 256)], CommandType='"Text"', CommandTimeout='30']
SELECT `u`.`Id`, `u`.`AccessFailedCount`, `u`.`AvatarUrl`, `u`.`ConcurrencyStamp`, `u`.`CreatedAt`, `u`.`Email`, `u`.`EmailConfirmed`, `u`.`FirstName`, `u`.`IsActive`, `u`.`LastLoginAt`, `u`.`LastName`, `u`.`LockoutEnabled`, `u`.`LockoutEnd`, `u`.`NormalizedEmail`, `u`.`NormalizedUserName`, `u`.`PasswordHash`, `u`.`PasswordResetToken`, `u`.`PasswordResetTokenExpiry`, `u`.`PhoneNumber`, `u`.`PhoneNumberConfirmed`, `u`.`PreferredLanguage`, `u`.`RefreshToken`, `u`.`RefreshTokenExpiry`, `u`.`SecurityStamp`, `u`.`TwoFactorEnabled`, `u`.`UserName`
FROM `Users` AS `u`
WHERE `u`.`NormalizedEmail` = @__normalizedEmail_0
LIMIT 2
2026-05-26 01:17:39.625 +01:00 [INF] Flight Alert Background Service started.
2026-05-26 01:17:39.628 +01:00 [INF] Checking flight price alerts at "2026-05-26T00:17:39.6275335Z"
2026-05-26 01:17:39.773 +01:00 [INF] Executed DbCommand (1ms) [Parameters=[], CommandType='"Text"', CommandTimeout='30']
SELECT `f`.`Id`, `f`.`CreatedAt`, `f`.`CurrencyCode`, `f`.`DepartureFrom`, `f`.`DepartureTo`, `f`.`DestinationCode`, `f`.`IsActive`, `f`.`LastTriggeredAt`, `f`.`OriginCode`, `f`.`TargetPrice`, `f`.`UserId`, `u`.`Id`, `u`.`AccessFailedCount`, `u`.`AvatarUrl`, `u`.`ConcurrencyStamp`, `u`.`CreatedAt`, `u`.`Email`, `u`.`EmailConfirmed`, `u`.`FirstName`, `u`.`IsActive`, `u`.`LastLoginAt`, `u`.`LastName`, `u`.`LockoutEnabled`, `u`.`LockoutEnd`, `u`.`NormalizedEmail`, `u`.`NormalizedUserName`, `u`.`PasswordHash`, `u`.`PasswordResetToken`, `u`.`PasswordResetTokenExpiry`, `u`.`PhoneNumber`, `u`.`PhoneNumberConfirmed`, `u`.`PreferredLanguage`, `u`.`RefreshToken`, `u`.`RefreshTokenExpiry`, `u`.`SecurityStamp`, `u`.`TwoFactorEnabled`, `u`.`UserName`
FROM `FlightAlerts` AS `f`
INNER JOIN `Users` AS `u` ON `f`.`UserId` = `u`.`Id`
WHERE `f`.`IsActive`
2026-05-26 01:17:39.775 +01:00 [INF] Flight alert check completed.
2026-05-26 01:17:40.087 +01:00 [WRN] The ASP.NET Core developer certificate is not trusted. For information about trusting the ASP.NET Core developer certificate, see https://aka.ms/aspnet/https-trust-dev-cert.
2026-05-26 01:32:49.579 +01:00 [INF] Executed DbCommand (22ms) [Parameters=[], CommandType='"Text"', CommandTimeout='30']
SELECT CASE WHEN COUNT(*) = 0 THEN FALSE ELSE TRUE END
FROM information_schema.tables
WHERE table_type = 'BASE TABLE' AND table_schema = 'travel_system_dev'
2026-05-26 01:32:49.950 +01:00 [INF] Executed DbCommand (4ms) [Parameters=[@__normalizedName_0='?' (Size = 256)], CommandType='"Text"', CommandTimeout='30']
SELECT `r`.`Id`, `r`.`ConcurrencyStamp`, `r`.`Name`, `r`.`NormalizedName`
FROM `Roles` AS `r`
WHERE `r`.`NormalizedName` = @__normalizedName_0
LIMIT 1
2026-05-26 01:32:50.024 +01:00 [INF] Executed DbCommand (1ms) [Parameters=[@__normalizedName_0='?' (Size = 256)], CommandType='"Text"', CommandTimeout='30']
SELECT `r`.`Id`, `r`.`ConcurrencyStamp`, `r`.`Name`, `r`.`NormalizedName`
FROM `Roles` AS `r`
WHERE `r`.`NormalizedName` = @__normalizedName_0
LIMIT 1
2026-05-26 01:32:50.027 +01:00 [INF] Executed DbCommand (1ms) [Parameters=[@__normalizedName_0='?' (Size = 256)], CommandType='"Text"', CommandTimeout='30']
SELECT `r`.`Id`, `r`.`ConcurrencyStamp`, `r`.`Name`, `r`.`NormalizedName`
FROM `Roles` AS `r`
WHERE `r`.`NormalizedName` = @__normalizedName_0
LIMIT 1
2026-05-26 01:32:50.057 +01:00 [INF] Executed DbCommand (2ms) [Parameters=[@__normalizedEmail_0='?' (Size = 256)], CommandType='"Text"', CommandTimeout='30']
SELECT `u`.`Id`, `u`.`AccessFailedCount`, `u`.`AvatarUrl`, `u`.`ConcurrencyStamp`, `u`.`CreatedAt`, `u`.`Email`, `u`.`EmailConfirmed`, `u`.`FirstName`, `u`.`IsActive`, `u`.`LastLoginAt`, `u`.`LastName`, `u`.`LockoutEnabled`, `u`.`LockoutEnd`, `u`.`NormalizedEmail`, `u`.`NormalizedUserName`, `u`.`PasswordHash`, `u`.`PasswordResetToken`, `u`.`PasswordResetTokenExpiry`, `u`.`PhoneNumber`, `u`.`PhoneNumberConfirmed`, `u`.`PreferredLanguage`, `u`.`RefreshToken`, `u`.`RefreshTokenExpiry`, `u`.`SecurityStamp`, `u`.`TwoFactorEnabled`, `u`.`UserName`
FROM `Users` AS `u`
WHERE `u`.`NormalizedEmail` = @__normalizedEmail_0
LIMIT 2
2026-05-26 01:32:50.347 +01:00 [INF] Flight Alert Background Service started.
2026-05-26 01:32:50.349 +01:00 [INF] Checking flight price alerts at "2026-05-26T00:32:50.3490093Z"
2026-05-26 01:32:50.450 +01:00 [INF] Executed DbCommand (1ms) [Parameters=[], CommandType='"Text"', CommandTimeout='30']
SELECT `f`.`Id`, `f`.`CreatedAt`, `f`.`CurrencyCode`, `f`.`DepartureFrom`, `f`.`DepartureTo`, `f`.`DestinationCode`, `f`.`IsActive`, `f`.`LastTriggeredAt`, `f`.`OriginCode`, `f`.`TargetPrice`, `f`.`UserId`, `u`.`Id`, `u`.`AccessFailedCount`, `u`.`AvatarUrl`, `u`.`ConcurrencyStamp`, `u`.`CreatedAt`, `u`.`Email`, `u`.`EmailConfirmed`, `u`.`FirstName`, `u`.`IsActive`, `u`.`LastLoginAt`, `u`.`LastName`, `u`.`LockoutEnabled`, `u`.`LockoutEnd`, `u`.`NormalizedEmail`, `u`.`NormalizedUserName`, `u`.`PasswordHash`, `u`.`PasswordResetToken`, `u`.`PasswordResetTokenExpiry`, `u`.`PhoneNumber`, `u`.`PhoneNumberConfirmed`, `u`.`PreferredLanguage`, `u`.`RefreshToken`, `u`.`RefreshTokenExpiry`, `u`.`SecurityStamp`, `u`.`TwoFactorEnabled`, `u`.`UserName`
FROM `FlightAlerts` AS `f`
INNER JOIN `Users` AS `u` ON `f`.`UserId` = `u`.`Id`
WHERE `f`.`IsActive`
2026-05-26 01:32:50.452 +01:00 [INF] Flight alert check completed.
2026-05-26 01:32:50.585 +01:00 [WRN] The ASP.NET Core developer certificate is only trusted by some clients. For information about trusting the ASP.NET Core developer certificate, see https://aka.ms/aspnet/https-trust-dev-cert
2026-05-26 01:41:13.437 +01:00 [INF] Executed DbCommand (44ms) [Parameters=[], CommandType='"Text"', CommandTimeout='30']
SELECT CASE WHEN COUNT(*) = 0 THEN FALSE ELSE TRUE END
FROM information_schema.tables
WHERE table_type = 'BASE TABLE' AND table_schema = 'travel_system_dev'
2026-05-26 01:41:13.740 +01:00 [INF] Executed DbCommand (4ms) [Parameters=[@__normalizedName_0='?' (Size = 256)], CommandType='"Text"', CommandTimeout='30']
SELECT `r`.`Id`, `r`.`ConcurrencyStamp`, `r`.`Name`, `r`.`NormalizedName`
FROM `Roles` AS `r`
WHERE `r`.`NormalizedName` = @__normalizedName_0
LIMIT 1
2026-05-26 01:41:13.803 +01:00 [INF] Executed DbCommand (1ms) [Parameters=[@__normalizedName_0='?' (Size = 256)], CommandType='"Text"', CommandTimeout='30']
SELECT `r`.`Id`, `r`.`ConcurrencyStamp`, `r`.`Name`, `r`.`NormalizedName`
FROM `Roles` AS `r`
WHERE `r`.`NormalizedName` = @__normalizedName_0
LIMIT 1
2026-05-26 01:41:13.804 +01:00 [INF] Executed DbCommand (0ms) [Parameters=[@__normalizedName_0='?' (Size = 256)], CommandType='"Text"', CommandTimeout='30']
SELECT `r`.`Id`, `r`.`ConcurrencyStamp`, `r`.`Name`, `r`.`NormalizedName`
FROM `Roles` AS `r`
WHERE `r`.`NormalizedName` = @__normalizedName_0
LIMIT 1
2026-05-26 01:41:13.823 +01:00 [INF] Executed DbCommand (1ms) [Parameters=[@__normalizedEmail_0='?' (Size = 256)], CommandType='"Text"', CommandTimeout='30']
SELECT `u`.`Id`, `u`.`AccessFailedCount`, `u`.`AvatarUrl`, `u`.`ConcurrencyStamp`, `u`.`CreatedAt`, `u`.`Email`, `u`.`EmailConfirmed`, `u`.`FirstName`, `u`.`IsActive`, `u`.`LastLoginAt`, `u`.`LastName`, `u`.`LockoutEnabled`, `u`.`LockoutEnd`, `u`.`NormalizedEmail`, `u`.`NormalizedUserName`, `u`.`PasswordHash`, `u`.`PasswordResetToken`, `u`.`PasswordResetTokenExpiry`, `u`.`PhoneNumber`, `u`.`PhoneNumberConfirmed`, `u`.`PreferredLanguage`, `u`.`RefreshToken`, `u`.`RefreshTokenExpiry`, `u`.`SecurityStamp`, `u`.`TwoFactorEnabled`, `u`.`UserName`
FROM `Users` AS `u`
WHERE `u`.`NormalizedEmail` = @__normalizedEmail_0
LIMIT 2
2026-05-26 01:41:13.978 +01:00 [INF] Flight Alert Background Service started.
2026-05-26 01:41:13.979 +01:00 [INF] Checking flight price alerts at "2026-05-26T00:41:13.9794001Z"
2026-05-26 01:41:14.067 +01:00 [INF] Executed DbCommand (1ms) [Parameters=[], CommandType='"Text"', CommandTimeout='30']
SELECT `f`.`Id`, `f`.`CreatedAt`, `f`.`CurrencyCode`, `f`.`DepartureFrom`, `f`.`DepartureTo`, `f`.`DestinationCode`, `f`.`IsActive`, `f`.`LastTriggeredAt`, `f`.`OriginCode`, `f`.`TargetPrice`, `f`.`UserId`, `u`.`Id`, `u`.`AccessFailedCount`, `u`.`AvatarUrl`, `u`.`ConcurrencyStamp`, `u`.`CreatedAt`, `u`.`Email`, `u`.`EmailConfirmed`, `u`.`FirstName`, `u`.`IsActive`, `u`.`LastLoginAt`, `u`.`LastName`, `u`.`LockoutEnabled`, `u`.`LockoutEnd`, `u`.`NormalizedEmail`, `u`.`NormalizedUserName`, `u`.`PasswordHash`, `u`.`PasswordResetToken`, `u`.`PasswordResetTokenExpiry`, `u`.`PhoneNumber`, `u`.`PhoneNumberConfirmed`, `u`.`PreferredLanguage`, `u`.`RefreshToken`, `u`.`RefreshTokenExpiry`, `u`.`SecurityStamp`, `u`.`TwoFactorEnabled`, `u`.`UserName`
FROM `FlightAlerts` AS `f`
INNER JOIN `Users` AS `u` ON `f`.`UserId` = `u`.`Id`
WHERE `f`.`IsActive`
2026-05-26 01:41:14.068 +01:00 [INF] Flight alert check completed.
2026-05-26 01:41:14.165 +01:00 [WRN] The ASP.NET Core developer certificate is only trusted by some clients. For information about trusting the ASP.NET Core developer certificate, see https://aka.ms/aspnet/https-trust-dev-cert
2026-05-26 02:13:15.141 +01:00 [INF] Executed DbCommand (58ms) [Parameters=[], CommandType='"Text"', CommandTimeout='30']
SELECT CASE WHEN COUNT(*) = 0 THEN FALSE ELSE TRUE END
FROM information_schema.tables
WHERE table_type = 'BASE TABLE' AND table_schema = 'travel_system_dev'
2026-05-26 02:13:15.454 +01:00 [INF] Executed DbCommand (4ms) [Parameters=[@__normalizedName_0='?' (Size = 256)], CommandType='"Text"', CommandTimeout='30']
SELECT `r`.`Id`, `r`.`ConcurrencyStamp`, `r`.`Name`, `r`.`NormalizedName`
FROM `Roles` AS `r`
WHERE `r`.`NormalizedName` = @__normalizedName_0
LIMIT 1
2026-05-26 02:13:15.523 +01:00 [INF] Executed DbCommand (1ms) [Parameters=[@__normalizedName_0='?' (Size = 256)], CommandType='"Text"', CommandTimeout='30']
SELECT `r`.`Id`, `r`.`ConcurrencyStamp`, `r`.`Name`, `r`.`NormalizedName`
FROM `Roles` AS `r`
WHERE `r`.`NormalizedName` = @__normalizedName_0
LIMIT 1
2026-05-26 02:13:15.526 +01:00 [INF] Executed DbCommand (1ms) [Parameters=[@__normalizedName_0='?' (Size = 256)], CommandType='"Text"', CommandTimeout='30']
SELECT `r`.`Id`, `r`.`ConcurrencyStamp`, `r`.`Name`, `r`.`NormalizedName`
FROM `Roles` AS `r`
WHERE `r`.`NormalizedName` = @__normalizedName_0
LIMIT 1
2026-05-26 02:13:15.549 +01:00 [INF] Executed DbCommand (1ms) [Parameters=[@__normalizedEmail_0='?' (Size = 256)], CommandType='"Text"', CommandTimeout='30']
SELECT `u`.`Id`, `u`.`AccessFailedCount`, `u`.`AvatarUrl`, `u`.`ConcurrencyStamp`, `u`.`CreatedAt`, `u`.`Email`, `u`.`EmailConfirmed`, `u`.`FirstName`, `u`.`IsActive`, `u`.`LastLoginAt`, `u`.`LastName`, `u`.`LockoutEnabled`, `u`.`LockoutEnd`, `u`.`NormalizedEmail`, `u`.`NormalizedUserName`, `u`.`PasswordHash`, `u`.`PasswordResetToken`, `u`.`PasswordResetTokenExpiry`, `u`.`PhoneNumber`, `u`.`PhoneNumberConfirmed`, `u`.`PreferredLanguage`, `u`.`RefreshToken`, `u`.`RefreshTokenExpiry`, `u`.`SecurityStamp`, `u`.`TwoFactorEnabled`, `u`.`UserName`
FROM `Users` AS `u`
WHERE `u`.`NormalizedEmail` = @__normalizedEmail_0
LIMIT 2
2026-05-26 02:13:15.742 +01:00 [INF] Flight Alert Background Service started.
2026-05-26 02:13:15.743 +01:00 [INF] Checking flight price alerts at "2026-05-26T01:13:15.7433842Z"
2026-05-26 02:13:15.845 +01:00 [INF] Executed DbCommand (1ms) [Parameters=[], CommandType='"Text"', CommandTimeout='30']
SELECT `f`.`Id`, `f`.`CreatedAt`, `f`.`CurrencyCode`, `f`.`DepartureFrom`, `f`.`DepartureTo`, `f`.`DestinationCode`, `f`.`IsActive`, `f`.`LastTriggeredAt`, `f`.`OriginCode`, `f`.`TargetPrice`, `f`.`UserId`, `u`.`Id`, `u`.`AccessFailedCount`, `u`.`AvatarUrl`, `u`.`ConcurrencyStamp`, `u`.`CreatedAt`, `u`.`Email`, `u`.`EmailConfirmed`, `u`.`FirstName`, `u`.`IsActive`, `u`.`LastLoginAt`, `u`.`LastName`, `u`.`LockoutEnabled`, `u`.`LockoutEnd`, `u`.`NormalizedEmail`, `u`.`NormalizedUserName`, `u`.`PasswordHash`, `u`.`PasswordResetToken`, `u`.`PasswordResetTokenExpiry`, `u`.`PhoneNumber`, `u`.`PhoneNumberConfirmed`, `u`.`PreferredLanguage`, `u`.`RefreshToken`, `u`.`RefreshTokenExpiry`, `u`.`SecurityStamp`, `u`.`TwoFactorEnabled`, `u`.`UserName`
FROM `FlightAlerts` AS `f`
INNER JOIN `Users` AS `u` ON `f`.`UserId` = `u`.`Id`
WHERE `f`.`IsActive`
2026-05-26 02:13:15.847 +01:00 [INF] Flight alert check completed.
2026-05-26 02:14:57.701 +01:00 [WRN] Failed to determine the https port for redirect.
2026-05-26 02:14:57.706 +01:00 [INF] HTTP OPTIONS /api/auth/login responded 204 in 6.8670 ms
2026-05-26 02:14:58.171 +01:00 [INF] Executed DbCommand (1ms) [Parameters=[@__normalizedEmail_0='?' (Size = 256)], CommandType='"Text"', CommandTimeout='30']
SELECT `u`.`Id`, `u`.`AccessFailedCount`, `u`.`AvatarUrl`, `u`.`ConcurrencyStamp`, `u`.`CreatedAt`, `u`.`Email`, `u`.`EmailConfirmed`, `u`.`FirstName`, `u`.`IsActive`, `u`.`LastLoginAt`, `u`.`LastName`, `u`.`LockoutEnabled`, `u`.`LockoutEnd`, `u`.`NormalizedEmail`, `u`.`NormalizedUserName`, `u`.`PasswordHash`, `u`.`PasswordResetToken`, `u`.`PasswordResetTokenExpiry`, `u`.`PhoneNumber`, `u`.`PhoneNumberConfirmed`, `u`.`PreferredLanguage`, `u`.`RefreshToken`, `u`.`RefreshTokenExpiry`, `u`.`SecurityStamp`, `u`.`TwoFactorEnabled`, `u`.`UserName`
FROM `Users` AS `u`
WHERE `u`.`NormalizedEmail` = @__normalizedEmail_0
LIMIT 2
2026-05-26 02:14:58.307 +01:00 [INF] Executed DbCommand (1ms) [Parameters=[@__normalizedUserName_0='?' (Size = 256)], CommandType='"Text"', CommandTimeout='30']
SELECT `u`.`Id`, `u`.`AccessFailedCount`, `u`.`AvatarUrl`, `u`.`ConcurrencyStamp`, `u`.`CreatedAt`, `u`.`Email`, `u`.`EmailConfirmed`, `u`.`FirstName`, `u`.`IsActive`, `u`.`LastLoginAt`, `u`.`LastName`, `u`.`LockoutEnabled`, `u`.`LockoutEnd`, `u`.`NormalizedEmail`, `u`.`NormalizedUserName`, `u`.`PasswordHash`, `u`.`PasswordResetToken`, `u`.`PasswordResetTokenExpiry`, `u`.`PhoneNumber`, `u`.`PhoneNumberConfirmed`, `u`.`PreferredLanguage`, `u`.`RefreshToken`, `u`.`RefreshTokenExpiry`, `u`.`SecurityStamp`, `u`.`TwoFactorEnabled`, `u`.`UserName`
FROM `Users` AS `u`
WHERE `u`.`NormalizedUserName` = @__normalizedUserName_0
LIMIT 1
2026-05-26 02:14:58.313 +01:00 [INF] Executed DbCommand (1ms) [Parameters=[@__normalizedEmail_0='?' (Size = 256)], CommandType='"Text"', CommandTimeout='30']
SELECT `u`.`Id`, `u`.`AccessFailedCount`, `u`.`AvatarUrl`, `u`.`ConcurrencyStamp`, `u`.`CreatedAt`, `u`.`Email`, `u`.`EmailConfirmed`, `u`.`FirstName`, `u`.`IsActive`, `u`.`LastLoginAt`, `u`.`LastName`, `u`.`LockoutEnabled`, `u`.`LockoutEnd`, `u`.`NormalizedEmail`, `u`.`NormalizedUserName`, `u`.`PasswordHash`, `u`.`PasswordResetToken`, `u`.`PasswordResetTokenExpiry`, `u`.`PhoneNumber`, `u`.`PhoneNumberConfirmed`, `u`.`PreferredLanguage`, `u`.`RefreshToken`, `u`.`RefreshTokenExpiry`, `u`.`SecurityStamp`, `u`.`TwoFactorEnabled`, `u`.`UserName`
FROM `Users` AS `u`
WHERE `u`.`NormalizedEmail` = @__normalizedEmail_0
LIMIT 2
2026-05-26 02:15:00.025 +01:00 [INF] Executed DbCommand (1,620ms) [Parameters=[@p25='?' (DbType = Guid), @p0='?' (DbType = Int32), @p1='?' (Size = 500), @p2='?' (Size = 4000), @p26='?' (Size = 4000), @p3='?' (DbType = DateTime), @p4='?' (Size = 256), @p5='?' (DbType = Boolean), @p6='?' (Size = 100), @p7='?' (DbType = Boolean), @p8='?' (DbType = DateTime), @p9='?' (Size = 100), @p10='?' (DbType = Boolean), @p11='?' (DbType = DateTimeOffset), @p12='?' (Size = 256), @p13='?' (Size = 256), @p14='?' (Size = 4000), @p15='?' (Size = 4000), @p16='?' (DbType = DateTime), @p17='?' (Size = 4000), @p18='?' (DbType = Boolean), @p19='?' (Size = 10), @p20='?' (Size = 4000), @p21='?' (DbType = DateTime), @p22='?' (Size = 4000), @p23='?' (DbType = Boolean), @p24='?' (Size = 256)], CommandType='"Text"', CommandTimeout='30']
SET AUTOCOMMIT = 1;
UPDATE `Users` SET `AccessFailedCount` = @p0, `AvatarUrl` = @p1, `ConcurrencyStamp` = @p2, `CreatedAt` = @p3, `Email` = @p4, `EmailConfirmed` = @p5, `FirstName` = @p6, `IsActive` = @p7, `LastLoginAt` = @p8, `LastName` = @p9, `LockoutEnabled` = @p10, `LockoutEnd` = @p11, `NormalizedEmail` = @p12, `NormalizedUserName` = @p13, `PasswordHash` = @p14, `PasswordResetToken` = @p15, `PasswordResetTokenExpiry` = @p16, `PhoneNumber` = @p17, `PhoneNumberConfirmed` = @p18, `PreferredLanguage` = @p19, `RefreshToken` = @p20, `RefreshTokenExpiry` = @p21, `SecurityStamp` = @p22, `TwoFactorEnabled` = @p23, `UserName` = @p24
WHERE `Id` = @p25 AND `ConcurrencyStamp` = @p26;
SELECT ROW_COUNT();
2026-05-26 02:15:00.057 +01:00 [INF] Executed DbCommand (1ms) [Parameters=[@__userId_0='?' (DbType = Guid)], CommandType='"Text"', CommandTimeout='30']
SELECT `r`.`Name`
FROM `UserRoles` AS `u`
INNER JOIN `Roles` AS `r` ON `u`.`RoleId` = `r`.`Id`
WHERE `u`.`UserId` = @__userId_0
2026-05-26 02:15:00.077 +01:00 [INF] Executed DbCommand (1ms) [Parameters=[@__normalizedUserName_0='?' (Size = 256)], CommandType='"Text"', CommandTimeout='30']
SELECT `u`.`Id`, `u`.`AccessFailedCount`, `u`.`AvatarUrl`, `u`.`ConcurrencyStamp`, `u`.`CreatedAt`, `u`.`Email`, `u`.`EmailConfirmed`, `u`.`FirstName`, `u`.`IsActive`, `u`.`LastLoginAt`, `u`.`LastName`, `u`.`LockoutEnabled`, `u`.`LockoutEnd`, `u`.`NormalizedEmail`, `u`.`NormalizedUserName`, `u`.`PasswordHash`, `u`.`PasswordResetToken`, `u`.`PasswordResetTokenExpiry`, `u`.`PhoneNumber`, `u`.`PhoneNumberConfirmed`, `u`.`PreferredLanguage`, `u`.`RefreshToken`, `u`.`RefreshTokenExpiry`, `u`.`SecurityStamp`, `u`.`TwoFactorEnabled`, `u`.`UserName`
FROM `Users` AS `u`
WHERE `u`.`NormalizedUserName` = @__normalizedUserName_0
LIMIT 1
2026-05-26 02:15:00.079 +01:00 [INF] Executed DbCommand (0ms) [Parameters=[@__normalizedEmail_0='?' (Size = 256)], CommandType='"Text"', CommandTimeout='30']
SELECT `u`.`Id`, `u`.`AccessFailedCount`, `u`.`AvatarUrl`, `u`.`ConcurrencyStamp`, `u`.`CreatedAt`, `u`.`Email`, `u`.`EmailConfirmed`, `u`.`FirstName`, `u`.`IsActive`, `u`.`LastLoginAt`, `u`.`LastName`, `u`.`LockoutEnabled`, `u`.`LockoutEnd`, `u`.`NormalizedEmail`, `u`.`NormalizedUserName`, `u`.`PasswordHash`, `u`.`PasswordResetToken`, `u`.`PasswordResetTokenExpiry`, `u`.`PhoneNumber`, `u`.`PhoneNumberConfirmed`, `u`.`PreferredLanguage`, `u`.`RefreshToken`, `u`.`RefreshTokenExpiry`, `u`.`SecurityStamp`, `u`.`TwoFactorEnabled`, `u`.`UserName`
FROM `Users` AS `u`
WHERE `u`.`NormalizedEmail` = @__normalizedEmail_0
LIMIT 2
2026-05-26 02:15:00.193 +01:00 [INF] Executed DbCommand (111ms) [Parameters=[@p25='?' (DbType = Guid), @p0='?' (DbType = Int32), @p1='?' (Size = 500), @p2='?' (Size = 4000), @p26='?' (Size = 4000), @p3='?' (DbType = DateTime), @p4='?' (Size = 256), @p5='?' (DbType = Boolean), @p6='?' (Size = 100), @p7='?' (DbType = Boolean), @p8='?' (DbType = DateTime), @p9='?' (Size = 100), @p10='?' (DbType = Boolean), @p11='?' (DbType = DateTimeOffset), @p12='?' (Size = 256), @p13='?' (Size = 256), @p14='?' (Size = 4000), @p15='?' (Size = 4000), @p16='?' (DbType = DateTime), @p17='?' (Size = 4000), @p18='?' (DbType = Boolean), @p19='?' (Size = 10), @p20='?' (Size = 4000), @p21='?' (DbType = DateTime), @p22='?' (Size = 4000), @p23='?' (DbType = Boolean), @p24='?' (Size = 256)], CommandType='"Text"', CommandTimeout='30']
SET AUTOCOMMIT = 1;
UPDATE `Users` SET `AccessFailedCount` = @p0, `AvatarUrl` = @p1, `ConcurrencyStamp` = @p2, `CreatedAt` = @p3, `Email` = @p4, `EmailConfirmed` = @p5, `FirstName` = @p6, `IsActive` = @p7, `LastLoginAt` = @p8, `LastName` = @p9, `LockoutEnabled` = @p10, `LockoutEnd` = @p11, `NormalizedEmail` = @p12, `NormalizedUserName` = @p13, `PasswordHash` = @p14, `PasswordResetToken` = @p15, `PasswordResetTokenExpiry` = @p16, `PhoneNumber` = @p17, `PhoneNumberConfirmed` = @p18, `PreferredLanguage` = @p19, `RefreshToken` = @p20, `RefreshTokenExpiry` = @p21, `SecurityStamp` = @p22, `TwoFactorEnabled` = @p23, `UserName` = @p24
WHERE `Id` = @p25 AND `ConcurrencyStamp` = @p26;
SELECT ROW_COUNT();
2026-05-26 02:15:00.218 +01:00 [INF] HTTP POST /api/auth/login responded 200 in 2449.2712 ms
2026-05-26 02:15:08.838 +01:00 [INF] HTTP OPTIONS /api/itineraries responded 204 in 0.5991 ms
2026-05-26 02:15:09.320 +01:00 [INF] Executed DbCommand (396ms) [Parameters=[@__userId_0='?' (DbType = Guid)], CommandType='"Text"', CommandTimeout='30']
SELECT `i`.`Id`, `i`.`Budget`, `i`.`CountryCode`, `i`.`CreatedAt`, `i`.`CurrencyCode`, `i`.`Description`, `i`.`Destination`, `i`.`EndDate`, `i`.`Latitude`, `i`.`Longitude`, `i`.`StartDate`, `i`.`Status`, `i`.`Title`, `i`.`UpdatedAt`, `i`.`UserId`, `i0`.`Id`, `i0`.`Address`, `i0`.`Category`, `i0`.`DayNumber`, `i0`.`DurationMinutes`, `i0`.`ItineraryId`, `i0`.`Latitude`, `i0`.`Longitude`, `i0`.`Name`, `i0`.`Notes`, `i0`.`OrderIndex`, `i0`.`VisitTime`
FROM `Itineraries` AS `i`
LEFT JOIN `ItineraryStops` AS `i0` ON `i`.`Id` = `i0`.`ItineraryId`
WHERE `i`.`UserId` = @__userId_0
ORDER BY `i`.`UpdatedAt` DESC, `i`.`Id`
2026-05-26 02:15:09.344 +01:00 [INF] HTTP GET /api/itineraries responded 200 in 495.1566 ms
2026-05-26 02:15:12.988 +01:00 [INF] HTTP OPTIONS /api/hotels/bookings responded 204 in 0.1124 ms
2026-05-26 02:15:13.061 +01:00 [INF] Executed DbCommand (28ms) [Parameters=[@__userId_0='?' (DbType = Guid)], CommandType='"Text"', CommandTimeout='30']
SELECT `b`.`Id`, `b`.`CheckIn`, `b`.`CheckOut`, `b`.`ConfirmationNumber`, `b`.`CreatedAt`, `b`.`CurrencyCode`, `b`.`FlightId`, `b`.`Guests`, `b`.`HotelId`, `b`.`HotelRoomId`, `b`.`Notes`, `b`.`ProviderReference`, `b`.`Status`, `b`.`TotalPrice`, `b`.`Type`, `b`.`UpdatedAt`, `b`.`UserId`, `h`.`Id`, `h`.`Address`, `h`.`Amenities`, `h`.`CachedAt`, `h`.`City`, `h`.`CountryCode`, `h`.`Description`, `h`.`ExternalId`, `h`.`GuestRating`, `h`.`ImageUrl`, `h`.`Latitude`, `h`.`Longitude`, `h`.`Name`, `h`.`Provider`, `h`.`StarRating`, `f`.`Id`, `f`.`Airline`, `f`.`ArrivalAt`, `f`.`CabinClass`, `f`.`CachedAt`, `f`.`CurrencyCode`, `f`.`DepartureAt`, `f`.`DestinationCity`, `f`.`DestinationCode`, `f`.`DurationMinutes`, `f`.`ExternalId`, `f`.`FlightNumber`, `f`.`OriginCity`, `f`.`OriginCode`, `f`.`Price`, `f`.`Provider`, `f`.`SeatsAvailable`, `f`.`Stops`
FROM `Bookings` AS `b`
LEFT JOIN `Hotels` AS `h` ON `b`.`HotelId` = `h`.`Id`
LEFT JOIN `Flights` AS `f` ON `b`.`FlightId` = `f`.`Id`
WHERE `b`.`UserId` = @__userId_0
ORDER BY `b`.`CreatedAt` DESC
2026-05-26 02:15:13.080 +01:00 [INF] HTTP GET /api/hotels/bookings responded 200 in 85.1882 ms
2026-05-26 02:15:19.091 +01:00 [INF] HTTP OPTIONS /api/flights/alerts responded 204 in 0.1084 ms
2026-05-26 02:15:19.163 +01:00 [INF] Executed DbCommand (33ms) [Parameters=[@__userId_0='?' (DbType = Guid)], CommandType='"Text"', CommandTimeout='30']
SELECT `f`.`Id`, `f`.`CreatedAt`, `f`.`CurrencyCode`, `f`.`DepartureFrom`, `f`.`DepartureTo`, `f`.`DestinationCode`, `f`.`IsActive`, `f`.`LastTriggeredAt`, `f`.`OriginCode`, `f`.`TargetPrice`, `f`.`UserId`
FROM `FlightAlerts` AS `f`
WHERE `f`.`UserId` = @__userId_0
ORDER BY `f`.`CreatedAt` DESC
2026-05-26 02:15:19.175 +01:00 [INF] HTTP GET /api/flights/alerts responded 200 in 78.2701 ms
2026-05-26 02:15:22.719 +01:00 [INF] HTTP OPTIONS /api/itineraries responded 204 in 0.0859 ms
2026-05-26 02:15:22.731 +01:00 [INF] Executed DbCommand (1ms) [Parameters=[@__userId_0='?' (DbType = Guid)], CommandType='"Text"', CommandTimeout='30']
SELECT `i`.`Id`, `i`.`Budget`, `i`.`CountryCode`, `i`.`CreatedAt`, `i`.`CurrencyCode`, `i`.`Description`, `i`.`Destination`, `i`.`EndDate`, `i`.`Latitude`, `i`.`Longitude`, `i`.`StartDate`, `i`.`Status`, `i`.`Title`, `i`.`UpdatedAt`, `i`.`UserId`, `i0`.`Id`, `i0`.`Address`, `i0`.`Category`, `i0`.`DayNumber`, `i0`.`DurationMinutes`, `i0`.`ItineraryId`, `i0`.`Latitude`, `i0`.`Longitude`, `i0`.`Name`, `i0`.`Notes`, `i0`.`OrderIndex`, `i0`.`VisitTime`
FROM `Itineraries` AS `i`
LEFT JOIN `ItineraryStops` AS `i0` ON `i`.`Id` = `i0`.`ItineraryId`
WHERE `i`.`UserId` = @__userId_0
ORDER BY `i`.`UpdatedAt` DESC, `i`.`Id`
2026-05-26 02:15:22.732 +01:00 [INF] HTTP GET /api/itineraries responded 200 in 8.0816 ms
2026-05-26 02:15:25.666 +01:00 [INF] HTTP OPTIONS /api/admin/users responded 204 in 0.1199 ms
2026-05-26 02:15:25.699 +01:00 [INF] Executed DbCommand (1ms) [Parameters=[], CommandType='"Text"', CommandTimeout='30']
SELECT `u`.`Id`, `u`.`AccessFailedCount`, `u`.`AvatarUrl`, `u`.`ConcurrencyStamp`, `u`.`CreatedAt`, `u`.`Email`, `u`.`EmailConfirmed`, `u`.`FirstName`, `u`.`IsActive`, `u`.`LastLoginAt`, `u`.`LastName`, `u`.`LockoutEnabled`, `u`.`LockoutEnd`, `u`.`NormalizedEmail`, `u`.`NormalizedUserName`, `u`.`PasswordHash`, `u`.`PasswordResetToken`, `u`.`PasswordResetTokenExpiry`, `u`.`PhoneNumber`, `u`.`PhoneNumberConfirmed`, `u`.`PreferredLanguage`, `u`.`RefreshToken`, `u`.`RefreshTokenExpiry`, `u`.`SecurityStamp`, `u`.`TwoFactorEnabled`, `u`.`UserName`
FROM `Users` AS `u`
2026-05-26 02:15:25.778 +01:00 [INF] Executed DbCommand (1ms) [Parameters=[@__userId_0='?' (DbType = Guid)], CommandType='"Text"', CommandTimeout='30']
SELECT `r`.`Name`
FROM `UserRoles` AS `u`
INNER JOIN `Roles` AS `r` ON `u`.`RoleId` = `r`.`Id`
WHERE `u`.`UserId` = @__userId_0
2026-05-26 02:15:25.791 +01:00 [INF] HTTP GET /api/admin/users responded 200 in 120.8356 ms
2026-05-26 02:15:31.100 +01:00 [INF] HTTP OPTIONS /api/itineraries responded 204 in 0.0850 ms
2026-05-26 02:15:31.117 +01:00 [INF] Executed DbCommand (2ms) [Parameters=[@__userId_0='?' (DbType = Guid)], CommandType='"Text"', CommandTimeout='30']
SELECT `i`.`Id`, `i`.`Budget`, `i`.`CountryCode`, `i`.`CreatedAt`, `i`.`CurrencyCode`, `i`.`Description`, `i`.`Destination`, `i`.`EndDate`, `i`.`Latitude`, `i`.`Longitude`, `i`.`StartDate`, `i`.`Status`, `i`.`Title`, `i`.`UpdatedAt`, `i`.`UserId`, `i0`.`Id`, `i0`.`Address`, `i0`.`Category`, `i0`.`DayNumber`, `i0`.`DurationMinutes`, `i0`.`ItineraryId`, `i0`.`Latitude`, `i0`.`Longitude`, `i0`.`Name`, `i0`.`Notes`, `i0`.`OrderIndex`, `i0`.`VisitTime`
FROM `Itineraries` AS `i`
LEFT JOIN `ItineraryStops` AS `i0` ON `i`.`Id` = `i0`.`ItineraryId`
WHERE `i`.`UserId` = @__userId_0
ORDER BY `i`.`UpdatedAt` DESC, `i`.`Id`
2026-05-26 02:15:31.119 +01:00 [INF] HTTP GET /api/itineraries responded 200 in 12.9402 ms
2026-05-26 02:15:35.684 +01:00 [INF] HTTP OPTIONS /api/hotels/bookings responded 204 in 0.1110 ms
2026-05-26 02:15:35.695 +01:00 [INF] Executed DbCommand (1ms) [Parameters=[@__userId_0='?' (DbType = Guid)], CommandType='"Text"', CommandTimeout='30']
SELECT `b`.`Id`, `b`.`CheckIn`, `b`.`CheckOut`, `b`.`ConfirmationNumber`, `b`.`CreatedAt`, `b`.`CurrencyCode`, `b`.`FlightId`, `b`.`Guests`, `b`.`HotelId`, `b`.`HotelRoomId`, `b`.`Notes`, `b`.`ProviderReference`, `b`.`Status`, `b`.`TotalPrice`, `b`.`Type`, `b`.`UpdatedAt`, `b`.`UserId`, `h`.`Id`, `h`.`Address`, `h`.`Amenities`, `h`.`CachedAt`, `h`.`City`, `h`.`CountryCode`, `h`.`Description`, `h`.`ExternalId`, `h`.`GuestRating`, `h`.`ImageUrl`, `h`.`Latitude`, `h`.`Longitude`, `h`.`Name`, `h`.`Provider`, `h`.`StarRating`, `f`.`Id`, `f`.`Airline`, `f`.`ArrivalAt`, `f`.`CabinClass`, `f`.`CachedAt`, `f`.`CurrencyCode`, `f`.`DepartureAt`, `f`.`DestinationCity`, `f`.`DestinationCode`, `f`.`DurationMinutes`, `f`.`ExternalId`, `f`.`FlightNumber`, `f`.`OriginCity`, `f`.`OriginCode`, `f`.`Price`, `f`.`Provider`, `f`.`SeatsAvailable`, `f`.`Stops`
FROM `Bookings` AS `b`
LEFT JOIN `Hotels` AS `h` ON `b`.`HotelId` = `h`.`Id`
LEFT JOIN `Flights` AS `f` ON `b`.`FlightId` = `f`.`Id`
WHERE `b`.`UserId` = @__userId_0
ORDER BY `b`.`CreatedAt` DESC
2026-05-26 02:15:35.696 +01:00 [INF] HTTP GET /api/hotels/bookings responded 200 in 7.6391 ms
2026-05-26 02:15:37.041 +01:00 [INF] HTTP OPTIONS /api/flights/alerts responded 204 in 0.3743 ms
2026-05-26 02:15:37.051 +01:00 [INF] Executed DbCommand (1ms) [Parameters=[@__userId_0='?' (DbType = Guid)], CommandType='"Text"', CommandTimeout='30']
SELECT `f`.`Id`, `f`.`CreatedAt`, `f`.`CurrencyCode`, `f`.`DepartureFrom`, `f`.`DepartureTo`, `f`.`DestinationCode`, `f`.`IsActive`, `f`.`LastTriggeredAt`, `f`.`OriginCode`, `f`.`TargetPrice`, `f`.`UserId`
FROM `FlightAlerts` AS `f`
WHERE `f`.`UserId` = @__userId_0
ORDER BY `f`.`CreatedAt` DESC
2026-05-26 02:15:37.052 +01:00 [INF] HTTP GET /api/flights/alerts responded 200 in 7.4276 ms
2026-05-26 02:15:37.891 +01:00 [INF] HTTP OPTIONS /api/itineraries responded 204 in 0.1500 ms
2026-05-26 02:15:37.900 +01:00 [INF] Executed DbCommand (1ms) [Parameters=[@__userId_0='?' (DbType = Guid)], CommandType='"Text"', CommandTimeout='30']
SELECT `i`.`Id`, `i`.`Budget`, `i`.`CountryCode`, `i`.`CreatedAt`, `i`.`CurrencyCode`, `i`.`Description`, `i`.`Destination`, `i`.`EndDate`, `i`.`Latitude`, `i`.`Longitude`, `i`.`StartDate`, `i`.`Status`, `i`.`Title`, `i`.`UpdatedAt`, `i`.`UserId`, `i0`.`Id`, `i0`.`Address`, `i0`.`Category`, `i0`.`DayNumber`, `i0`.`DurationMinutes`, `i0`.`ItineraryId`, `i0`.`Latitude`, `i0`.`Longitude`, `i0`.`Name`, `i0`.`Notes`, `i0`.`OrderIndex`, `i0`.`VisitTime`
FROM `Itineraries` AS `i`
LEFT JOIN `ItineraryStops` AS `i0` ON `i`.`Id` = `i0`.`ItineraryId`
WHERE `i`.`UserId` = @__userId_0
ORDER BY `i`.`UpdatedAt` DESC, `i`.`Id`
2026-05-26 02:15:37.901 +01:00 [INF] HTTP GET /api/itineraries responded 200 in 4.3489 ms
2026-05-26 02:15:52.265 +01:00 [INF] HTTP OPTIONS /api/itineraries responded 204 in 0.0865 ms
2026-05-26 02:15:52.273 +01:00 [INF] Executed DbCommand (1ms) [Parameters=[@__userId_0='?' (DbType = Guid)], CommandType='"Text"', CommandTimeout='30']
SELECT `i`.`Id`, `i`.`Budget`, `i`.`CountryCode`, `i`.`CreatedAt`, `i`.`CurrencyCode`, `i`.`Description`, `i`.`Destination`, `i`.`EndDate`, `i`.`Latitude`, `i`.`Longitude`, `i`.`StartDate`, `i`.`Status`, `i`.`Title`, `i`.`UpdatedAt`, `i`.`UserId`, `i0`.`Id`, `i0`.`Address`, `i0`.`Category`, `i0`.`DayNumber`, `i0`.`DurationMinutes`, `i0`.`ItineraryId`, `i0`.`Latitude`, `i0`.`Longitude`, `i0`.`Name`, `i0`.`Notes`, `i0`.`OrderIndex`, `i0`.`VisitTime`
FROM `Itineraries` AS `i`
LEFT JOIN `ItineraryStops` AS `i0` ON `i`.`Id` = `i0`.`ItineraryId`
WHERE `i`.`UserId` = @__userId_0
ORDER BY `i`.`UpdatedAt` DESC, `i`.`Id`
2026-05-26 02:15:52.274 +01:00 [INF] HTTP GET /api/itineraries responded 200 in 5.6483 ms
2026-05-26 02:15:54.682 +01:00 [INF] HTTP OPTIONS /api/hotels/bookings responded 204 in 0.1212 ms
2026-05-26 02:15:54.690 +01:00 [INF] Executed DbCommand (1ms) [Parameters=[@__userId_0='?' (DbType = Guid)], CommandType='"Text"', CommandTimeout='30']
SELECT `b`.`Id`, `b`.`CheckIn`, `b`.`CheckOut`, `b`.`ConfirmationNumber`, `b`.`CreatedAt`, `b`.`CurrencyCode`, `b`.`FlightId`, `b`.`Guests`, `b`.`HotelId`, `b`.`HotelRoomId`, `b`.`Notes`, `b`.`ProviderReference`, `b`.`Status`, `b`.`TotalPrice`, `b`.`Type`, `b`.`UpdatedAt`, `b`.`UserId`, `h`.`Id`, `h`.`Address`, `h`.`Amenities`, `h`.`CachedAt`, `h`.`City`, `h`.`CountryCode`, `h`.`Description`, `h`.`ExternalId`, `h`.`GuestRating`, `h`.`ImageUrl`, `h`.`Latitude`, `h`.`Longitude`, `h`.`Name`, `h`.`Provider`, `h`.`StarRating`, `f`.`Id`, `f`.`Airline`, `f`.`ArrivalAt`, `f`.`CabinClass`, `f`.`CachedAt`, `f`.`CurrencyCode`, `f`.`DepartureAt`, `f`.`DestinationCity`, `f`.`DestinationCode`, `f`.`DurationMinutes`, `f`.`ExternalId`, `f`.`FlightNumber`, `f`.`OriginCity`, `f`.`OriginCode`, `f`.`Price`, `f`.`Provider`, `f`.`SeatsAvailable`, `f`.`Stops`
FROM `Bookings` AS `b`
LEFT JOIN `Hotels` AS `h` ON `b`.`HotelId` = `h`.`Id`
LEFT JOIN `Flights` AS `f` ON `b`.`FlightId` = `f`.`Id`
WHERE `b`.`UserId` = @__userId_0
ORDER BY `b`.`CreatedAt` DESC
2026-05-26 02:15:54.691 +01:00 [INF] HTTP GET /api/hotels/bookings responded 200 in 6.0327 ms
2026-05-26 02:15:56.948 +01:00 [INF] HTTP OPTIONS /api/flights/alerts responded 204 in 0.1920 ms
2026-05-26 02:15:56.956 +01:00 [INF] Executed DbCommand (1ms) [Parameters=[@__userId_0='?' (DbType = Guid)], CommandType='"Text"', CommandTimeout='30']
SELECT `f`.`Id`, `f`.`CreatedAt`, `f`.`CurrencyCode`, `f`.`DepartureFrom`, `f`.`DepartureTo`, `f`.`DestinationCode`, `f`.`IsActive`, `f`.`LastTriggeredAt`, `f`.`OriginCode`, `f`.`TargetPrice`, `f`.`UserId`
FROM `FlightAlerts` AS `f`
WHERE `f`.`UserId` = @__userId_0
ORDER BY `f`.`CreatedAt` DESC
2026-05-26 02:15:56.956 +01:00 [INF] HTTP GET /api/flights/alerts responded 200 in 4.8776 ms
2026-05-26 02:15:58.220 +01:00 [INF] HTTP OPTIONS /api/itineraries responded 204 in 0.0922 ms
2026-05-26 02:15:58.233 +01:00 [INF] Executed DbCommand (2ms) [Parameters=[@__userId_0='?' (DbType = Guid)], CommandType='"Text"', CommandTimeout='30']
SELECT `i`.`Id`, `i`.`Budget`, `i`.`CountryCode`, `i`.`CreatedAt`, `i`.`CurrencyCode`, `i`.`Description`, `i`.`Destination`, `i`.`EndDate`, `i`.`Latitude`, `i`.`Longitude`, `i`.`StartDate`, `i`.`Status`, `i`.`Title`, `i`.`UpdatedAt`, `i`.`UserId`, `i0`.`Id`, `i0`.`Address`, `i0`.`Category`, `i0`.`DayNumber`, `i0`.`DurationMinutes`, `i0`.`ItineraryId`, `i0`.`Latitude`, `i0`.`Longitude`, `i0`.`Name`, `i0`.`Notes`, `i0`.`OrderIndex`, `i0`.`VisitTime`
FROM `Itineraries` AS `i`
LEFT JOIN `ItineraryStops` AS `i0` ON `i`.`Id` = `i0`.`ItineraryId`
WHERE `i`.`UserId` = @__userId_0
ORDER BY `i`.`UpdatedAt` DESC, `i`.`Id`
2026-05-26 02:15:58.234 +01:00 [INF] HTTP GET /api/itineraries responded 200 in 8.3025 ms
2026-05-26 02:15:59.990 +01:00 [INF] HTTP OPTIONS /api/admin/users responded 204 in 0.0982 ms
2026-05-26 02:16:00.012 +01:00 [INF] Executed DbCommand (1ms) [Parameters=[], CommandType='"Text"', CommandTimeout='30']
SELECT `u`.`Id`, `u`.`AccessFailedCount`, `u`.`AvatarUrl`, `u`.`ConcurrencyStamp`, `u`.`CreatedAt`, `u`.`Email`, `u`.`EmailConfirmed`, `u`.`FirstName`, `u`.`IsActive`, `u`.`LastLoginAt`, `u`.`LastName`, `u`.`LockoutEnabled`, `u`.`LockoutEnd`, `u`.`NormalizedEmail`, `u`.`NormalizedUserName`, `u`.`PasswordHash`, `u`.`PasswordResetToken`, `u`.`PasswordResetTokenExpiry`, `u`.`PhoneNumber`, `u`.`PhoneNumberConfirmed`, `u`.`PreferredLanguage`, `u`.`RefreshToken`, `u`.`RefreshTokenExpiry`, `u`.`SecurityStamp`, `u`.`TwoFactorEnabled`, `u`.`UserName`
FROM `Users` AS `u`
2026-05-26 02:16:00.015 +01:00 [INF] Executed DbCommand (1ms) [Parameters=[@__userId_0='?' (DbType = Guid)], CommandType='"Text"', CommandTimeout='30']
SELECT `r`.`Name`
FROM `UserRoles` AS `u`
INNER JOIN `Roles` AS `r` ON `u`.`RoleId` = `r`.`Id`
WHERE `u`.`UserId` = @__userId_0
2026-05-26 02:16:00.015 +01:00 [INF] HTTP GET /api/admin/users responded 200 in 19.4032 ms
2026-05-26 02:16:03.060 +01:00 [INF] Executed DbCommand (2ms) [Parameters=[@__userId_0='?' (DbType = Guid)], CommandType='"Text"', CommandTimeout='30']
SELECT `i`.`Id`, `i`.`Budget`, `i`.`CountryCode`, `i`.`CreatedAt`, `i`.`CurrencyCode`, `i`.`Description`, `i`.`Destination`, `i`.`EndDate`, `i`.`Latitude`, `i`.`Longitude`, `i`.`StartDate`, `i`.`Status`, `i`.`Title`, `i`.`UpdatedAt`, `i`.`UserId`, `i0`.`Id`, `i0`.`Address`, `i0`.`Category`, `i0`.`DayNumber`, `i0`.`DurationMinutes`, `i0`.`ItineraryId`, `i0`.`Latitude`, `i0`.`Longitude`, `i0`.`Name`, `i0`.`Notes`, `i0`.`OrderIndex`, `i0`.`VisitTime`
FROM `Itineraries` AS `i`
LEFT JOIN `ItineraryStops` AS `i0` ON `i`.`Id` = `i0`.`ItineraryId`
WHERE `i`.`UserId` = @__userId_0
ORDER BY `i`.`UpdatedAt` DESC, `i`.`Id`
2026-05-26 02:16:03.061 +01:00 [INF] HTTP GET /api/itineraries responded 200 in 6.4849 ms
2026-05-26 02:16:06.393 +01:00 [INF] HTTP OPTIONS /api/hotels/bookings responded 204 in 0.4619 ms
2026-05-26 02:16:06.401 +01:00 [INF] Executed DbCommand (1ms) [Parameters=[@__userId_0='?' (DbType = Guid)], CommandType='"Text"', CommandTimeout='30']
SELECT `b`.`Id`, `b`.`CheckIn`, `b`.`CheckOut`, `b`.`ConfirmationNumber`, `b`.`CreatedAt`, `b`.`CurrencyCode`, `b`.`FlightId`, `b`.`Guests`, `b`.`HotelId`, `b`.`HotelRoomId`, `b`.`Notes`, `b`.`ProviderReference`, `b`.`Status`, `b`.`TotalPrice`, `b`.`Type`, `b`.`UpdatedAt`, `b`.`UserId`, `h`.`Id`, `h`.`Address`, `h`.`Amenities`, `h`.`CachedAt`, `h`.`City`, `h`.`CountryCode`, `h`.`Description`, `h`.`ExternalId`, `h`.`GuestRating`, `h`.`ImageUrl`, `h`.`Latitude`, `h`.`Longitude`, `h`.`Name`, `h`.`Provider`, `h`.`StarRating`, `f`.`Id`, `f`.`Airline`, `f`.`ArrivalAt`, `f`.`CabinClass`, `f`.`CachedAt`, `f`.`CurrencyCode`, `f`.`DepartureAt`, `f`.`DestinationCity`, `f`.`DestinationCode`, `f`.`DurationMinutes`, `f`.`ExternalId`, `f`.`FlightNumber`, `f`.`OriginCity`, `f`.`OriginCode`, `f`.`Price`, `f`.`Provider`, `f`.`SeatsAvailable`, `f`.`Stops`
FROM `Bookings` AS `b`
LEFT JOIN `Hotels` AS `h` ON `b`.`HotelId` = `h`.`Id`
LEFT JOIN `Flights` AS `f` ON `b`.`FlightId` = `f`.`Id`
WHERE `b`.`UserId` = @__userId_0
ORDER BY `b`.`CreatedAt` DESC
2026-05-26 02:16:06.402 +01:00 [INF] HTTP GET /api/hotels/bookings responded 200 in 4.7660 ms
2026-05-26 02:16:16.036 +01:00 [INF] HTTP OPTIONS /api/flights/alerts responded 204 in 0.0934 ms
2026-05-26 02:16:16.043 +01:00 [INF] Executed DbCommand (1ms) [Parameters=[@__userId_0='?' (DbType = Guid)], CommandType='"Text"', CommandTimeout='30']
SELECT `f`.`Id`, `f`.`CreatedAt`, `f`.`CurrencyCode`, `f`.`DepartureFrom`, `f`.`DepartureTo`, `f`.`DestinationCode`, `f`.`IsActive`, `f`.`LastTriggeredAt`, `f`.`OriginCode`, `f`.`TargetPrice`, `f`.`UserId`
FROM `FlightAlerts` AS `f`
WHERE `f`.`UserId` = @__userId_0
ORDER BY `f`.`CreatedAt` DESC
2026-05-26 02:16:16.044 +01:00 [INF] HTTP GET /api/flights/alerts responded 200 in 4.4033 ms
2026-05-26 02:16:17.767 +01:00 [INF] HTTP OPTIONS /api/admin/users responded 204 in 0.0473 ms
2026-05-26 02:16:17.774 +01:00 [INF] Executed DbCommand (1ms) [Parameters=[], CommandType='"Text"', CommandTimeout='30']
SELECT `u`.`Id`, `u`.`AccessFailedCount`, `u`.`AvatarUrl`, `u`.`ConcurrencyStamp`, `u`.`CreatedAt`, `u`.`Email`, `u`.`EmailConfirmed`, `u`.`FirstName`, `u`.`IsActive`, `u`.`LastLoginAt`, `u`.`LastName`, `u`.`LockoutEnabled`, `u`.`LockoutEnd`, `u`.`NormalizedEmail`, `u`.`NormalizedUserName`, `u`.`PasswordHash`, `u`.`PasswordResetToken`, `u`.`PasswordResetTokenExpiry`, `u`.`PhoneNumber`, `u`.`PhoneNumberConfirmed`, `u`.`PreferredLanguage`, `u`.`RefreshToken`, `u`.`RefreshTokenExpiry`, `u`.`SecurityStamp`, `u`.`TwoFactorEnabled`, `u`.`UserName`
FROM `Users` AS `u`
2026-05-26 02:16:17.777 +01:00 [INF] Executed DbCommand (1ms) [Parameters=[@__userId_0='?' (DbType = Guid)], CommandType='"Text"', CommandTimeout='30']
SELECT `r`.`Name`
FROM `UserRoles` AS `u`
INNER JOIN `Roles` AS `r` ON `u`.`RoleId` = `r`.`Id`
WHERE `u`.`UserId` = @__userId_0
2026-05-26 02:16:17.778 +01:00 [INF] HTTP GET /api/admin/users responded 200 in 7.3541 ms
2026-05-26 02:16:18.962 +01:00 [INF] HTTP OPTIONS /api/itineraries responded 204 in 0.0570 ms
2026-05-26 02:16:18.970 +01:00 [INF] Executed DbCommand (1ms) [Parameters=[@__userId_0='?' (DbType = Guid)], CommandType='"Text"', CommandTimeout='30']
SELECT `i`.`Id`, `i`.`Budget`, `i`.`CountryCode`, `i`.`CreatedAt`, `i`.`CurrencyCode`, `i`.`Description`, `i`.`Destination`, `i`.`EndDate`, `i`.`Latitude`, `i`.`Longitude`, `i`.`StartDate`, `i`.`Status`, `i`.`Title`, `i`.`UpdatedAt`, `i`.`UserId`, `i0`.`Id`, `i0`.`Address`, `i0`.`Category`, `i0`.`DayNumber`, `i0`.`DurationMinutes`, `i0`.`ItineraryId`, `i0`.`Latitude`, `i0`.`Longitude`, `i0`.`Name`, `i0`.`Notes`, `i0`.`OrderIndex`, `i0`.`VisitTime`
FROM `Itineraries` AS `i`
LEFT JOIN `ItineraryStops` AS `i0` ON `i`.`Id` = `i0`.`ItineraryId`
WHERE `i`.`UserId` = @__userId_0
ORDER BY `i`.`UpdatedAt` DESC, `i`.`Id`
2026-05-26 02:16:18.970 +01:00 [INF] HTTP GET /api/itineraries responded 200 in 4.4449 ms
2026-05-26 02:16:22.349 +01:00 [INF] HTTP OPTIONS /api/flights/alerts responded 204 in 0.0664 ms
2026-05-26 02:16:22.357 +01:00 [INF] Executed DbCommand (1ms) [Parameters=[@__userId_0='?' (DbType = Guid)], CommandType='"Text"', CommandTimeout='30']
SELECT `f`.`Id`, `f`.`CreatedAt`, `f`.`CurrencyCode`, `f`.`DepartureFrom`, `f`.`DepartureTo`, `f`.`DestinationCode`, `f`.`IsActive`, `f`.`LastTriggeredAt`, `f`.`OriginCode`, `f`.`TargetPrice`, `f`.`UserId`
FROM `FlightAlerts` AS `f`
WHERE `f`.`UserId` = @__userId_0
ORDER BY `f`.`CreatedAt` DESC
2026-05-26 02:16:22.358 +01:00 [INF] HTTP GET /api/flights/alerts responded 200 in 5.2487 ms
2026-05-26 02:16:23.456 +01:00 [INF] HTTP OPTIONS /api/hotels/bookings responded 204 in 0.0505 ms
2026-05-26 02:16:23.465 +01:00 [INF] Executed DbCommand (1ms) [Parameters=[@__userId_0='?' (DbType = Guid)], CommandType='"Text"', CommandTimeout='30']
SELECT `b`.`Id`, `b`.`CheckIn`, `b`.`CheckOut`, `b`.`ConfirmationNumber`, `b`.`CreatedAt`, `b`.`CurrencyCode`, `b`.`FlightId`, `b`.`Guests`, `b`.`HotelId`, `b`.`HotelRoomId`, `b`.`Notes`, `b`.`ProviderReference`, `b`.`Status`, `b`.`TotalPrice`, `b`.`Type`, `b`.`UpdatedAt`, `b`.`UserId`, `h`.`Id`, `h`.`Address`, `h`.`Amenities`, `h`.`CachedAt`, `h`.`City`, `h`.`CountryCode`, `h`.`Description`, `h`.`ExternalId`, `h`.`GuestRating`, `h`.`ImageUrl`, `h`.`Latitude`, `h`.`Longitude`, `h`.`Name`, `h`.`Provider`, `h`.`StarRating`, `f`.`Id`, `f`.`Airline`, `f`.`ArrivalAt`, `f`.`CabinClass`, `f`.`CachedAt`, `f`.`CurrencyCode`, `f`.`DepartureAt`, `f`.`DestinationCity`, `f`.`DestinationCode`, `f`.`DurationMinutes`, `f`.`ExternalId`, `f`.`FlightNumber`, `f`.`OriginCity`, `f`.`OriginCode`, `f`.`Price`, `f`.`Provider`, `f`.`SeatsAvailable`, `f`.`Stops`
FROM `Bookings` AS `b`
LEFT JOIN `Hotels` AS `h` ON `b`.`HotelId` = `h`.`Id`
LEFT JOIN `Flights` AS `f` ON `b`.`FlightId` = `f`.`Id`
WHERE `b`.`UserId` = @__userId_0
ORDER BY `b`.`CreatedAt` DESC
2026-05-26 02:16:23.465 +01:00 [INF] HTTP GET /api/hotels/bookings responded 200 in 4.9446 ms
2026-05-26 02:16:24.891 +01:00 [INF] HTTP OPTIONS /api/itineraries responded 204 in 0.0935 ms
2026-05-26 02:16:24.899 +01:00 [INF] Executed DbCommand (1ms) [Parameters=[@__userId_0='?' (DbType = Guid)], CommandType='"Text"', CommandTimeout='30']
SELECT `i`.`Id`, `i`.`Budget`, `i`.`CountryCode`, `i`.`CreatedAt`, `i`.`CurrencyCode`, `i`.`Description`, `i`.`Destination`, `i`.`EndDate`, `i`.`Latitude`, `i`.`Longitude`, `i`.`StartDate`, `i`.`Status`, `i`.`Title`, `i`.`UpdatedAt`, `i`.`UserId`, `i0`.`Id`, `i0`.`Address`, `i0`.`Category`, `i0`.`DayNumber`, `i0`.`DurationMinutes`, `i0`.`ItineraryId`, `i0`.`Latitude`, `i0`.`Longitude`, `i0`.`Name`, `i0`.`Notes`, `i0`.`OrderIndex`, `i0`.`VisitTime`
FROM `Itineraries` AS `i`
LEFT JOIN `ItineraryStops` AS `i0` ON `i`.`Id` = `i0`.`ItineraryId`
WHERE `i`.`UserId` = @__userId_0
ORDER BY `i`.`UpdatedAt` DESC, `i`.`Id`
2026-05-26 02:16:24.900 +01:00 [INF] HTTP GET /api/itineraries responded 200 in 4.9849 ms
2026-05-26 02:16:26.094 +01:00 [INF] Executed DbCommand (2ms) [Parameters=[@__userId_0='?' (DbType = Guid)], CommandType='"Text"', CommandTimeout='30']
SELECT `b`.`Id`, `b`.`CheckIn`, `b`.`CheckOut`, `b`.`ConfirmationNumber`, `b`.`CreatedAt`, `b`.`CurrencyCode`, `b`.`FlightId`, `b`.`Guests`, `b`.`HotelId`, `b`.`HotelRoomId`, `b`.`Notes`, `b`.`ProviderReference`, `b`.`Status`, `b`.`TotalPrice`, `b`.`Type`, `b`.`UpdatedAt`, `b`.`UserId`, `h`.`Id`, `h`.`Address`, `h`.`Amenities`, `h`.`CachedAt`, `h`.`City`, `h`.`CountryCode`, `h`.`Description`, `h`.`ExternalId`, `h`.`GuestRating`, `h`.`ImageUrl`, `h`.`Latitude`, `h`.`Longitude`, `h`.`Name`, `h`.`Provider`, `h`.`StarRating`, `f`.`Id`, `f`.`Airline`, `f`.`ArrivalAt`, `f`.`CabinClass`, `f`.`CachedAt`, `f`.`CurrencyCode`, `f`.`DepartureAt`, `f`.`DestinationCity`, `f`.`DestinationCode`, `f`.`DurationMinutes`, `f`.`ExternalId`, `f`.`FlightNumber`, `f`.`OriginCity`, `f`.`OriginCode`, `f`.`Price`, `f`.`Provider`, `f`.`SeatsAvailable`, `f`.`Stops`
FROM `Bookings` AS `b`
LEFT JOIN `Hotels` AS `h` ON `b`.`HotelId` = `h`.`Id`
LEFT JOIN `Flights` AS `f` ON `b`.`FlightId` = `f`.`Id`
WHERE `b`.`UserId` = @__userId_0
ORDER BY `b`.`CreatedAt` DESC
2026-05-26 02:16:26.095 +01:00 [INF] HTTP GET /api/hotels/bookings responded 200 in 5.8706 ms
2026-05-26 02:16:27.226 +01:00 [INF] Executed DbCommand (2ms) [Parameters=[@__userId_0='?' (DbType = Guid)], CommandType='"Text"', CommandTimeout='30']
SELECT `i`.`Id`, `i`.`Budget`, `i`.`CountryCode`, `i`.`CreatedAt`, `i`.`CurrencyCode`, `i`.`Description`, `i`.`Destination`, `i`.`EndDate`, `i`.`Latitude`, `i`.`Longitude`, `i`.`StartDate`, `i`.`Status`, `i`.`Title`, `i`.`UpdatedAt`, `i`.`UserId`, `i0`.`Id`, `i0`.`Address`, `i0`.`Category`, `i0`.`DayNumber`, `i0`.`DurationMinutes`, `i0`.`ItineraryId`, `i0`.`Latitude`, `i0`.`Longitude`, `i0`.`Name`, `i0`.`Notes`, `i0`.`OrderIndex`, `i0`.`VisitTime`
FROM `Itineraries` AS `i`
LEFT JOIN `ItineraryStops` AS `i0` ON `i`.`Id` = `i0`.`ItineraryId`
WHERE `i`.`UserId` = @__userId_0
ORDER BY `i`.`UpdatedAt` DESC, `i`.`Id`
2026-05-26 02:16:27.227 +01:00 [INF] HTTP GET /api/itineraries responded 200 in 6.5744 ms
2026-05-26 02:16:30.873 +01:00 [INF] HTTP OPTIONS /api/auth/logout responded 204 in 0.1942 ms
2026-05-26 02:16:30.996 +01:00 [INF] Executed DbCommand (1ms) [Parameters=[@__get_Item_0='?' (DbType = Guid)], CommandType='"Text"', CommandTimeout='30']
SELECT `u`.`Id`, `u`.`AccessFailedCount`, `u`.`AvatarUrl`, `u`.`ConcurrencyStamp`, `u`.`CreatedAt`, `u`.`Email`, `u`.`EmailConfirmed`, `u`.`FirstName`, `u`.`IsActive`, `u`.`LastLoginAt`, `u`.`LastName`, `u`.`LockoutEnabled`, `u`.`LockoutEnd`, `u`.`NormalizedEmail`, `u`.`NormalizedUserName`, `u`.`PasswordHash`, `u`.`PasswordResetToken`, `u`.`PasswordResetTokenExpiry`, `u`.`PhoneNumber`, `u`.`PhoneNumberConfirmed`, `u`.`PreferredLanguage`, `u`.`RefreshToken`, `u`.`RefreshTokenExpiry`, `u`.`SecurityStamp`, `u`.`TwoFactorEnabled`, `u`.`UserName`
FROM `Users` AS `u`
WHERE `u`.`Id` = @__get_Item_0
LIMIT 1
2026-05-26 02:16:31.022 +01:00 [INF] Executed DbCommand (1ms) [Parameters=[@__normalizedUserName_0='?' (Size = 256)], CommandType='"Text"', CommandTimeout='30']
SELECT `u`.`Id`, `u`.`AccessFailedCount`, `u`.`AvatarUrl`, `u`.`ConcurrencyStamp`, `u`.`CreatedAt`, `u`.`Email`, `u`.`EmailConfirmed`, `u`.`FirstName`, `u`.`IsActive`, `u`.`LastLoginAt`, `u`.`LastName`, `u`.`LockoutEnabled`, `u`.`LockoutEnd`, `u`.`NormalizedEmail`, `u`.`NormalizedUserName`, `u`.`PasswordHash`, `u`.`PasswordResetToken`, `u`.`PasswordResetTokenExpiry`, `u`.`PhoneNumber`, `u`.`PhoneNumberConfirmed`, `u`.`PreferredLanguage`, `u`.`RefreshToken`, `u`.`RefreshTokenExpiry`, `u`.`SecurityStamp`, `u`.`TwoFactorEnabled`, `u`.`UserName`
FROM `Users` AS `u`
WHERE `u`.`NormalizedUserName` = @__normalizedUserName_0
LIMIT 1
2026-05-26 02:16:31.024 +01:00 [INF] Executed DbCommand (1ms) [Parameters=[@__normalizedEmail_0='?' (Size = 256)], CommandType='"Text"', CommandTimeout='30']
SELECT `u`.`Id`, `u`.`AccessFailedCount`, `u`.`AvatarUrl`, `u`.`ConcurrencyStamp`, `u`.`CreatedAt`, `u`.`Email`, `u`.`EmailConfirmed`, `u`.`FirstName`, `u`.`IsActive`, `u`.`LastLoginAt`, `u`.`LastName`, `u`.`LockoutEnabled`, `u`.`LockoutEnd`, `u`.`NormalizedEmail`, `u`.`NormalizedUserName`, `u`.`PasswordHash`, `u`.`PasswordResetToken`, `u`.`PasswordResetTokenExpiry`, `u`.`PhoneNumber`, `u`.`PhoneNumberConfirmed`, `u`.`PreferredLanguage`, `u`.`RefreshToken`, `u`.`RefreshTokenExpiry`, `u`.`SecurityStamp`, `u`.`TwoFactorEnabled`, `u`.`UserName`
FROM `Users` AS `u`
WHERE `u`.`NormalizedEmail` = @__normalizedEmail_0
LIMIT 2
2026-05-26 02:16:31.088 +01:00 [INF] Executed DbCommand (60ms) [Parameters=[@p25='?' (DbType = Guid), @p0='?' (DbType = Int32), @p1='?' (Size = 500), @p2='?' (Size = 4000), @p26='?' (Size = 4000), @p3='?' (DbType = DateTime), @p4='?' (Size = 256), @p5='?' (DbType = Boolean), @p6='?' (Size = 100), @p7='?' (DbType = Boolean), @p8='?' (DbType = DateTime), @p9='?' (Size = 100), @p10='?' (DbType = Boolean), @p11='?' (DbType = DateTimeOffset), @p12='?' (Size = 256), @p13='?' (Size = 256), @p14='?' (Size = 4000), @p15='?' (Size = 4000), @p16='?' (DbType = DateTime), @p17='?' (Size = 4000), @p18='?' (DbType = Boolean), @p19='?' (Size = 10), @p20='?' (Size = 4000), @p21='?' (DbType = DateTime), @p22='?' (Size = 4000), @p23='?' (DbType = Boolean), @p24='?' (Size = 256)], CommandType='"Text"', CommandTimeout='30']
SET AUTOCOMMIT = 1;
UPDATE `Users` SET `AccessFailedCount` = @p0, `AvatarUrl` = @p1, `ConcurrencyStamp` = @p2, `CreatedAt` = @p3, `Email` = @p4, `EmailConfirmed` = @p5, `FirstName` = @p6, `IsActive` = @p7, `LastLoginAt` = @p8, `LastName` = @p9, `LockoutEnabled` = @p10, `LockoutEnd` = @p11, `NormalizedEmail` = @p12, `NormalizedUserName` = @p13, `PasswordHash` = @p14, `PasswordResetToken` = @p15, `PasswordResetTokenExpiry` = @p16, `PhoneNumber` = @p17, `PhoneNumberConfirmed` = @p18, `PreferredLanguage` = @p19, `RefreshToken` = @p20, `RefreshTokenExpiry` = @p21, `SecurityStamp` = @p22, `TwoFactorEnabled` = @p23, `UserName` = @p24
WHERE `Id` = @p25 AND `ConcurrencyStamp` = @p26;
SELECT ROW_COUNT();
2026-05-26 02:16:31.091 +01:00 [INF] HTTP POST /api/auth/logout responded 204 in 212.7587 ms
2026-05-26 02:17:10.152 +01:00 [INF] HTTP OPTIONS /api/auth/register responded 204 in 0.0583 ms
2026-05-26 02:17:10.175 +01:00 [INF] Executed DbCommand (0ms) [Parameters=[@__normalizedEmail_0='?' (Size = 256)], CommandType='"Text"', CommandTimeout='30']
SELECT `u`.`Id`, `u`.`AccessFailedCount`, `u`.`AvatarUrl`, `u`.`ConcurrencyStamp`, `u`.`CreatedAt`, `u`.`Email`, `u`.`EmailConfirmed`, `u`.`FirstName`, `u`.`IsActive`, `u`.`LastLoginAt`, `u`.`LastName`, `u`.`LockoutEnabled`, `u`.`LockoutEnd`, `u`.`NormalizedEmail`, `u`.`NormalizedUserName`, `u`.`PasswordHash`, `u`.`PasswordResetToken`, `u`.`PasswordResetTokenExpiry`, `u`.`PhoneNumber`, `u`.`PhoneNumberConfirmed`, `u`.`PreferredLanguage`, `u`.`RefreshToken`, `u`.`RefreshTokenExpiry`, `u`.`SecurityStamp`, `u`.`TwoFactorEnabled`, `u`.`UserName`
FROM `Users` AS `u`
WHERE `u`.`NormalizedEmail` = @__normalizedEmail_0
LIMIT 2
2026-05-26 02:17:10.180 +01:00 [ERR] HTTP POST /api/auth/register responded 500 in 23.9641 ms
System.InvalidOperationException: Passwords must have at least one lowercase ('a'-'z')., Passwords must have at least one uppercase ('A'-'Z').
   at TravelSystem.Application.Services.AuthService.RegisterAsync(RegisterRequest request, CancellationToken ct) in /home/andre-laercio/Documentos/travel-app/backend/src/TravelSystem.Application/Services/AuthService.cs:line 53
   at TravelSystem.API.Controllers.AuthController.Register(RegisterRequest request, CancellationToken ct) in /home/andre-laercio/Documentos/travel-app/backend/src/TravelSystem.API/Controllers/AuthController.cs:line 35
   at lambda_method663(Closure, Object)
   at Microsoft.AspNetCore.Mvc.Infrastructure.ActionMethodExecutor.AwaitableObjectResultExecutor.Execute(ActionContext actionContext, IActionResultTypeMapper mapper, ObjectMethodExecutor executor, Object controller, Object[] arguments)
   at Microsoft.AspNetCore.Mvc.Infrastructure.ControllerActionInvoker.<InvokeActionMethodAsync>g__Awaited|12_0(ControllerActionInvoker invoker, ValueTask`1 actionResultValueTask)
   at Microsoft.AspNetCore.Mvc.Infrastructure.ControllerActionInvoker.<InvokeNextActionFilterAsync>g__Awaited|10_0(ControllerActionInvoker invoker, Task lastTask, State next, Scope scope, Object state, Boolean isCompleted)
   at Microsoft.AspNetCore.Mvc.Infrastructure.ControllerActionInvoker.Rethrow(ActionExecutedContextSealed context)
   at Microsoft.AspNetCore.Mvc.Infrastructure.ControllerActionInvoker.Next(State& next, Scope& scope, Object& state, Boolean& isCompleted)
   at Microsoft.AspNetCore.Mvc.Infrastructure.ControllerActionInvoker.<InvokeInnerFilterAsync>g__Awaited|13_0(ControllerActionInvoker invoker, Task lastTask, State next, Scope scope, Object state, Boolean isCompleted)
   at Microsoft.AspNetCore.Mvc.Infrastructure.ResourceInvoker.<InvokeFilterPipelineAsync>g__Awaited|20_0(ResourceInvoker invoker, Task lastTask, State next, Scope scope, Object state, Boolean isCompleted)
   at Microsoft.AspNetCore.Mvc.Infrastructure.ResourceInvoker.<InvokeAsync>g__Awaited|17_0(ResourceInvoker invoker, Task task, IDisposable scope)
   at Microsoft.AspNetCore.Mvc.Infrastructure.ResourceInvoker.<InvokeAsync>g__Awaited|17_0(ResourceInvoker invoker, Task task, IDisposable scope)
   at Microsoft.AspNetCore.Authorization.AuthorizationMiddleware.Invoke(HttpContext context)
   at Microsoft.AspNetCore.Authentication.AuthenticationMiddleware.Invoke(HttpContext context)
   at Serilog.AspNetCore.RequestLoggingMiddleware.Invoke(HttpContext httpContext)
2026-05-26 02:17:10.220 +01:00 [ERR] Unhandled exception on POST /api/auth/register
System.InvalidOperationException: Passwords must have at least one lowercase ('a'-'z')., Passwords must have at least one uppercase ('A'-'Z').
   at TravelSystem.Application.Services.AuthService.RegisterAsync(RegisterRequest request, CancellationToken ct) in /home/andre-laercio/Documentos/travel-app/backend/src/TravelSystem.Application/Services/AuthService.cs:line 53
   at TravelSystem.API.Controllers.AuthController.Register(RegisterRequest request, CancellationToken ct) in /home/andre-laercio/Documentos/travel-app/backend/src/TravelSystem.API/Controllers/AuthController.cs:line 35
   at lambda_method663(Closure, Object)
   at Microsoft.AspNetCore.Mvc.Infrastructure.ActionMethodExecutor.AwaitableObjectResultExecutor.Execute(ActionContext actionContext, IActionResultTypeMapper mapper, ObjectMethodExecutor executor, Object controller, Object[] arguments)
   at Microsoft.AspNetCore.Mvc.Infrastructure.ControllerActionInvoker.<InvokeActionMethodAsync>g__Awaited|12_0(ControllerActionInvoker invoker, ValueTask`1 actionResultValueTask)
   at Microsoft.AspNetCore.Mvc.Infrastructure.ControllerActionInvoker.<InvokeNextActionFilterAsync>g__Awaited|10_0(ControllerActionInvoker invoker, Task lastTask, State next, Scope scope, Object state, Boolean isCompleted)
   at Microsoft.AspNetCore.Mvc.Infrastructure.ControllerActionInvoker.Rethrow(ActionExecutedContextSealed context)
   at Microsoft.AspNetCore.Mvc.Infrastructure.ControllerActionInvoker.Next(State& next, Scope& scope, Object& state, Boolean& isCompleted)
   at Microsoft.AspNetCore.Mvc.Infrastructure.ControllerActionInvoker.<InvokeInnerFilterAsync>g__Awaited|13_0(ControllerActionInvoker invoker, Task lastTask, State next, Scope scope, Object state, Boolean isCompleted)
   at Microsoft.AspNetCore.Mvc.Infrastructure.ResourceInvoker.<InvokeFilterPipelineAsync>g__Awaited|20_0(ResourceInvoker invoker, Task lastTask, State next, Scope scope, Object state, Boolean isCompleted)
   at Microsoft.AspNetCore.Mvc.Infrastructure.ResourceInvoker.<InvokeAsync>g__Awaited|17_0(ResourceInvoker invoker, Task task, IDisposable scope)
   at Microsoft.AspNetCore.Mvc.Infrastructure.ResourceInvoker.<InvokeAsync>g__Awaited|17_0(ResourceInvoker invoker, Task task, IDisposable scope)
   at Microsoft.AspNetCore.Authorization.AuthorizationMiddleware.Invoke(HttpContext context)
   at Microsoft.AspNetCore.Authentication.AuthenticationMiddleware.Invoke(HttpContext context)
   at Serilog.AspNetCore.RequestLoggingMiddleware.Invoke(HttpContext httpContext)
   at Microsoft.AspNetCore.Localization.RequestLocalizationMiddleware.Invoke(HttpContext context)
   at TravelSystem.API.Middleware.ExceptionHandlerMiddleware.InvokeAsync(HttpContext ctx) in /home/andre-laercio/Documentos/travel-app/backend/src/TravelSystem.API/Middleware/ExceptionHandlerMiddleware.cs:line 28
2026-05-26 02:17:13.497 +01:00 [INF] Executed DbCommand (1ms) [Parameters=[@__normalizedEmail_0='?' (Size = 256)], CommandType='"Text"', CommandTimeout='30']
SELECT `u`.`Id`, `u`.`AccessFailedCount`, `u`.`AvatarUrl`, `u`.`ConcurrencyStamp`, `u`.`CreatedAt`, `u`.`Email`, `u`.`EmailConfirmed`, `u`.`FirstName`, `u`.`IsActive`, `u`.`LastLoginAt`, `u`.`LastName`, `u`.`LockoutEnabled`, `u`.`LockoutEnd`, `u`.`NormalizedEmail`, `u`.`NormalizedUserName`, `u`.`PasswordHash`, `u`.`PasswordResetToken`, `u`.`PasswordResetTokenExpiry`, `u`.`PhoneNumber`, `u`.`PhoneNumberConfirmed`, `u`.`PreferredLanguage`, `u`.`RefreshToken`, `u`.`RefreshTokenExpiry`, `u`.`SecurityStamp`, `u`.`TwoFactorEnabled`, `u`.`UserName`
FROM `Users` AS `u`
WHERE `u`.`NormalizedEmail` = @__normalizedEmail_0
LIMIT 2
2026-05-26 02:17:13.500 +01:00 [ERR] HTTP POST /api/auth/register responded 500 in 10.2713 ms
System.InvalidOperationException: Passwords must have at least one lowercase ('a'-'z')., Passwords must have at least one uppercase ('A'-'Z').
   at TravelSystem.Application.Services.AuthService.RegisterAsync(RegisterRequest request, CancellationToken ct) in /home/andre-laercio/Documentos/travel-app/backend/src/TravelSystem.Application/Services/AuthService.cs:line 53
   at TravelSystem.API.Controllers.AuthController.Register(RegisterRequest request, CancellationToken ct) in /home/andre-laercio/Documentos/travel-app/backend/src/TravelSystem.API/Controllers/AuthController.cs:line 35
   at lambda_method663(Closure, Object)
   at Microsoft.AspNetCore.Mvc.Infrastructure.ActionMethodExecutor.AwaitableObjectResultExecutor.Execute(ActionContext actionContext, IActionResultTypeMapper mapper, ObjectMethodExecutor executor, Object controller, Object[] arguments)
   at Microsoft.AspNetCore.Mvc.Infrastructure.ControllerActionInvoker.<InvokeActionMethodAsync>g__Awaited|12_0(ControllerActionInvoker invoker, ValueTask`1 actionResultValueTask)
   at Microsoft.AspNetCore.Mvc.Infrastructure.ControllerActionInvoker.<InvokeNextActionFilterAsync>g__Awaited|10_0(ControllerActionInvoker invoker, Task lastTask, State next, Scope scope, Object state, Boolean isCompleted)
   at Microsoft.AspNetCore.Mvc.Infrastructure.ControllerActionInvoker.Rethrow(ActionExecutedContextSealed context)
   at Microsoft.AspNetCore.Mvc.Infrastructure.ControllerActionInvoker.Next(State& next, Scope& scope, Object& state, Boolean& isCompleted)
   at Microsoft.AspNetCore.Mvc.Infrastructure.ControllerActionInvoker.<InvokeInnerFilterAsync>g__Awaited|13_0(ControllerActionInvoker invoker, Task lastTask, State next, Scope scope, Object state, Boolean isCompleted)
   at Microsoft.AspNetCore.Mvc.Infrastructure.ResourceInvoker.<InvokeFilterPipelineAsync>g__Awaited|20_0(ResourceInvoker invoker, Task lastTask, State next, Scope scope, Object state, Boolean isCompleted)
   at Microsoft.AspNetCore.Mvc.Infrastructure.ResourceInvoker.<InvokeAsync>g__Awaited|17_0(ResourceInvoker invoker, Task task, IDisposable scope)
   at Microsoft.AspNetCore.Mvc.Infrastructure.ResourceInvoker.<InvokeAsync>g__Awaited|17_0(ResourceInvoker invoker, Task task, IDisposable scope)
   at Microsoft.AspNetCore.Authorization.AuthorizationMiddleware.Invoke(HttpContext context)
   at Microsoft.AspNetCore.Authentication.AuthenticationMiddleware.Invoke(HttpContext context)
   at Serilog.AspNetCore.RequestLoggingMiddleware.Invoke(HttpContext httpContext)
2026-05-26 02:17:13.503 +01:00 [ERR] Unhandled exception on POST /api/auth/register
System.InvalidOperationException: Passwords must have at least one lowercase ('a'-'z')., Passwords must have at least one uppercase ('A'-'Z').
   at TravelSystem.Application.Services.AuthService.RegisterAsync(RegisterRequest request, CancellationToken ct) in /home/andre-laercio/Documentos/travel-app/backend/src/TravelSystem.Application/Services/AuthService.cs:line 53
   at TravelSystem.API.Controllers.AuthController.Register(RegisterRequest request, CancellationToken ct) in /home/andre-laercio/Documentos/travel-app/backend/src/TravelSystem.API/Controllers/AuthController.cs:line 35
   at lambda_method663(Closure, Object)
   at Microsoft.AspNetCore.Mvc.Infrastructure.ActionMethodExecutor.AwaitableObjectResultExecutor.Execute(ActionContext actionContext, IActionResultTypeMapper mapper, ObjectMethodExecutor executor, Object controller, Object[] arguments)
   at Microsoft.AspNetCore.Mvc.Infrastructure.ControllerActionInvoker.<InvokeActionMethodAsync>g__Awaited|12_0(ControllerActionInvoker invoker, ValueTask`1 actionResultValueTask)
   at Microsoft.AspNetCore.Mvc.Infrastructure.ControllerActionInvoker.<InvokeNextActionFilterAsync>g__Awaited|10_0(ControllerActionInvoker invoker, Task lastTask, State next, Scope scope, Object state, Boolean isCompleted)
   at Microsoft.AspNetCore.Mvc.Infrastructure.ControllerActionInvoker.Rethrow(ActionExecutedContextSealed context)
   at Microsoft.AspNetCore.Mvc.Infrastructure.ControllerActionInvoker.Next(State& next, Scope& scope, Object& state, Boolean& isCompleted)
   at Microsoft.AspNetCore.Mvc.Infrastructure.ControllerActionInvoker.<InvokeInnerFilterAsync>g__Awaited|13_0(ControllerActionInvoker invoker, Task lastTask, State next, Scope scope, Object state, Boolean isCompleted)
   at Microsoft.AspNetCore.Mvc.Infrastructure.ResourceInvoker.<InvokeFilterPipelineAsync>g__Awaited|20_0(ResourceInvoker invoker, Task lastTask, State next, Scope scope, Object state, Boolean isCompleted)
   at Microsoft.AspNetCore.Mvc.Infrastructure.ResourceInvoker.<InvokeAsync>g__Awaited|17_0(ResourceInvoker invoker, Task task, IDisposable scope)
   at Microsoft.AspNetCore.Mvc.Infrastructure.ResourceInvoker.<InvokeAsync>g__Awaited|17_0(ResourceInvoker invoker, Task task, IDisposable scope)
   at Microsoft.AspNetCore.Authorization.AuthorizationMiddleware.Invoke(HttpContext context)
   at Microsoft.AspNetCore.Authentication.AuthenticationMiddleware.Invoke(HttpContext context)
   at Serilog.AspNetCore.RequestLoggingMiddleware.Invoke(HttpContext httpContext)
   at Microsoft.AspNetCore.Localization.RequestLocalizationMiddleware.Invoke(HttpContext context)
   at TravelSystem.API.Middleware.ExceptionHandlerMiddleware.InvokeAsync(HttpContext ctx) in /home/andre-laercio/Documentos/travel-app/backend/src/TravelSystem.API/Middleware/ExceptionHandlerMiddleware.cs:line 28
2026-05-26 02:17:29.636 +01:00 [INF] HTTP OPTIONS /api/auth/register responded 204 in 0.0520 ms
2026-05-26 02:17:29.645 +01:00 [INF] Executed DbCommand (1ms) [Parameters=[@__normalizedEmail_0='?' (Size = 256)], CommandType='"Text"', CommandTimeout='30']
SELECT `u`.`Id`, `u`.`AccessFailedCount`, `u`.`AvatarUrl`, `u`.`ConcurrencyStamp`, `u`.`CreatedAt`, `u`.`Email`, `u`.`EmailConfirmed`, `u`.`FirstName`, `u`.`IsActive`, `u`.`LastLoginAt`, `u`.`LastName`, `u`.`LockoutEnabled`, `u`.`LockoutEnd`, `u`.`NormalizedEmail`, `u`.`NormalizedUserName`, `u`.`PasswordHash`, `u`.`PasswordResetToken`, `u`.`PasswordResetTokenExpiry`, `u`.`PhoneNumber`, `u`.`PhoneNumberConfirmed`, `u`.`PreferredLanguage`, `u`.`RefreshToken`, `u`.`RefreshTokenExpiry`, `u`.`SecurityStamp`, `u`.`TwoFactorEnabled`, `u`.`UserName`
FROM `Users` AS `u`
WHERE `u`.`NormalizedEmail` = @__normalizedEmail_0
LIMIT 2
2026-05-26 02:17:29.647 +01:00 [ERR] HTTP POST /api/auth/register responded 500 in 6.7043 ms
System.InvalidOperationException: Passwords must have at least one lowercase ('a'-'z')., Passwords must have at least one uppercase ('A'-'Z').
   at TravelSystem.Application.Services.AuthService.RegisterAsync(RegisterRequest request, CancellationToken ct) in /home/andre-laercio/Documentos/travel-app/backend/src/TravelSystem.Application/Services/AuthService.cs:line 53
   at TravelSystem.API.Controllers.AuthController.Register(RegisterRequest request, CancellationToken ct) in /home/andre-laercio/Documentos/travel-app/backend/src/TravelSystem.API/Controllers/AuthController.cs:line 35
   at lambda_method663(Closure, Object)
   at Microsoft.AspNetCore.Mvc.Infrastructure.ActionMethodExecutor.AwaitableObjectResultExecutor.Execute(ActionContext actionContext, IActionResultTypeMapper mapper, ObjectMethodExecutor executor, Object controller, Object[] arguments)
   at Microsoft.AspNetCore.Mvc.Infrastructure.ControllerActionInvoker.<InvokeActionMethodAsync>g__Awaited|12_0(ControllerActionInvoker invoker, ValueTask`1 actionResultValueTask)
   at Microsoft.AspNetCore.Mvc.Infrastructure.ControllerActionInvoker.<InvokeNextActionFilterAsync>g__Awaited|10_0(ControllerActionInvoker invoker, Task lastTask, State next, Scope scope, Object state, Boolean isCompleted)
   at Microsoft.AspNetCore.Mvc.Infrastructure.ControllerActionInvoker.Rethrow(ActionExecutedContextSealed context)
   at Microsoft.AspNetCore.Mvc.Infrastructure.ControllerActionInvoker.Next(State& next, Scope& scope, Object& state, Boolean& isCompleted)
   at Microsoft.AspNetCore.Mvc.Infrastructure.ControllerActionInvoker.<InvokeInnerFilterAsync>g__Awaited|13_0(ControllerActionInvoker invoker, Task lastTask, State next, Scope scope, Object state, Boolean isCompleted)
   at Microsoft.AspNetCore.Mvc.Infrastructure.ResourceInvoker.<InvokeFilterPipelineAsync>g__Awaited|20_0(ResourceInvoker invoker, Task lastTask, State next, Scope scope, Object state, Boolean isCompleted)
   at Microsoft.AspNetCore.Mvc.Infrastructure.ResourceInvoker.<InvokeAsync>g__Awaited|17_0(ResourceInvoker invoker, Task task, IDisposable scope)
   at Microsoft.AspNetCore.Mvc.Infrastructure.ResourceInvoker.<InvokeAsync>g__Awaited|17_0(ResourceInvoker invoker, Task task, IDisposable scope)
   at Microsoft.AspNetCore.Authorization.AuthorizationMiddleware.Invoke(HttpContext context)
   at Microsoft.AspNetCore.Authentication.AuthenticationMiddleware.Invoke(HttpContext context)
   at Serilog.AspNetCore.RequestLoggingMiddleware.Invoke(HttpContext httpContext)
2026-05-26 02:17:29.649 +01:00 [ERR] Unhandled exception on POST /api/auth/register
System.InvalidOperationException: Passwords must have at least one lowercase ('a'-'z')., Passwords must have at least one uppercase ('A'-'Z').
   at TravelSystem.Application.Services.AuthService.RegisterAsync(RegisterRequest request, CancellationToken ct) in /home/andre-laercio/Documentos/travel-app/backend/src/TravelSystem.Application/Services/AuthService.cs:line 53
   at TravelSystem.API.Controllers.AuthController.Register(RegisterRequest request, CancellationToken ct) in /home/andre-laercio/Documentos/travel-app/backend/src/TravelSystem.API/Controllers/AuthController.cs:line 35
   at lambda_method663(Closure, Object)
   at Microsoft.AspNetCore.Mvc.Infrastructure.ActionMethodExecutor.AwaitableObjectResultExecutor.Execute(ActionContext actionContext, IActionResultTypeMapper mapper, ObjectMethodExecutor executor, Object controller, Object[] arguments)
   at Microsoft.AspNetCore.Mvc.Infrastructure.ControllerActionInvoker.<InvokeActionMethodAsync>g__Awaited|12_0(ControllerActionInvoker invoker, ValueTask`1 actionResultValueTask)
   at Microsoft.AspNetCore.Mvc.Infrastructure.ControllerActionInvoker.<InvokeNextActionFilterAsync>g__Awaited|10_0(ControllerActionInvoker invoker, Task lastTask, State next, Scope scope, Object state, Boolean isCompleted)
   at Microsoft.AspNetCore.Mvc.Infrastructure.ControllerActionInvoker.Rethrow(ActionExecutedContextSealed context)
   at Microsoft.AspNetCore.Mvc.Infrastructure.ControllerActionInvoker.Next(State& next, Scope& scope, Object& state, Boolean& isCompleted)
   at Microsoft.AspNetCore.Mvc.Infrastructure.ControllerActionInvoker.<InvokeInnerFilterAsync>g__Awaited|13_0(ControllerActionInvoker invoker, Task lastTask, State next, Scope scope, Object state, Boolean isCompleted)
   at Microsoft.AspNetCore.Mvc.Infrastructure.ResourceInvoker.<InvokeFilterPipelineAsync>g__Awaited|20_0(ResourceInvoker invoker, Task lastTask, State next, Scope scope, Object state, Boolean isCompleted)
   at Microsoft.AspNetCore.Mvc.Infrastructure.ResourceInvoker.<InvokeAsync>g__Awaited|17_0(ResourceInvoker invoker, Task task, IDisposable scope)
   at Microsoft.AspNetCore.Mvc.Infrastructure.ResourceInvoker.<InvokeAsync>g__Awaited|17_0(ResourceInvoker invoker, Task task, IDisposable scope)
   at Microsoft.AspNetCore.Authorization.AuthorizationMiddleware.Invoke(HttpContext context)
   at Microsoft.AspNetCore.Authentication.AuthenticationMiddleware.Invoke(HttpContext context)
   at Serilog.AspNetCore.RequestLoggingMiddleware.Invoke(HttpContext httpContext)
   at Microsoft.AspNetCore.Localization.RequestLocalizationMiddleware.Invoke(HttpContext context)
   at TravelSystem.API.Middleware.ExceptionHandlerMiddleware.InvokeAsync(HttpContext ctx) in /home/andre-laercio/Documentos/travel-app/backend/src/TravelSystem.API/Middleware/ExceptionHandlerMiddleware.cs:line 28
2026-05-26 02:17:53.704 +01:00 [INF] HTTP OPTIONS /api/auth/register responded 204 in 0.1004 ms
2026-05-26 02:17:53.714 +01:00 [INF] Executed DbCommand (1ms) [Parameters=[@__normalizedEmail_0='?' (Size = 256)], CommandType='"Text"', CommandTimeout='30']
SELECT `u`.`Id`, `u`.`AccessFailedCount`, `u`.`AvatarUrl`, `u`.`ConcurrencyStamp`, `u`.`CreatedAt`, `u`.`Email`, `u`.`EmailConfirmed`, `u`.`FirstName`, `u`.`IsActive`, `u`.`LastLoginAt`, `u`.`LastName`, `u`.`LockoutEnabled`, `u`.`LockoutEnd`, `u`.`NormalizedEmail`, `u`.`NormalizedUserName`, `u`.`PasswordHash`, `u`.`PasswordResetToken`, `u`.`PasswordResetTokenExpiry`, `u`.`PhoneNumber`, `u`.`PhoneNumberConfirmed`, `u`.`PreferredLanguage`, `u`.`RefreshToken`, `u`.`RefreshTokenExpiry`, `u`.`SecurityStamp`, `u`.`TwoFactorEnabled`, `u`.`UserName`
FROM `Users` AS `u`
WHERE `u`.`NormalizedEmail` = @__normalizedEmail_0
LIMIT 2
2026-05-26 02:17:53.716 +01:00 [ERR] HTTP POST /api/auth/register responded 500 in 6.7615 ms
System.InvalidOperationException: Passwords must have at least one lowercase ('a'-'z')., Passwords must have at least one uppercase ('A'-'Z').
   at TravelSystem.Application.Services.AuthService.RegisterAsync(RegisterRequest request, CancellationToken ct) in /home/andre-laercio/Documentos/travel-app/backend/src/TravelSystem.Application/Services/AuthService.cs:line 53
   at TravelSystem.API.Controllers.AuthController.Register(RegisterRequest request, CancellationToken ct) in /home/andre-laercio/Documentos/travel-app/backend/src/TravelSystem.API/Controllers/AuthController.cs:line 35
   at lambda_method663(Closure, Object)
   at Microsoft.AspNetCore.Mvc.Infrastructure.ActionMethodExecutor.AwaitableObjectResultExecutor.Execute(ActionContext actionContext, IActionResultTypeMapper mapper, ObjectMethodExecutor executor, Object controller, Object[] arguments)
   at Microsoft.AspNetCore.Mvc.Infrastructure.ControllerActionInvoker.<InvokeActionMethodAsync>g__Awaited|12_0(ControllerActionInvoker invoker, ValueTask`1 actionResultValueTask)
   at Microsoft.AspNetCore.Mvc.Infrastructure.ControllerActionInvoker.<InvokeNextActionFilterAsync>g__Awaited|10_0(ControllerActionInvoker invoker, Task lastTask, State next, Scope scope, Object state, Boolean isCompleted)
   at Microsoft.AspNetCore.Mvc.Infrastructure.ControllerActionInvoker.Rethrow(ActionExecutedContextSealed context)
   at Microsoft.AspNetCore.Mvc.Infrastructure.ControllerActionInvoker.Next(State& next, Scope& scope, Object& state, Boolean& isCompleted)
   at Microsoft.AspNetCore.Mvc.Infrastructure.ControllerActionInvoker.<InvokeInnerFilterAsync>g__Awaited|13_0(ControllerActionInvoker invoker, Task lastTask, State next, Scope scope, Object state, Boolean isCompleted)
   at Microsoft.AspNetCore.Mvc.Infrastructure.ResourceInvoker.<InvokeFilterPipelineAsync>g__Awaited|20_0(ResourceInvoker invoker, Task lastTask, State next, Scope scope, Object state, Boolean isCompleted)
   at Microsoft.AspNetCore.Mvc.Infrastructure.ResourceInvoker.<InvokeAsync>g__Awaited|17_0(ResourceInvoker invoker, Task task, IDisposable scope)
   at Microsoft.AspNetCore.Mvc.Infrastructure.ResourceInvoker.<InvokeAsync>g__Awaited|17_0(ResourceInvoker invoker, Task task, IDisposable scope)
   at Microsoft.AspNetCore.Authorization.AuthorizationMiddleware.Invoke(HttpContext context)
   at Microsoft.AspNetCore.Authentication.AuthenticationMiddleware.Invoke(HttpContext context)
   at Serilog.AspNetCore.RequestLoggingMiddleware.Invoke(HttpContext httpContext)
2026-05-26 02:17:53.719 +01:00 [ERR] Unhandled exception on POST /api/auth/register
System.InvalidOperationException: Passwords must have at least one lowercase ('a'-'z')., Passwords must have at least one uppercase ('A'-'Z').
   at TravelSystem.Application.Services.AuthService.RegisterAsync(RegisterRequest request, CancellationToken ct) in /home/andre-laercio/Documentos/travel-app/backend/src/TravelSystem.Application/Services/AuthService.cs:line 53
   at TravelSystem.API.Controllers.AuthController.Register(RegisterRequest request, CancellationToken ct) in /home/andre-laercio/Documentos/travel-app/backend/src/TravelSystem.API/Controllers/AuthController.cs:line 35
   at lambda_method663(Closure, Object)
   at Microsoft.AspNetCore.Mvc.Infrastructure.ActionMethodExecutor.AwaitableObjectResultExecutor.Execute(ActionContext actionContext, IActionResultTypeMapper mapper, ObjectMethodExecutor executor, Object controller, Object[] arguments)
   at Microsoft.AspNetCore.Mvc.Infrastructure.ControllerActionInvoker.<InvokeActionMethodAsync>g__Awaited|12_0(ControllerActionInvoker invoker, ValueTask`1 actionResultValueTask)
   at Microsoft.AspNetCore.Mvc.Infrastructure.ControllerActionInvoker.<InvokeNextActionFilterAsync>g__Awaited|10_0(ControllerActionInvoker invoker, Task lastTask, State next, Scope scope, Object state, Boolean isCompleted)
   at Microsoft.AspNetCore.Mvc.Infrastructure.ControllerActionInvoker.Rethrow(ActionExecutedContextSealed context)
   at Microsoft.AspNetCore.Mvc.Infrastructure.ControllerActionInvoker.Next(State& next, Scope& scope, Object& state, Boolean& isCompleted)
   at Microsoft.AspNetCore.Mvc.Infrastructure.ControllerActionInvoker.<InvokeInnerFilterAsync>g__Awaited|13_0(ControllerActionInvoker invoker, Task lastTask, State next, Scope scope, Object state, Boolean isCompleted)
   at Microsoft.AspNetCore.Mvc.Infrastructure.ResourceInvoker.<InvokeFilterPipelineAsync>g__Awaited|20_0(ResourceInvoker invoker, Task lastTask, State next, Scope scope, Object state, Boolean isCompleted)
   at Microsoft.AspNetCore.Mvc.Infrastructure.ResourceInvoker.<InvokeAsync>g__Awaited|17_0(ResourceInvoker invoker, Task task, IDisposable scope)
   at Microsoft.AspNetCore.Mvc.Infrastructure.ResourceInvoker.<InvokeAsync>g__Awaited|17_0(ResourceInvoker invoker, Task task, IDisposable scope)
   at Microsoft.AspNetCore.Authorization.AuthorizationMiddleware.Invoke(HttpContext context)
   at Microsoft.AspNetCore.Authentication.AuthenticationMiddleware.Invoke(HttpContext context)
   at Serilog.AspNetCore.RequestLoggingMiddleware.Invoke(HttpContext httpContext)
   at Microsoft.AspNetCore.Localization.RequestLocalizationMiddleware.Invoke(HttpContext context)
   at TravelSystem.API.Middleware.ExceptionHandlerMiddleware.InvokeAsync(HttpContext ctx) in /home/andre-laercio/Documentos/travel-app/backend/src/TravelSystem.API/Middleware/ExceptionHandlerMiddleware.cs:line 28
2026-05-26 02:18:23.168 +01:00 [INF] HTTP OPTIONS /api/auth/login responded 204 in 0.0617 ms
2026-05-26 02:18:23.176 +01:00 [INF] Executed DbCommand (1ms) [Parameters=[@__normalizedEmail_0='?' (Size = 256)], CommandType='"Text"', CommandTimeout='30']
SELECT `u`.`Id`, `u`.`AccessFailedCount`, `u`.`AvatarUrl`, `u`.`ConcurrencyStamp`, `u`.`CreatedAt`, `u`.`Email`, `u`.`EmailConfirmed`, `u`.`FirstName`, `u`.`IsActive`, `u`.`LastLoginAt`, `u`.`LastName`, `u`.`LockoutEnabled`, `u`.`LockoutEnd`, `u`.`NormalizedEmail`, `u`.`NormalizedUserName`, `u`.`PasswordHash`, `u`.`PasswordResetToken`, `u`.`PasswordResetTokenExpiry`, `u`.`PhoneNumber`, `u`.`PhoneNumberConfirmed`, `u`.`PreferredLanguage`, `u`.`RefreshToken`, `u`.`RefreshTokenExpiry`, `u`.`SecurityStamp`, `u`.`TwoFactorEnabled`, `u`.`UserName`
FROM `Users` AS `u`
WHERE `u`.`NormalizedEmail` = @__normalizedEmail_0
LIMIT 2
2026-05-26 02:18:23.274 +01:00 [ERR] HTTP POST /api/auth/login responded 500 in 103.1602 ms
System.UnauthorizedAccessException: INVALID_CREDENTIALS
   at TravelSystem.Application.Services.AuthService.LoginAsync(LoginRequest request, CancellationToken ct) in /home/andre-laercio/Documentos/travel-app/backend/src/TravelSystem.Application/Services/AuthService.cs:line 70
   at TravelSystem.API.Controllers.AuthController.Login(LoginRequest request, CancellationToken ct) in /home/andre-laercio/Documentos/travel-app/backend/src/TravelSystem.API/Controllers/AuthController.cs:line 43
   at lambda_method293(Closure, Object)
   at Microsoft.AspNetCore.Mvc.Infrastructure.ActionMethodExecutor.AwaitableObjectResultExecutor.Execute(ActionContext actionContext, IActionResultTypeMapper mapper, ObjectMethodExecutor executor, Object controller, Object[] arguments)
   at Microsoft.AspNetCore.Mvc.Infrastructure.ControllerActionInvoker.<InvokeActionMethodAsync>g__Awaited|12_0(ControllerActionInvoker invoker, ValueTask`1 actionResultValueTask)
   at Microsoft.AspNetCore.Mvc.Infrastructure.ControllerActionInvoker.<InvokeNextActionFilterAsync>g__Awaited|10_0(ControllerActionInvoker invoker, Task lastTask, State next, Scope scope, Object state, Boolean isCompleted)
   at Microsoft.AspNetCore.Mvc.Infrastructure.ControllerActionInvoker.Rethrow(ActionExecutedContextSealed context)
   at Microsoft.AspNetCore.Mvc.Infrastructure.ControllerActionInvoker.Next(State& next, Scope& scope, Object& state, Boolean& isCompleted)
   at Microsoft.AspNetCore.Mvc.Infrastructure.ControllerActionInvoker.<InvokeInnerFilterAsync>g__Awaited|13_0(ControllerActionInvoker invoker, Task lastTask, State next, Scope scope, Object state, Boolean isCompleted)
   at Microsoft.AspNetCore.Mvc.Infrastructure.ResourceInvoker.<InvokeFilterPipelineAsync>g__Awaited|20_0(ResourceInvoker invoker, Task lastTask, State next, Scope scope, Object state, Boolean isCompleted)
   at Microsoft.AspNetCore.Mvc.Infrastructure.ResourceInvoker.<InvokeAsync>g__Awaited|17_0(ResourceInvoker invoker, Task task, IDisposable scope)
   at Microsoft.AspNetCore.Mvc.Infrastructure.ResourceInvoker.<InvokeAsync>g__Awaited|17_0(ResourceInvoker invoker, Task task, IDisposable scope)
   at Microsoft.AspNetCore.Authorization.AuthorizationMiddleware.Invoke(HttpContext context)
   at Microsoft.AspNetCore.Authentication.AuthenticationMiddleware.Invoke(HttpContext context)
   at Serilog.AspNetCore.RequestLoggingMiddleware.Invoke(HttpContext httpContext)
2026-05-26 02:18:23.275 +01:00 [ERR] Unhandled exception on POST /api/auth/login
System.UnauthorizedAccessException: INVALID_CREDENTIALS
   at TravelSystem.Application.Services.AuthService.LoginAsync(LoginRequest request, CancellationToken ct) in /home/andre-laercio/Documentos/travel-app/backend/src/TravelSystem.Application/Services/AuthService.cs:line 70
   at TravelSystem.API.Controllers.AuthController.Login(LoginRequest request, CancellationToken ct) in /home/andre-laercio/Documentos/travel-app/backend/src/TravelSystem.API/Controllers/AuthController.cs:line 43
   at lambda_method293(Closure, Object)
   at Microsoft.AspNetCore.Mvc.Infrastructure.ActionMethodExecutor.AwaitableObjectResultExecutor.Execute(ActionContext actionContext, IActionResultTypeMapper mapper, ObjectMethodExecutor executor, Object controller, Object[] arguments)
   at Microsoft.AspNetCore.Mvc.Infrastructure.ControllerActionInvoker.<InvokeActionMethodAsync>g__Awaited|12_0(ControllerActionInvoker invoker, ValueTask`1 actionResultValueTask)
   at Microsoft.AspNetCore.Mvc.Infrastructure.ControllerActionInvoker.<InvokeNextActionFilterAsync>g__Awaited|10_0(ControllerActionInvoker invoker, Task lastTask, State next, Scope scope, Object state, Boolean isCompleted)
   at Microsoft.AspNetCore.Mvc.Infrastructure.ControllerActionInvoker.Rethrow(ActionExecutedContextSealed context)
   at Microsoft.AspNetCore.Mvc.Infrastructure.ControllerActionInvoker.Next(State& next, Scope& scope, Object& state, Boolean& isCompleted)
   at Microsoft.AspNetCore.Mvc.Infrastructure.ControllerActionInvoker.<InvokeInnerFilterAsync>g__Awaited|13_0(ControllerActionInvoker invoker, Task lastTask, State next, Scope scope, Object state, Boolean isCompleted)
   at Microsoft.AspNetCore.Mvc.Infrastructure.ResourceInvoker.<InvokeFilterPipelineAsync>g__Awaited|20_0(ResourceInvoker invoker, Task lastTask, State next, Scope scope, Object state, Boolean isCompleted)
   at Microsoft.AspNetCore.Mvc.Infrastructure.ResourceInvoker.<InvokeAsync>g__Awaited|17_0(ResourceInvoker invoker, Task task, IDisposable scope)
   at Microsoft.AspNetCore.Mvc.Infrastructure.ResourceInvoker.<InvokeAsync>g__Awaited|17_0(ResourceInvoker invoker, Task task, IDisposable scope)
   at Microsoft.AspNetCore.Authorization.AuthorizationMiddleware.Invoke(HttpContext context)
   at Microsoft.AspNetCore.Authentication.AuthenticationMiddleware.Invoke(HttpContext context)
   at Serilog.AspNetCore.RequestLoggingMiddleware.Invoke(HttpContext httpContext)
   at Microsoft.AspNetCore.Localization.RequestLocalizationMiddleware.Invoke(HttpContext context)
   at TravelSystem.API.Middleware.ExceptionHandlerMiddleware.InvokeAsync(HttpContext ctx) in /home/andre-laercio/Documentos/travel-app/backend/src/TravelSystem.API/Middleware/ExceptionHandlerMiddleware.cs:line 28
2026-05-26 02:18:36.982 +01:00 [INF] HTTP OPTIONS /api/auth/login responded 204 in 0.0472 ms
2026-05-26 02:18:36.991 +01:00 [INF] Executed DbCommand (1ms) [Parameters=[@__normalizedEmail_0='?' (Size = 256)], CommandType='"Text"', CommandTimeout='30']
SELECT `u`.`Id`, `u`.`AccessFailedCount`, `u`.`AvatarUrl`, `u`.`ConcurrencyStamp`, `u`.`CreatedAt`, `u`.`Email`, `u`.`EmailConfirmed`, `u`.`FirstName`, `u`.`IsActive`, `u`.`LastLoginAt`, `u`.`LastName`, `u`.`LockoutEnabled`, `u`.`LockoutEnd`, `u`.`NormalizedEmail`, `u`.`NormalizedUserName`, `u`.`PasswordHash`, `u`.`PasswordResetToken`, `u`.`PasswordResetTokenExpiry`, `u`.`PhoneNumber`, `u`.`PhoneNumberConfirmed`, `u`.`PreferredLanguage`, `u`.`RefreshToken`, `u`.`RefreshTokenExpiry`, `u`.`SecurityStamp`, `u`.`TwoFactorEnabled`, `u`.`UserName`
FROM `Users` AS `u`
WHERE `u`.`NormalizedEmail` = @__normalizedEmail_0
LIMIT 2
2026-05-26 02:18:37.087 +01:00 [INF] Executed DbCommand (1ms) [Parameters=[@__normalizedUserName_0='?' (Size = 256)], CommandType='"Text"', CommandTimeout='30']
SELECT `u`.`Id`, `u`.`AccessFailedCount`, `u`.`AvatarUrl`, `u`.`ConcurrencyStamp`, `u`.`CreatedAt`, `u`.`Email`, `u`.`EmailConfirmed`, `u`.`FirstName`, `u`.`IsActive`, `u`.`LastLoginAt`, `u`.`LastName`, `u`.`LockoutEnabled`, `u`.`LockoutEnd`, `u`.`NormalizedEmail`, `u`.`NormalizedUserName`, `u`.`PasswordHash`, `u`.`PasswordResetToken`, `u`.`PasswordResetTokenExpiry`, `u`.`PhoneNumber`, `u`.`PhoneNumberConfirmed`, `u`.`PreferredLanguage`, `u`.`RefreshToken`, `u`.`RefreshTokenExpiry`, `u`.`SecurityStamp`, `u`.`TwoFactorEnabled`, `u`.`UserName`
FROM `Users` AS `u`
WHERE `u`.`NormalizedUserName` = @__normalizedUserName_0
LIMIT 1
2026-05-26 02:18:37.089 +01:00 [INF] Executed DbCommand (0ms) [Parameters=[@__normalizedEmail_0='?' (Size = 256)], CommandType='"Text"', CommandTimeout='30']
SELECT `u`.`Id`, `u`.`AccessFailedCount`, `u`.`AvatarUrl`, `u`.`ConcurrencyStamp`, `u`.`CreatedAt`, `u`.`Email`, `u`.`EmailConfirmed`, `u`.`FirstName`, `u`.`IsActive`, `u`.`LastLoginAt`, `u`.`LastName`, `u`.`LockoutEnabled`, `u`.`LockoutEnd`, `u`.`NormalizedEmail`, `u`.`NormalizedUserName`, `u`.`PasswordHash`, `u`.`PasswordResetToken`, `u`.`PasswordResetTokenExpiry`, `u`.`PhoneNumber`, `u`.`PhoneNumberConfirmed`, `u`.`PreferredLanguage`, `u`.`RefreshToken`, `u`.`RefreshTokenExpiry`, `u`.`SecurityStamp`, `u`.`TwoFactorEnabled`, `u`.`UserName`
FROM `Users` AS `u`
WHERE `u`.`NormalizedEmail` = @__normalizedEmail_0
LIMIT 2
2026-05-26 02:18:38.863 +01:00 [INF] Executed DbCommand (1,772ms) [Parameters=[@p25='?' (DbType = Guid), @p0='?' (DbType = Int32), @p1='?' (Size = 500), @p2='?' (Size = 4000), @p26='?' (Size = 4000), @p3='?' (DbType = DateTime), @p4='?' (Size = 256), @p5='?' (DbType = Boolean), @p6='?' (Size = 100), @p7='?' (DbType = Boolean), @p8='?' (DbType = DateTime), @p9='?' (Size = 100), @p10='?' (DbType = Boolean), @p11='?' (DbType = DateTimeOffset), @p12='?' (Size = 256), @p13='?' (Size = 256), @p14='?' (Size = 4000), @p15='?' (Size = 4000), @p16='?' (DbType = DateTime), @p17='?' (Size = 4000), @p18='?' (DbType = Boolean), @p19='?' (Size = 10), @p20='?' (Size = 4000), @p21='?' (DbType = DateTime), @p22='?' (Size = 4000), @p23='?' (DbType = Boolean), @p24='?' (Size = 256)], CommandType='"Text"', CommandTimeout='30']
SET AUTOCOMMIT = 1;
UPDATE `Users` SET `AccessFailedCount` = @p0, `AvatarUrl` = @p1, `ConcurrencyStamp` = @p2, `CreatedAt` = @p3, `Email` = @p4, `EmailConfirmed` = @p5, `FirstName` = @p6, `IsActive` = @p7, `LastLoginAt` = @p8, `LastName` = @p9, `LockoutEnabled` = @p10, `LockoutEnd` = @p11, `NormalizedEmail` = @p12, `NormalizedUserName` = @p13, `PasswordHash` = @p14, `PasswordResetToken` = @p15, `PasswordResetTokenExpiry` = @p16, `PhoneNumber` = @p17, `PhoneNumberConfirmed` = @p18, `PreferredLanguage` = @p19, `RefreshToken` = @p20, `RefreshTokenExpiry` = @p21, `SecurityStamp` = @p22, `TwoFactorEnabled` = @p23, `UserName` = @p24
WHERE `Id` = @p25 AND `ConcurrencyStamp` = @p26;
SELECT ROW_COUNT();
2026-05-26 02:18:38.866 +01:00 [INF] Executed DbCommand (1ms) [Parameters=[@__userId_0='?' (DbType = Guid)], CommandType='"Text"', CommandTimeout='30']
SELECT `r`.`Name`
FROM `UserRoles` AS `u`
INNER JOIN `Roles` AS `r` ON `u`.`RoleId` = `r`.`Id`
WHERE `u`.`UserId` = @__userId_0
2026-05-26 02:18:38.869 +01:00 [INF] Executed DbCommand (1ms) [Parameters=[@__normalizedUserName_0='?' (Size = 256)], CommandType='"Text"', CommandTimeout='30']
SELECT `u`.`Id`, `u`.`AccessFailedCount`, `u`.`AvatarUrl`, `u`.`ConcurrencyStamp`, `u`.`CreatedAt`, `u`.`Email`, `u`.`EmailConfirmed`, `u`.`FirstName`, `u`.`IsActive`, `u`.`LastLoginAt`, `u`.`LastName`, `u`.`LockoutEnabled`, `u`.`LockoutEnd`, `u`.`NormalizedEmail`, `u`.`NormalizedUserName`, `u`.`PasswordHash`, `u`.`PasswordResetToken`, `u`.`PasswordResetTokenExpiry`, `u`.`PhoneNumber`, `u`.`PhoneNumberConfirmed`, `u`.`PreferredLanguage`, `u`.`RefreshToken`, `u`.`RefreshTokenExpiry`, `u`.`SecurityStamp`, `u`.`TwoFactorEnabled`, `u`.`UserName`
FROM `Users` AS `u`
WHERE `u`.`NormalizedUserName` = @__normalizedUserName_0
LIMIT 1
2026-05-26 02:18:38.871 +01:00 [INF] Executed DbCommand (0ms) [Parameters=[@__normalizedEmail_0='?' (Size = 256)], CommandType='"Text"', CommandTimeout='30']
SELECT `u`.`Id`, `u`.`AccessFailedCount`, `u`.`AvatarUrl`, `u`.`ConcurrencyStamp`, `u`.`CreatedAt`, `u`.`Email`, `u`.`EmailConfirmed`, `u`.`FirstName`, `u`.`IsActive`, `u`.`LastLoginAt`, `u`.`LastName`, `u`.`LockoutEnabled`, `u`.`LockoutEnd`, `u`.`NormalizedEmail`, `u`.`NormalizedUserName`, `u`.`PasswordHash`, `u`.`PasswordResetToken`, `u`.`PasswordResetTokenExpiry`, `u`.`PhoneNumber`, `u`.`PhoneNumberConfirmed`, `u`.`PreferredLanguage`, `u`.`RefreshToken`, `u`.`RefreshTokenExpiry`, `u`.`SecurityStamp`, `u`.`TwoFactorEnabled`, `u`.`UserName`
FROM `Users` AS `u`
WHERE `u`.`NormalizedEmail` = @__normalizedEmail_0
LIMIT 2
2026-05-26 02:18:41.379 +01:00 [INF] Executed DbCommand (2,507ms) [Parameters=[@p25='?' (DbType = Guid), @p0='?' (DbType = Int32), @p1='?' (Size = 500), @p2='?' (Size = 4000), @p26='?' (Size = 4000), @p3='?' (DbType = DateTime), @p4='?' (Size = 256), @p5='?' (DbType = Boolean), @p6='?' (Size = 100), @p7='?' (DbType = Boolean), @p8='?' (DbType = DateTime), @p9='?' (Size = 100), @p10='?' (DbType = Boolean), @p11='?' (DbType = DateTimeOffset), @p12='?' (Size = 256), @p13='?' (Size = 256), @p14='?' (Size = 4000), @p15='?' (Size = 4000), @p16='?' (DbType = DateTime), @p17='?' (Size = 4000), @p18='?' (DbType = Boolean), @p19='?' (Size = 10), @p20='?' (Size = 4000), @p21='?' (DbType = DateTime), @p22='?' (Size = 4000), @p23='?' (DbType = Boolean), @p24='?' (Size = 256)], CommandType='"Text"', CommandTimeout='30']
SET AUTOCOMMIT = 1;
UPDATE `Users` SET `AccessFailedCount` = @p0, `AvatarUrl` = @p1, `ConcurrencyStamp` = @p2, `CreatedAt` = @p3, `Email` = @p4, `EmailConfirmed` = @p5, `FirstName` = @p6, `IsActive` = @p7, `LastLoginAt` = @p8, `LastName` = @p9, `LockoutEnabled` = @p10, `LockoutEnd` = @p11, `NormalizedEmail` = @p12, `NormalizedUserName` = @p13, `PasswordHash` = @p14, `PasswordResetToken` = @p15, `PasswordResetTokenExpiry` = @p16, `PhoneNumber` = @p17, `PhoneNumberConfirmed` = @p18, `PreferredLanguage` = @p19, `RefreshToken` = @p20, `RefreshTokenExpiry` = @p21, `SecurityStamp` = @p22, `TwoFactorEnabled` = @p23, `UserName` = @p24
WHERE `Id` = @p25 AND `ConcurrencyStamp` = @p26;
SELECT ROW_COUNT();
2026-05-26 02:18:41.381 +01:00 [INF] HTTP POST /api/auth/login responded 200 in 4394.0764 ms
2026-05-26 02:18:43.419 +01:00 [INF] HTTP OPTIONS /api/admin/users responded 204 in 0.0644 ms
2026-05-26 02:18:43.428 +01:00 [INF] Executed DbCommand (1ms) [Parameters=[], CommandType='"Text"', CommandTimeout='30']
SELECT `u`.`Id`, `u`.`AccessFailedCount`, `u`.`AvatarUrl`, `u`.`ConcurrencyStamp`, `u`.`CreatedAt`, `u`.`Email`, `u`.`EmailConfirmed`, `u`.`FirstName`, `u`.`IsActive`, `u`.`LastLoginAt`, `u`.`LastName`, `u`.`LockoutEnabled`, `u`.`LockoutEnd`, `u`.`NormalizedEmail`, `u`.`NormalizedUserName`, `u`.`PasswordHash`, `u`.`PasswordResetToken`, `u`.`PasswordResetTokenExpiry`, `u`.`PhoneNumber`, `u`.`PhoneNumberConfirmed`, `u`.`PreferredLanguage`, `u`.`RefreshToken`, `u`.`RefreshTokenExpiry`, `u`.`SecurityStamp`, `u`.`TwoFactorEnabled`, `u`.`UserName`
FROM `Users` AS `u`
2026-05-26 02:18:43.431 +01:00 [INF] Executed DbCommand (1ms) [Parameters=[@__userId_0='?' (DbType = Guid)], CommandType='"Text"', CommandTimeout='30']
SELECT `r`.`Name`
FROM `UserRoles` AS `u`
INNER JOIN `Roles` AS `r` ON `u`.`RoleId` = `r`.`Id`
WHERE `u`.`UserId` = @__userId_0
2026-05-26 02:18:43.432 +01:00 [INF] HTTP GET /api/admin/users responded 200 in 9.2557 ms
2026-05-26 02:18:51.094 +01:00 [INF] HTTP OPTIONS /api/itineraries responded 204 in 0.1397 ms
2026-05-26 02:18:51.103 +01:00 [INF] Executed DbCommand (1ms) [Parameters=[@__userId_0='?' (DbType = Guid)], CommandType='"Text"', CommandTimeout='30']
SELECT `i`.`Id`, `i`.`Budget`, `i`.`CountryCode`, `i`.`CreatedAt`, `i`.`CurrencyCode`, `i`.`Description`, `i`.`Destination`, `i`.`EndDate`, `i`.`Latitude`, `i`.`Longitude`, `i`.`StartDate`, `i`.`Status`, `i`.`Title`, `i`.`UpdatedAt`, `i`.`UserId`, `i0`.`Id`, `i0`.`Address`, `i0`.`Category`, `i0`.`DayNumber`, `i0`.`DurationMinutes`, `i0`.`ItineraryId`, `i0`.`Latitude`, `i0`.`Longitude`, `i0`.`Name`, `i0`.`Notes`, `i0`.`OrderIndex`, `i0`.`VisitTime`
FROM `Itineraries` AS `i`
LEFT JOIN `ItineraryStops` AS `i0` ON `i`.`Id` = `i0`.`ItineraryId`
WHERE `i`.`UserId` = @__userId_0
ORDER BY `i`.`UpdatedAt` DESC, `i`.`Id`
2026-05-26 02:18:51.103 +01:00 [INF] HTTP GET /api/itineraries responded 200 in 4.4329 ms
2026-05-26 02:18:53.615 +01:00 [INF] Executed DbCommand (1ms) [Parameters=[@__userId_0='?' (DbType = Guid)], CommandType='"Text"', CommandTimeout='30']
SELECT `i`.`Id`, `i`.`Budget`, `i`.`CountryCode`, `i`.`CreatedAt`, `i`.`CurrencyCode`, `i`.`Description`, `i`.`Destination`, `i`.`EndDate`, `i`.`Latitude`, `i`.`Longitude`, `i`.`StartDate`, `i`.`Status`, `i`.`Title`, `i`.`UpdatedAt`, `i`.`UserId`, `i0`.`Id`, `i0`.`Address`, `i0`.`Category`, `i0`.`DayNumber`, `i0`.`DurationMinutes`, `i0`.`ItineraryId`, `i0`.`Latitude`, `i0`.`Longitude`, `i0`.`Name`, `i0`.`Notes`, `i0`.`OrderIndex`, `i0`.`VisitTime`
FROM `Itineraries` AS `i`
LEFT JOIN `ItineraryStops` AS `i0` ON `i`.`Id` = `i0`.`ItineraryId`
WHERE `i`.`UserId` = @__userId_0
ORDER BY `i`.`UpdatedAt` DESC, `i`.`Id`
2026-05-26 02:18:53.616 +01:00 [INF] HTTP GET /api/itineraries responded 200 in 5.3026 ms
2026-05-26 02:18:59.703 +01:00 [INF] HTTP OPTIONS /api/itineraries responded 204 in 0.3543 ms
2026-05-26 02:18:59.711 +01:00 [INF] Executed DbCommand (1ms) [Parameters=[@__userId_0='?' (DbType = Guid)], CommandType='"Text"', CommandTimeout='30']
SELECT `i`.`Id`, `i`.`Budget`, `i`.`CountryCode`, `i`.`CreatedAt`, `i`.`CurrencyCode`, `i`.`Description`, `i`.`Destination`, `i`.`EndDate`, `i`.`Latitude`, `i`.`Longitude`, `i`.`StartDate`, `i`.`Status`, `i`.`Title`, `i`.`UpdatedAt`, `i`.`UserId`, `i0`.`Id`, `i0`.`Address`, `i0`.`Category`, `i0`.`DayNumber`, `i0`.`DurationMinutes`, `i0`.`ItineraryId`, `i0`.`Latitude`, `i0`.`Longitude`, `i0`.`Name`, `i0`.`Notes`, `i0`.`OrderIndex`, `i0`.`VisitTime`
FROM `Itineraries` AS `i`
LEFT JOIN `ItineraryStops` AS `i0` ON `i`.`Id` = `i0`.`ItineraryId`
WHERE `i`.`UserId` = @__userId_0
ORDER BY `i`.`UpdatedAt` DESC, `i`.`Id`
2026-05-26 02:18:59.712 +01:00 [INF] HTTP GET /api/itineraries responded 200 in 4.9429 ms
2026-05-26 02:19:05.225 +01:00 [INF] HTTP OPTIONS /api/hotels/bookings responded 204 in 0.0494 ms
2026-05-26 02:19:05.232 +01:00 [INF] Executed DbCommand (1ms) [Parameters=[@__userId_0='?' (DbType = Guid)], CommandType='"Text"', CommandTimeout='30']
SELECT `b`.`Id`, `b`.`CheckIn`, `b`.`CheckOut`, `b`.`ConfirmationNumber`, `b`.`CreatedAt`, `b`.`CurrencyCode`, `b`.`FlightId`, `b`.`Guests`, `b`.`HotelId`, `b`.`HotelRoomId`, `b`.`Notes`, `b`.`ProviderReference`, `b`.`Status`, `b`.`TotalPrice`, `b`.`Type`, `b`.`UpdatedAt`, `b`.`UserId`, `h`.`Id`, `h`.`Address`, `h`.`Amenities`, `h`.`CachedAt`, `h`.`City`, `h`.`CountryCode`, `h`.`Description`, `h`.`ExternalId`, `h`.`GuestRating`, `h`.`ImageUrl`, `h`.`Latitude`, `h`.`Longitude`, `h`.`Name`, `h`.`Provider`, `h`.`StarRating`, `f`.`Id`, `f`.`Airline`, `f`.`ArrivalAt`, `f`.`CabinClass`, `f`.`CachedAt`, `f`.`CurrencyCode`, `f`.`DepartureAt`, `f`.`DestinationCity`, `f`.`DestinationCode`, `f`.`DurationMinutes`, `f`.`ExternalId`, `f`.`FlightNumber`, `f`.`OriginCity`, `f`.`OriginCode`, `f`.`Price`, `f`.`Provider`, `f`.`SeatsAvailable`, `f`.`Stops`
FROM `Bookings` AS `b`
LEFT JOIN `Hotels` AS `h` ON `b`.`HotelId` = `h`.`Id`
LEFT JOIN `Flights` AS `f` ON `b`.`FlightId` = `f`.`Id`
WHERE `b`.`UserId` = @__userId_0
ORDER BY `b`.`CreatedAt` DESC
2026-05-26 02:19:05.232 +01:00 [INF] HTTP GET /api/hotels/bookings responded 200 in 4.0354 ms
2026-05-26 02:19:07.695 +01:00 [INF] HTTP OPTIONS /api/flights/alerts responded 204 in 0.0323 ms
2026-05-26 02:19:07.703 +01:00 [INF] Executed DbCommand (1ms) [Parameters=[@__userId_0='?' (DbType = Guid)], CommandType='"Text"', CommandTimeout='30']
SELECT `f`.`Id`, `f`.`CreatedAt`, `f`.`CurrencyCode`, `f`.`DepartureFrom`, `f`.`DepartureTo`, `f`.`DestinationCode`, `f`.`IsActive`, `f`.`LastTriggeredAt`, `f`.`OriginCode`, `f`.`TargetPrice`, `f`.`UserId`
FROM `FlightAlerts` AS `f`
WHERE `f`.`UserId` = @__userId_0
ORDER BY `f`.`CreatedAt` DESC
2026-05-26 02:19:07.704 +01:00 [INF] HTTP GET /api/flights/alerts responded 200 in 5.0810 ms
2026-05-26 02:19:10.438 +01:00 [INF] HTTP OPTIONS /api/itineraries responded 204 in 0.0384 ms
2026-05-26 02:19:10.446 +01:00 [INF] Executed DbCommand (1ms) [Parameters=[@__userId_0='?' (DbType = Guid)], CommandType='"Text"', CommandTimeout='30']
SELECT `i`.`Id`, `i`.`Budget`, `i`.`CountryCode`, `i`.`CreatedAt`, `i`.`CurrencyCode`, `i`.`Description`, `i`.`Destination`, `i`.`EndDate`, `i`.`Latitude`, `i`.`Longitude`, `i`.`StartDate`, `i`.`Status`, `i`.`Title`, `i`.`UpdatedAt`, `i`.`UserId`, `i0`.`Id`, `i0`.`Address`, `i0`.`Category`, `i0`.`DayNumber`, `i0`.`DurationMinutes`, `i0`.`ItineraryId`, `i0`.`Latitude`, `i0`.`Longitude`, `i0`.`Name`, `i0`.`Notes`, `i0`.`OrderIndex`, `i0`.`VisitTime`
FROM `Itineraries` AS `i`
LEFT JOIN `ItineraryStops` AS `i0` ON `i`.`Id` = `i0`.`ItineraryId`
WHERE `i`.`UserId` = @__userId_0
ORDER BY `i`.`UpdatedAt` DESC, `i`.`Id`
2026-05-26 02:19:10.447 +01:00 [INF] HTTP GET /api/itineraries responded 200 in 5.4843 ms
2026-05-26 02:19:12.642 +01:00 [INF] HTTP OPTIONS /api/admin/users responded 204 in 0.0379 ms
2026-05-26 02:19:12.649 +01:00 [INF] Executed DbCommand (1ms) [Parameters=[], CommandType='"Text"', CommandTimeout='30']
SELECT `u`.`Id`, `u`.`AccessFailedCount`, `u`.`AvatarUrl`, `u`.`ConcurrencyStamp`, `u`.`CreatedAt`, `u`.`Email`, `u`.`EmailConfirmed`, `u`.`FirstName`, `u`.`IsActive`, `u`.`LastLoginAt`, `u`.`LastName`, `u`.`LockoutEnabled`, `u`.`LockoutEnd`, `u`.`NormalizedEmail`, `u`.`NormalizedUserName`, `u`.`PasswordHash`, `u`.`PasswordResetToken`, `u`.`PasswordResetTokenExpiry`, `u`.`PhoneNumber`, `u`.`PhoneNumberConfirmed`, `u`.`PreferredLanguage`, `u`.`RefreshToken`, `u`.`RefreshTokenExpiry`, `u`.`SecurityStamp`, `u`.`TwoFactorEnabled`, `u`.`UserName`
FROM `Users` AS `u`
2026-05-26 02:19:12.651 +01:00 [INF] Executed DbCommand (1ms) [Parameters=[@__userId_0='?' (DbType = Guid)], CommandType='"Text"', CommandTimeout='30']
SELECT `r`.`Name`
FROM `UserRoles` AS `u`
INNER JOIN `Roles` AS `r` ON `u`.`RoleId` = `r`.`Id`
WHERE `u`.`UserId` = @__userId_0
2026-05-26 02:19:12.652 +01:00 [INF] HTTP GET /api/admin/users responded 200 in 6.4977 ms
2026-05-26 02:19:29.730 +01:00 [INF] HTTP OPTIONS /api/itineraries responded 204 in 0.0390 ms
2026-05-26 02:19:29.738 +01:00 [INF] Executed DbCommand (1ms) [Parameters=[@__userId_0='?' (DbType = Guid)], CommandType='"Text"', CommandTimeout='30']
SELECT `i`.`Id`, `i`.`Budget`, `i`.`CountryCode`, `i`.`CreatedAt`, `i`.`CurrencyCode`, `i`.`Description`, `i`.`Destination`, `i`.`EndDate`, `i`.`Latitude`, `i`.`Longitude`, `i`.`StartDate`, `i`.`Status`, `i`.`Title`, `i`.`UpdatedAt`, `i`.`UserId`, `i0`.`Id`, `i0`.`Address`, `i0`.`Category`, `i0`.`DayNumber`, `i0`.`DurationMinutes`, `i0`.`ItineraryId`, `i0`.`Latitude`, `i0`.`Longitude`, `i0`.`Name`, `i0`.`Notes`, `i0`.`OrderIndex`, `i0`.`VisitTime`
FROM `Itineraries` AS `i`
LEFT JOIN `ItineraryStops` AS `i0` ON `i`.`Id` = `i0`.`ItineraryId`
WHERE `i`.`UserId` = @__userId_0
ORDER BY `i`.`UpdatedAt` DESC, `i`.`Id`
2026-05-26 02:19:29.738 +01:00 [INF] HTTP GET /api/itineraries responded 200 in 5.1281 ms
2026-05-26 02:20:05.951 +01:00 [INF] HTTP OPTIONS /api/hotels/bookings responded 204 in 0.0337 ms
2026-05-26 02:20:05.961 +01:00 [INF] Executed DbCommand (1ms) [Parameters=[@__userId_0='?' (DbType = Guid)], CommandType='"Text"', CommandTimeout='30']
SELECT `b`.`Id`, `b`.`CheckIn`, `b`.`CheckOut`, `b`.`ConfirmationNumber`, `b`.`CreatedAt`, `b`.`CurrencyCode`, `b`.`FlightId`, `b`.`Guests`, `b`.`HotelId`, `b`.`HotelRoomId`, `b`.`Notes`, `b`.`ProviderReference`, `b`.`Status`, `b`.`TotalPrice`, `b`.`Type`, `b`.`UpdatedAt`, `b`.`UserId`, `h`.`Id`, `h`.`Address`, `h`.`Amenities`, `h`.`CachedAt`, `h`.`City`, `h`.`CountryCode`, `h`.`Description`, `h`.`ExternalId`, `h`.`GuestRating`, `h`.`ImageUrl`, `h`.`Latitude`, `h`.`Longitude`, `h`.`Name`, `h`.`Provider`, `h`.`StarRating`, `f`.`Id`, `f`.`Airline`, `f`.`ArrivalAt`, `f`.`CabinClass`, `f`.`CachedAt`, `f`.`CurrencyCode`, `f`.`DepartureAt`, `f`.`DestinationCity`, `f`.`DestinationCode`, `f`.`DurationMinutes`, `f`.`ExternalId`, `f`.`FlightNumber`, `f`.`OriginCity`, `f`.`OriginCode`, `f`.`Price`, `f`.`Provider`, `f`.`SeatsAvailable`, `f`.`Stops`
FROM `Bookings` AS `b`
LEFT JOIN `Hotels` AS `h` ON `b`.`HotelId` = `h`.`Id`
LEFT JOIN `Flights` AS `f` ON `b`.`FlightId` = `f`.`Id`
WHERE `b`.`UserId` = @__userId_0
ORDER BY `b`.`CreatedAt` DESC
2026-05-26 02:20:05.962 +01:00 [INF] HTTP GET /api/hotels/bookings responded 200 in 6.5098 ms
2026-05-26 02:20:12.367 +01:00 [INF] HTTP OPTIONS /api/hotels/search responded 204 in 0.0460 ms
2026-05-26 02:20:12.572 +01:00 [INF] Executed DbCommand (142ms) [Parameters=[@__ToLower_0_rewritten='?' (Size = 200), @__guests_1='?' (DbType = Int32)], CommandType='"Text"', CommandTimeout='30']
SELECT `h`.`Id`, `h`.`Address`, `h`.`Amenities`, `h`.`CachedAt`, `h`.`City`, `h`.`CountryCode`, `h`.`Description`, `h`.`ExternalId`, `h`.`GuestRating`, `h`.`ImageUrl`, `h`.`Latitude`, `h`.`Longitude`, `h`.`Name`, `h`.`Provider`, `h`.`StarRating`, `h1`.`Id`, `h1`.`CurrencyCode`, `h1`.`Description`, `h1`.`HotelId`, `h1`.`IsAvailable`, `h1`.`MaxGuests`, `h1`.`PricePerNight`, `h1`.`RoomType`
FROM `Hotels` AS `h`
LEFT JOIN `HotelRooms` AS `h1` ON `h`.`Id` = `h1`.`HotelId`
WHERE (LOWER(`h`.`City`) LIKE @__ToLower_0_rewritten) AND EXISTS (
    SELECT 1
    FROM `HotelRooms` AS `h0`
    WHERE (`h`.`Id` = `h0`.`HotelId`) AND (`h0`.`IsAvailable` AND (`h0`.`MaxGuests` >= @__guests_1)))
ORDER BY `h`.`Id`
2026-05-26 02:20:12.583 +01:00 [INF] HTTP GET /api/hotels/search responded 200 in 211.5369 ms
2026-05-26 02:20:16.350 +01:00 [INF] HTTP OPTIONS /api/hotels/search responded 204 in 0.0307 ms
2026-05-26 02:20:16.360 +01:00 [INF] Executed DbCommand (1ms) [Parameters=[@__ToLower_0_rewritten='?' (Size = 200), @__guests_1='?' (DbType = Int32)], CommandType='"Text"', CommandTimeout='30']
SELECT `h`.`Id`, `h`.`Address`, `h`.`Amenities`, `h`.`CachedAt`, `h`.`City`, `h`.`CountryCode`, `h`.`Description`, `h`.`ExternalId`, `h`.`GuestRating`, `h`.`ImageUrl`, `h`.`Latitude`, `h`.`Longitude`, `h`.`Name`, `h`.`Provider`, `h`.`StarRating`, `h1`.`Id`, `h1`.`CurrencyCode`, `h1`.`Description`, `h1`.`HotelId`, `h1`.`IsAvailable`, `h1`.`MaxGuests`, `h1`.`PricePerNight`, `h1`.`RoomType`
FROM `Hotels` AS `h`
LEFT JOIN `HotelRooms` AS `h1` ON `h`.`Id` = `h1`.`HotelId`
WHERE (LOWER(`h`.`City`) LIKE @__ToLower_0_rewritten) AND EXISTS (
    SELECT 1
    FROM `HotelRooms` AS `h0`
    WHERE (`h`.`Id` = `h0`.`HotelId`) AND (`h0`.`IsAvailable` AND (`h0`.`MaxGuests` >= @__guests_1)))
ORDER BY `h`.`Id`
2026-05-26 02:20:16.362 +01:00 [INF] HTTP GET /api/hotels/search responded 200 in 7.6203 ms
2026-05-26 02:20:18.310 +01:00 [INF] Executed DbCommand (1ms) [Parameters=[@__ToLower_0_rewritten='?' (Size = 200), @__guests_1='?' (DbType = Int32)], CommandType='"Text"', CommandTimeout='30']
SELECT `h`.`Id`, `h`.`Address`, `h`.`Amenities`, `h`.`CachedAt`, `h`.`City`, `h`.`CountryCode`, `h`.`Description`, `h`.`ExternalId`, `h`.`GuestRating`, `h`.`ImageUrl`, `h`.`Latitude`, `h`.`Longitude`, `h`.`Name`, `h`.`Provider`, `h`.`StarRating`, `h1`.`Id`, `h1`.`CurrencyCode`, `h1`.`Description`, `h1`.`HotelId`, `h1`.`IsAvailable`, `h1`.`MaxGuests`, `h1`.`PricePerNight`, `h1`.`RoomType`
FROM `Hotels` AS `h`
LEFT JOIN `HotelRooms` AS `h1` ON `h`.`Id` = `h1`.`HotelId`
WHERE (LOWER(`h`.`City`) LIKE @__ToLower_0_rewritten) AND EXISTS (
    SELECT 1
    FROM `HotelRooms` AS `h0`
    WHERE (`h`.`Id` = `h0`.`HotelId`) AND (`h0`.`IsAvailable` AND (`h0`.`MaxGuests` >= @__guests_1)))
ORDER BY `h`.`Id`
2026-05-26 02:20:18.311 +01:00 [INF] HTTP GET /api/hotels/search responded 200 in 6.4056 ms
2026-05-26 02:20:18.758 +01:00 [INF] Executed DbCommand (1ms) [Parameters=[@__ToLower_0_rewritten='?' (Size = 200), @__guests_1='?' (DbType = Int32)], CommandType='"Text"', CommandTimeout='30']
SELECT `h`.`Id`, `h`.`Address`, `h`.`Amenities`, `h`.`CachedAt`, `h`.`City`, `h`.`CountryCode`, `h`.`Description`, `h`.`ExternalId`, `h`.`GuestRating`, `h`.`ImageUrl`, `h`.`Latitude`, `h`.`Longitude`, `h`.`Name`, `h`.`Provider`, `h`.`StarRating`, `h1`.`Id`, `h1`.`CurrencyCode`, `h1`.`Description`, `h1`.`HotelId`, `h1`.`IsAvailable`, `h1`.`MaxGuests`, `h1`.`PricePerNight`, `h1`.`RoomType`
FROM `Hotels` AS `h`
LEFT JOIN `HotelRooms` AS `h1` ON `h`.`Id` = `h1`.`HotelId`
WHERE (LOWER(`h`.`City`) LIKE @__ToLower_0_rewritten) AND EXISTS (
    SELECT 1
    FROM `HotelRooms` AS `h0`
    WHERE (`h`.`Id` = `h0`.`HotelId`) AND (`h0`.`IsAvailable` AND (`h0`.`MaxGuests` >= @__guests_1)))
ORDER BY `h`.`Id`
2026-05-26 02:20:18.759 +01:00 [INF] HTTP GET /api/hotels/search responded 200 in 5.7936 ms
2026-05-26 02:20:29.228 +01:00 [INF] HTTP OPTIONS /api/flights/alerts responded 204 in 0.0481 ms
2026-05-26 02:20:29.235 +01:00 [INF] Executed DbCommand (1ms) [Parameters=[@__userId_0='?' (DbType = Guid)], CommandType='"Text"', CommandTimeout='30']
SELECT `f`.`Id`, `f`.`CreatedAt`, `f`.`CurrencyCode`, `f`.`DepartureFrom`, `f`.`DepartureTo`, `f`.`DestinationCode`, `f`.`IsActive`, `f`.`LastTriggeredAt`, `f`.`OriginCode`, `f`.`TargetPrice`, `f`.`UserId`
FROM `FlightAlerts` AS `f`
WHERE `f`.`UserId` = @__userId_0
ORDER BY `f`.`CreatedAt` DESC
2026-05-26 02:20:29.236 +01:00 [INF] HTTP GET /api/flights/alerts responded 200 in 4.4652 ms
2026-05-26 02:21:01.083 +01:00 [INF] HTTP OPTIONS /api/itineraries responded 204 in 0.0320 ms
2026-05-26 02:21:01.093 +01:00 [INF] Executed DbCommand (2ms) [Parameters=[@__userId_0='?' (DbType = Guid)], CommandType='"Text"', CommandTimeout='30']
SELECT `i`.`Id`, `i`.`Budget`, `i`.`CountryCode`, `i`.`CreatedAt`, `i`.`CurrencyCode`, `i`.`Description`, `i`.`Destination`, `i`.`EndDate`, `i`.`Latitude`, `i`.`Longitude`, `i`.`StartDate`, `i`.`Status`, `i`.`Title`, `i`.`UpdatedAt`, `i`.`UserId`, `i0`.`Id`, `i0`.`Address`, `i0`.`Category`, `i0`.`DayNumber`, `i0`.`DurationMinutes`, `i0`.`ItineraryId`, `i0`.`Latitude`, `i0`.`Longitude`, `i0`.`Name`, `i0`.`Notes`, `i0`.`OrderIndex`, `i0`.`VisitTime`
FROM `Itineraries` AS `i`
LEFT JOIN `ItineraryStops` AS `i0` ON `i`.`Id` = `i0`.`ItineraryId`
WHERE `i`.`UserId` = @__userId_0
ORDER BY `i`.`UpdatedAt` DESC, `i`.`Id`
2026-05-26 02:21:01.094 +01:00 [INF] HTTP GET /api/itineraries responded 200 in 6.0114 ms
2026-05-26 02:21:03.771 +01:00 [INF] HTTP OPTIONS /api/admin/users responded 204 in 0.0303 ms
2026-05-26 02:21:03.778 +01:00 [INF] Executed DbCommand (1ms) [Parameters=[], CommandType='"Text"', CommandTimeout='30']
SELECT `u`.`Id`, `u`.`AccessFailedCount`, `u`.`AvatarUrl`, `u`.`ConcurrencyStamp`, `u`.`CreatedAt`, `u`.`Email`, `u`.`EmailConfirmed`, `u`.`FirstName`, `u`.`IsActive`, `u`.`LastLoginAt`, `u`.`LastName`, `u`.`LockoutEnabled`, `u`.`LockoutEnd`, `u`.`NormalizedEmail`, `u`.`NormalizedUserName`, `u`.`PasswordHash`, `u`.`PasswordResetToken`, `u`.`PasswordResetTokenExpiry`, `u`.`PhoneNumber`, `u`.`PhoneNumberConfirmed`, `u`.`PreferredLanguage`, `u`.`RefreshToken`, `u`.`RefreshTokenExpiry`, `u`.`SecurityStamp`, `u`.`TwoFactorEnabled`, `u`.`UserName`
FROM `Users` AS `u`
2026-05-26 02:21:03.781 +01:00 [INF] Executed DbCommand (1ms) [Parameters=[@__userId_0='?' (DbType = Guid)], CommandType='"Text"', CommandTimeout='30']
SELECT `r`.`Name`
FROM `UserRoles` AS `u`
INNER JOIN `Roles` AS `r` ON `u`.`RoleId` = `r`.`Id`
WHERE `u`.`UserId` = @__userId_0
2026-05-26 02:21:03.782 +01:00 [INF] HTTP GET /api/admin/users responded 200 in 7.3862 ms
2026-05-26 02:21:11.272 +01:00 [INF] HTTP OPTIONS /api/itineraries responded 204 in 0.0402 ms
2026-05-26 02:21:11.280 +01:00 [INF] Executed DbCommand (1ms) [Parameters=[@__userId_0='?' (DbType = Guid)], CommandType='"Text"', CommandTimeout='30']
SELECT `i`.`Id`, `i`.`Budget`, `i`.`CountryCode`, `i`.`CreatedAt`, `i`.`CurrencyCode`, `i`.`Description`, `i`.`Destination`, `i`.`EndDate`, `i`.`Latitude`, `i`.`Longitude`, `i`.`StartDate`, `i`.`Status`, `i`.`Title`, `i`.`UpdatedAt`, `i`.`UserId`, `i0`.`Id`, `i0`.`Address`, `i0`.`Category`, `i0`.`DayNumber`, `i0`.`DurationMinutes`, `i0`.`ItineraryId`, `i0`.`Latitude`, `i0`.`Longitude`, `i0`.`Name`, `i0`.`Notes`, `i0`.`OrderIndex`, `i0`.`VisitTime`
FROM `Itineraries` AS `i`
LEFT JOIN `ItineraryStops` AS `i0` ON `i`.`Id` = `i0`.`ItineraryId`
WHERE `i`.`UserId` = @__userId_0
ORDER BY `i`.`UpdatedAt` DESC, `i`.`Id`
2026-05-26 02:21:11.280 +01:00 [INF] HTTP GET /api/itineraries responded 200 in 4.1240 ms
2026-05-26 02:21:12.905 +01:00 [INF] HTTP OPTIONS /api/hotels/bookings responded 204 in 0.0366 ms
2026-05-26 02:21:12.913 +01:00 [INF] Executed DbCommand (1ms) [Parameters=[@__userId_0='?' (DbType = Guid)], CommandType='"Text"', CommandTimeout='30']
SELECT `b`.`Id`, `b`.`CheckIn`, `b`.`CheckOut`, `b`.`ConfirmationNumber`, `b`.`CreatedAt`, `b`.`CurrencyCode`, `b`.`FlightId`, `b`.`Guests`, `b`.`HotelId`, `b`.`HotelRoomId`, `b`.`Notes`, `b`.`ProviderReference`, `b`.`Status`, `b`.`TotalPrice`, `b`.`Type`, `b`.`UpdatedAt`, `b`.`UserId`, `h`.`Id`, `h`.`Address`, `h`.`Amenities`, `h`.`CachedAt`, `h`.`City`, `h`.`CountryCode`, `h`.`Description`, `h`.`ExternalId`, `h`.`GuestRating`, `h`.`ImageUrl`, `h`.`Latitude`, `h`.`Longitude`, `h`.`Name`, `h`.`Provider`, `h`.`StarRating`, `f`.`Id`, `f`.`Airline`, `f`.`ArrivalAt`, `f`.`CabinClass`, `f`.`CachedAt`, `f`.`CurrencyCode`, `f`.`DepartureAt`, `f`.`DestinationCity`, `f`.`DestinationCode`, `f`.`DurationMinutes`, `f`.`ExternalId`, `f`.`FlightNumber`, `f`.`OriginCity`, `f`.`OriginCode`, `f`.`Price`, `f`.`Provider`, `f`.`SeatsAvailable`, `f`.`Stops`
FROM `Bookings` AS `b`
LEFT JOIN `Hotels` AS `h` ON `b`.`HotelId` = `h`.`Id`
LEFT JOIN `Flights` AS `f` ON `b`.`FlightId` = `f`.`Id`
WHERE `b`.`UserId` = @__userId_0
ORDER BY `b`.`CreatedAt` DESC
2026-05-26 02:21:12.914 +01:00 [INF] HTTP GET /api/hotels/bookings responded 200 in 4.5034 ms
2026-05-26 02:23:13.561 +01:00 [INF] HTTP OPTIONS /api/admin/users responded 204 in 0.0686 ms
2026-05-26 02:23:13.943 +01:00 [INF] Executed DbCommand (1ms) [Parameters=[], CommandType='"Text"', CommandTimeout='30']
SELECT `u`.`Id`, `u`.`AccessFailedCount`, `u`.`AvatarUrl`, `u`.`ConcurrencyStamp`, `u`.`CreatedAt`, `u`.`Email`, `u`.`EmailConfirmed`, `u`.`FirstName`, `u`.`IsActive`, `u`.`LastLoginAt`, `u`.`LastName`, `u`.`LockoutEnabled`, `u`.`LockoutEnd`, `u`.`NormalizedEmail`, `u`.`NormalizedUserName`, `u`.`PasswordHash`, `u`.`PasswordResetToken`, `u`.`PasswordResetTokenExpiry`, `u`.`PhoneNumber`, `u`.`PhoneNumberConfirmed`, `u`.`PreferredLanguage`, `u`.`RefreshToken`, `u`.`RefreshTokenExpiry`, `u`.`SecurityStamp`, `u`.`TwoFactorEnabled`, `u`.`UserName`
FROM `Users` AS `u`
2026-05-26 02:23:14.052 +01:00 [INF] Executed DbCommand (2ms) [Parameters=[@__userId_0='?' (DbType = Guid)], CommandType='"Text"', CommandTimeout='30']
SELECT `r`.`Name`
FROM `UserRoles` AS `u`
INNER JOIN `Roles` AS `r` ON `u`.`RoleId` = `r`.`Id`
WHERE `u`.`UserId` = @__userId_0
2026-05-26 02:23:14.057 +01:00 [INF] HTTP GET /api/admin/users responded 200 in 118.2137 ms
2026-05-26 02:23:15.932 +01:00 [INF] HTTP OPTIONS /api/auth/logout responded 204 in 0.0419 ms
2026-05-26 02:23:15.972 +01:00 [INF] Executed DbCommand (1ms) [Parameters=[@__get_Item_0='?' (DbType = Guid)], CommandType='"Text"', CommandTimeout='30']
SELECT `u`.`Id`, `u`.`AccessFailedCount`, `u`.`AvatarUrl`, `u`.`ConcurrencyStamp`, `u`.`CreatedAt`, `u`.`Email`, `u`.`EmailConfirmed`, `u`.`FirstName`, `u`.`IsActive`, `u`.`LastLoginAt`, `u`.`LastName`, `u`.`LockoutEnabled`, `u`.`LockoutEnd`, `u`.`NormalizedEmail`, `u`.`NormalizedUserName`, `u`.`PasswordHash`, `u`.`PasswordResetToken`, `u`.`PasswordResetTokenExpiry`, `u`.`PhoneNumber`, `u`.`PhoneNumberConfirmed`, `u`.`PreferredLanguage`, `u`.`RefreshToken`, `u`.`RefreshTokenExpiry`, `u`.`SecurityStamp`, `u`.`TwoFactorEnabled`, `u`.`UserName`
FROM `Users` AS `u`
WHERE `u`.`Id` = @__get_Item_0
LIMIT 1
2026-05-26 02:23:15.975 +01:00 [INF] Executed DbCommand (1ms) [Parameters=[@__normalizedUserName_0='?' (Size = 256)], CommandType='"Text"', CommandTimeout='30']
SELECT `u`.`Id`, `u`.`AccessFailedCount`, `u`.`AvatarUrl`, `u`.`ConcurrencyStamp`, `u`.`CreatedAt`, `u`.`Email`, `u`.`EmailConfirmed`, `u`.`FirstName`, `u`.`IsActive`, `u`.`LastLoginAt`, `u`.`LastName`, `u`.`LockoutEnabled`, `u`.`LockoutEnd`, `u`.`NormalizedEmail`, `u`.`NormalizedUserName`, `u`.`PasswordHash`, `u`.`PasswordResetToken`, `u`.`PasswordResetTokenExpiry`, `u`.`PhoneNumber`, `u`.`PhoneNumberConfirmed`, `u`.`PreferredLanguage`, `u`.`RefreshToken`, `u`.`RefreshTokenExpiry`, `u`.`SecurityStamp`, `u`.`TwoFactorEnabled`, `u`.`UserName`
FROM `Users` AS `u`
WHERE `u`.`NormalizedUserName` = @__normalizedUserName_0
LIMIT 1
2026-05-26 02:23:15.978 +01:00 [INF] Executed DbCommand (1ms) [Parameters=[@__normalizedEmail_0='?' (Size = 256)], CommandType='"Text"', CommandTimeout='30']
SELECT `u`.`Id`, `u`.`AccessFailedCount`, `u`.`AvatarUrl`, `u`.`ConcurrencyStamp`, `u`.`CreatedAt`, `u`.`Email`, `u`.`EmailConfirmed`, `u`.`FirstName`, `u`.`IsActive`, `u`.`LastLoginAt`, `u`.`LastName`, `u`.`LockoutEnabled`, `u`.`LockoutEnd`, `u`.`NormalizedEmail`, `u`.`NormalizedUserName`, `u`.`PasswordHash`, `u`.`PasswordResetToken`, `u`.`PasswordResetTokenExpiry`, `u`.`PhoneNumber`, `u`.`PhoneNumberConfirmed`, `u`.`PreferredLanguage`, `u`.`RefreshToken`, `u`.`RefreshTokenExpiry`, `u`.`SecurityStamp`, `u`.`TwoFactorEnabled`, `u`.`UserName`
FROM `Users` AS `u`
WHERE `u`.`NormalizedEmail` = @__normalizedEmail_0
LIMIT 2
2026-05-26 02:23:16.131 +01:00 [INF] Executed DbCommand (148ms) [Parameters=[@p25='?' (DbType = Guid), @p0='?' (DbType = Int32), @p1='?' (Size = 500), @p2='?' (Size = 4000), @p26='?' (Size = 4000), @p3='?' (DbType = DateTime), @p4='?' (Size = 256), @p5='?' (DbType = Boolean), @p6='?' (Size = 100), @p7='?' (DbType = Boolean), @p8='?' (DbType = DateTime), @p9='?' (Size = 100), @p10='?' (DbType = Boolean), @p11='?' (DbType = DateTimeOffset), @p12='?' (Size = 256), @p13='?' (Size = 256), @p14='?' (Size = 4000), @p15='?' (Size = 4000), @p16='?' (DbType = DateTime), @p17='?' (Size = 4000), @p18='?' (DbType = Boolean), @p19='?' (Size = 10), @p20='?' (Size = 4000), @p21='?' (DbType = DateTime), @p22='?' (Size = 4000), @p23='?' (DbType = Boolean), @p24='?' (Size = 256)], CommandType='"Text"', CommandTimeout='30']
SET AUTOCOMMIT = 1;
UPDATE `Users` SET `AccessFailedCount` = @p0, `AvatarUrl` = @p1, `ConcurrencyStamp` = @p2, `CreatedAt` = @p3, `Email` = @p4, `EmailConfirmed` = @p5, `FirstName` = @p6, `IsActive` = @p7, `LastLoginAt` = @p8, `LastName` = @p9, `LockoutEnabled` = @p10, `LockoutEnd` = @p11, `NormalizedEmail` = @p12, `NormalizedUserName` = @p13, `PasswordHash` = @p14, `PasswordResetToken` = @p15, `PasswordResetTokenExpiry` = @p16, `PhoneNumber` = @p17, `PhoneNumberConfirmed` = @p18, `PreferredLanguage` = @p19, `RefreshToken` = @p20, `RefreshTokenExpiry` = @p21, `SecurityStamp` = @p22, `TwoFactorEnabled` = @p23, `UserName` = @p24
WHERE `Id` = @p25 AND `ConcurrencyStamp` = @p26;
SELECT ROW_COUNT();
2026-05-26 02:23:16.133 +01:00 [INF] HTTP POST /api/auth/logout responded 204 in 194.7968 ms
2026-05-26 02:23:36.922 +01:00 [INF] HTTP OPTIONS /api/auth/register responded 204 in 0.0339 ms
2026-05-26 02:23:37.430 +01:00 [INF] Executed DbCommand (1ms) [Parameters=[@__normalizedEmail_0='?' (Size = 256)], CommandType='"Text"', CommandTimeout='30']
SELECT `u`.`Id`, `u`.`AccessFailedCount`, `u`.`AvatarUrl`, `u`.`ConcurrencyStamp`, `u`.`CreatedAt`, `u`.`Email`, `u`.`EmailConfirmed`, `u`.`FirstName`, `u`.`IsActive`, `u`.`LastLoginAt`, `u`.`LastName`, `u`.`LockoutEnabled`, `u`.`LockoutEnd`, `u`.`NormalizedEmail`, `u`.`NormalizedUserName`, `u`.`PasswordHash`, `u`.`PasswordResetToken`, `u`.`PasswordResetTokenExpiry`, `u`.`PhoneNumber`, `u`.`PhoneNumberConfirmed`, `u`.`PreferredLanguage`, `u`.`RefreshToken`, `u`.`RefreshTokenExpiry`, `u`.`SecurityStamp`, `u`.`TwoFactorEnabled`, `u`.`UserName`
FROM `Users` AS `u`
WHERE `u`.`NormalizedEmail` = @__normalizedEmail_0
LIMIT 2
2026-05-26 02:23:37.432 +01:00 [ERR] HTTP POST /api/auth/register responded 500 in 505.8170 ms
System.InvalidOperationException: Passwords must have at least one uppercase ('A'-'Z').
   at TravelSystem.Application.Services.AuthService.RegisterAsync(RegisterRequest request, CancellationToken ct) in /home/andre-laercio/Documentos/travel-app/backend/src/TravelSystem.Application/Services/AuthService.cs:line 53
   at TravelSystem.API.Controllers.AuthController.Register(RegisterRequest request, CancellationToken ct) in /home/andre-laercio/Documentos/travel-app/backend/src/TravelSystem.API/Controllers/AuthController.cs:line 35
   at lambda_method663(Closure, Object)
   at Microsoft.AspNetCore.Mvc.Infrastructure.ActionMethodExecutor.AwaitableObjectResultExecutor.Execute(ActionContext actionContext, IActionResultTypeMapper mapper, ObjectMethodExecutor executor, Object controller, Object[] arguments)
   at Microsoft.AspNetCore.Mvc.Infrastructure.ControllerActionInvoker.<InvokeActionMethodAsync>g__Awaited|12_0(ControllerActionInvoker invoker, ValueTask`1 actionResultValueTask)
   at Microsoft.AspNetCore.Mvc.Infrastructure.ControllerActionInvoker.<InvokeNextActionFilterAsync>g__Awaited|10_0(ControllerActionInvoker invoker, Task lastTask, State next, Scope scope, Object state, Boolean isCompleted)
   at Microsoft.AspNetCore.Mvc.Infrastructure.ControllerActionInvoker.Rethrow(ActionExecutedContextSealed context)
   at Microsoft.AspNetCore.Mvc.Infrastructure.ControllerActionInvoker.Next(State& next, Scope& scope, Object& state, Boolean& isCompleted)
   at Microsoft.AspNetCore.Mvc.Infrastructure.ControllerActionInvoker.<InvokeInnerFilterAsync>g__Awaited|13_0(ControllerActionInvoker invoker, Task lastTask, State next, Scope scope, Object state, Boolean isCompleted)
   at Microsoft.AspNetCore.Mvc.Infrastructure.ResourceInvoker.<InvokeFilterPipelineAsync>g__Awaited|20_0(ResourceInvoker invoker, Task lastTask, State next, Scope scope, Object state, Boolean isCompleted)
   at Microsoft.AspNetCore.Mvc.Infrastructure.ResourceInvoker.<InvokeAsync>g__Awaited|17_0(ResourceInvoker invoker, Task task, IDisposable scope)
   at Microsoft.AspNetCore.Mvc.Infrastructure.ResourceInvoker.<InvokeAsync>g__Awaited|17_0(ResourceInvoker invoker, Task task, IDisposable scope)
   at Microsoft.AspNetCore.Authorization.AuthorizationMiddleware.Invoke(HttpContext context)
   at Microsoft.AspNetCore.Authentication.AuthenticationMiddleware.Invoke(HttpContext context)
   at Serilog.AspNetCore.RequestLoggingMiddleware.Invoke(HttpContext httpContext)
2026-05-26 02:23:37.856 +01:00 [ERR] Unhandled exception on POST /api/auth/register
System.InvalidOperationException: Passwords must have at least one uppercase ('A'-'Z').
   at TravelSystem.Application.Services.AuthService.RegisterAsync(RegisterRequest request, CancellationToken ct) in /home/andre-laercio/Documentos/travel-app/backend/src/TravelSystem.Application/Services/AuthService.cs:line 53
   at TravelSystem.API.Controllers.AuthController.Register(RegisterRequest request, CancellationToken ct) in /home/andre-laercio/Documentos/travel-app/backend/src/TravelSystem.API/Controllers/AuthController.cs:line 35
   at lambda_method663(Closure, Object)
   at Microsoft.AspNetCore.Mvc.Infrastructure.ActionMethodExecutor.AwaitableObjectResultExecutor.Execute(ActionContext actionContext, IActionResultTypeMapper mapper, ObjectMethodExecutor executor, Object controller, Object[] arguments)
   at Microsoft.AspNetCore.Mvc.Infrastructure.ControllerActionInvoker.<InvokeActionMethodAsync>g__Awaited|12_0(ControllerActionInvoker invoker, ValueTask`1 actionResultValueTask)
   at Microsoft.AspNetCore.Mvc.Infrastructure.ControllerActionInvoker.<InvokeNextActionFilterAsync>g__Awaited|10_0(ControllerActionInvoker invoker, Task lastTask, State next, Scope scope, Object state, Boolean isCompleted)
   at Microsoft.AspNetCore.Mvc.Infrastructure.ControllerActionInvoker.Rethrow(ActionExecutedContextSealed context)
   at Microsoft.AspNetCore.Mvc.Infrastructure.ControllerActionInvoker.Next(State& next, Scope& scope, Object& state, Boolean& isCompleted)
   at Microsoft.AspNetCore.Mvc.Infrastructure.ControllerActionInvoker.<InvokeInnerFilterAsync>g__Awaited|13_0(ControllerActionInvoker invoker, Task lastTask, State next, Scope scope, Object state, Boolean isCompleted)
   at Microsoft.AspNetCore.Mvc.Infrastructure.ResourceInvoker.<InvokeFilterPipelineAsync>g__Awaited|20_0(ResourceInvoker invoker, Task lastTask, State next, Scope scope, Object state, Boolean isCompleted)
   at Microsoft.AspNetCore.Mvc.Infrastructure.ResourceInvoker.<InvokeAsync>g__Awaited|17_0(ResourceInvoker invoker, Task task, IDisposable scope)
   at Microsoft.AspNetCore.Mvc.Infrastructure.ResourceInvoker.<InvokeAsync>g__Awaited|17_0(ResourceInvoker invoker, Task task, IDisposable scope)
   at Microsoft.AspNetCore.Authorization.AuthorizationMiddleware.Invoke(HttpContext context)
   at Microsoft.AspNetCore.Authentication.AuthenticationMiddleware.Invoke(HttpContext context)
   at Serilog.AspNetCore.RequestLoggingMiddleware.Invoke(HttpContext httpContext)
   at Microsoft.AspNetCore.Localization.RequestLocalizationMiddleware.Invoke(HttpContext context)
   at TravelSystem.API.Middleware.ExceptionHandlerMiddleware.InvokeAsync(HttpContext ctx) in /home/andre-laercio/Documentos/travel-app/backend/src/TravelSystem.API/Middleware/ExceptionHandlerMiddleware.cs:line 28
2026-05-26 02:23:44.583 +01:00 [INF] HTTP OPTIONS /api/auth/register responded 204 in 0.0425 ms
2026-05-26 02:23:44.594 +01:00 [INF] Executed DbCommand (1ms) [Parameters=[@__normalizedEmail_0='?' (Size = 256)], CommandType='"Text"', CommandTimeout='30']
SELECT `u`.`Id`, `u`.`AccessFailedCount`, `u`.`AvatarUrl`, `u`.`ConcurrencyStamp`, `u`.`CreatedAt`, `u`.`Email`, `u`.`EmailConfirmed`, `u`.`FirstName`, `u`.`IsActive`, `u`.`LastLoginAt`, `u`.`LastName`, `u`.`LockoutEnabled`, `u`.`LockoutEnd`, `u`.`NormalizedEmail`, `u`.`NormalizedUserName`, `u`.`PasswordHash`, `u`.`PasswordResetToken`, `u`.`PasswordResetTokenExpiry`, `u`.`PhoneNumber`, `u`.`PhoneNumberConfirmed`, `u`.`PreferredLanguage`, `u`.`RefreshToken`, `u`.`RefreshTokenExpiry`, `u`.`SecurityStamp`, `u`.`TwoFactorEnabled`, `u`.`UserName`
FROM `Users` AS `u`
WHERE `u`.`NormalizedEmail` = @__normalizedEmail_0
LIMIT 2
2026-05-26 02:23:44.777 +01:00 [ERR] HTTP POST /api/auth/register responded 500 in 187.5141 ms
System.InvalidOperationException: Passwords must have at least one uppercase ('A'-'Z').
   at TravelSystem.Application.Services.AuthService.RegisterAsync(RegisterRequest request, CancellationToken ct) in /home/andre-laercio/Documentos/travel-app/backend/src/TravelSystem.Application/Services/AuthService.cs:line 53
   at TravelSystem.API.Controllers.AuthController.Register(RegisterRequest request, CancellationToken ct) in /home/andre-laercio/Documentos/travel-app/backend/src/TravelSystem.API/Controllers/AuthController.cs:line 35
   at lambda_method663(Closure, Object)
   at Microsoft.AspNetCore.Mvc.Infrastructure.ActionMethodExecutor.AwaitableObjectResultExecutor.Execute(ActionContext actionContext, IActionResultTypeMapper mapper, ObjectMethodExecutor executor, Object controller, Object[] arguments)
   at Microsoft.AspNetCore.Mvc.Infrastructure.ControllerActionInvoker.<InvokeActionMethodAsync>g__Awaited|12_0(ControllerActionInvoker invoker, ValueTask`1 actionResultValueTask)
   at Microsoft.AspNetCore.Mvc.Infrastructure.ControllerActionInvoker.<InvokeNextActionFilterAsync>g__Awaited|10_0(ControllerActionInvoker invoker, Task lastTask, State next, Scope scope, Object state, Boolean isCompleted)
   at Microsoft.AspNetCore.Mvc.Infrastructure.ControllerActionInvoker.Rethrow(ActionExecutedContextSealed context)
   at Microsoft.AspNetCore.Mvc.Infrastructure.ControllerActionInvoker.Next(State& next, Scope& scope, Object& state, Boolean& isCompleted)
   at Microsoft.AspNetCore.Mvc.Infrastructure.ControllerActionInvoker.<InvokeInnerFilterAsync>g__Awaited|13_0(ControllerActionInvoker invoker, Task lastTask, State next, Scope scope, Object state, Boolean isCompleted)
   at Microsoft.AspNetCore.Mvc.Infrastructure.ResourceInvoker.<InvokeFilterPipelineAsync>g__Awaited|20_0(ResourceInvoker invoker, Task lastTask, State next, Scope scope, Object state, Boolean isCompleted)
   at Microsoft.AspNetCore.Mvc.Infrastructure.ResourceInvoker.<InvokeAsync>g__Awaited|17_0(ResourceInvoker invoker, Task task, IDisposable scope)
   at Microsoft.AspNetCore.Mvc.Infrastructure.ResourceInvoker.<InvokeAsync>g__Awaited|17_0(ResourceInvoker invoker, Task task, IDisposable scope)
   at Microsoft.AspNetCore.Authorization.AuthorizationMiddleware.Invoke(HttpContext context)
   at Microsoft.AspNetCore.Authentication.AuthenticationMiddleware.Invoke(HttpContext context)
   at Serilog.AspNetCore.RequestLoggingMiddleware.Invoke(HttpContext httpContext)
2026-05-26 02:23:44.780 +01:00 [ERR] Unhandled exception on POST /api/auth/register
System.InvalidOperationException: Passwords must have at least one uppercase ('A'-'Z').
   at TravelSystem.Application.Services.AuthService.RegisterAsync(RegisterRequest request, CancellationToken ct) in /home/andre-laercio/Documentos/travel-app/backend/src/TravelSystem.Application/Services/AuthService.cs:line 53
   at TravelSystem.API.Controllers.AuthController.Register(RegisterRequest request, CancellationToken ct) in /home/andre-laercio/Documentos/travel-app/backend/src/TravelSystem.API/Controllers/AuthController.cs:line 35
   at lambda_method663(Closure, Object)
   at Microsoft.AspNetCore.Mvc.Infrastructure.ActionMethodExecutor.AwaitableObjectResultExecutor.Execute(ActionContext actionContext, IActionResultTypeMapper mapper, ObjectMethodExecutor executor, Object controller, Object[] arguments)
   at Microsoft.AspNetCore.Mvc.Infrastructure.ControllerActionInvoker.<InvokeActionMethodAsync>g__Awaited|12_0(ControllerActionInvoker invoker, ValueTask`1 actionResultValueTask)
   at Microsoft.AspNetCore.Mvc.Infrastructure.ControllerActionInvoker.<InvokeNextActionFilterAsync>g__Awaited|10_0(ControllerActionInvoker invoker, Task lastTask, State next, Scope scope, Object state, Boolean isCompleted)
   at Microsoft.AspNetCore.Mvc.Infrastructure.ControllerActionInvoker.Rethrow(ActionExecutedContextSealed context)
   at Microsoft.AspNetCore.Mvc.Infrastructure.ControllerActionInvoker.Next(State& next, Scope& scope, Object& state, Boolean& isCompleted)
   at Microsoft.AspNetCore.Mvc.Infrastructure.ControllerActionInvoker.<InvokeInnerFilterAsync>g__Awaited|13_0(ControllerActionInvoker invoker, Task lastTask, State next, Scope scope, Object state, Boolean isCompleted)
   at Microsoft.AspNetCore.Mvc.Infrastructure.ResourceInvoker.<InvokeFilterPipelineAsync>g__Awaited|20_0(ResourceInvoker invoker, Task lastTask, State next, Scope scope, Object state, Boolean isCompleted)
   at Microsoft.AspNetCore.Mvc.Infrastructure.ResourceInvoker.<InvokeAsync>g__Awaited|17_0(ResourceInvoker invoker, Task task, IDisposable scope)
   at Microsoft.AspNetCore.Mvc.Infrastructure.ResourceInvoker.<InvokeAsync>g__Awaited|17_0(ResourceInvoker invoker, Task task, IDisposable scope)
   at Microsoft.AspNetCore.Authorization.AuthorizationMiddleware.Invoke(HttpContext context)
   at Microsoft.AspNetCore.Authentication.AuthenticationMiddleware.Invoke(HttpContext context)
   at Serilog.AspNetCore.RequestLoggingMiddleware.Invoke(HttpContext httpContext)
   at Microsoft.AspNetCore.Localization.RequestLocalizationMiddleware.Invoke(HttpContext context)
   at TravelSystem.API.Middleware.ExceptionHandlerMiddleware.InvokeAsync(HttpContext ctx) in /home/andre-laercio/Documentos/travel-app/backend/src/TravelSystem.API/Middleware/ExceptionHandlerMiddleware.cs:line 28
2026-05-26 02:23:46.138 +01:00 [INF] Executed DbCommand (1ms) [Parameters=[@__normalizedEmail_0='?' (Size = 256)], CommandType='"Text"', CommandTimeout='30']
SELECT `u`.`Id`, `u`.`AccessFailedCount`, `u`.`AvatarUrl`, `u`.`ConcurrencyStamp`, `u`.`CreatedAt`, `u`.`Email`, `u`.`EmailConfirmed`, `u`.`FirstName`, `u`.`IsActive`, `u`.`LastLoginAt`, `u`.`LastName`, `u`.`LockoutEnabled`, `u`.`LockoutEnd`, `u`.`NormalizedEmail`, `u`.`NormalizedUserName`, `u`.`PasswordHash`, `u`.`PasswordResetToken`, `u`.`PasswordResetTokenExpiry`, `u`.`PhoneNumber`, `u`.`PhoneNumberConfirmed`, `u`.`PreferredLanguage`, `u`.`RefreshToken`, `u`.`RefreshTokenExpiry`, `u`.`SecurityStamp`, `u`.`TwoFactorEnabled`, `u`.`UserName`
FROM `Users` AS `u`
WHERE `u`.`NormalizedEmail` = @__normalizedEmail_0
LIMIT 2
2026-05-26 02:23:46.139 +01:00 [ERR] HTTP POST /api/auth/register responded 500 in 510.0506 ms
System.InvalidOperationException: Passwords must have at least one uppercase ('A'-'Z').
   at TravelSystem.Application.Services.AuthService.RegisterAsync(RegisterRequest request, CancellationToken ct) in /home/andre-laercio/Documentos/travel-app/backend/src/TravelSystem.Application/Services/AuthService.cs:line 53
   at TravelSystem.API.Controllers.AuthController.Register(RegisterRequest request, CancellationToken ct) in /home/andre-laercio/Documentos/travel-app/backend/src/TravelSystem.API/Controllers/AuthController.cs:line 35
   at lambda_method663(Closure, Object)
   at Microsoft.AspNetCore.Mvc.Infrastructure.ActionMethodExecutor.AwaitableObjectResultExecutor.Execute(ActionContext actionContext, IActionResultTypeMapper mapper, ObjectMethodExecutor executor, Object controller, Object[] arguments)
   at Microsoft.AspNetCore.Mvc.Infrastructure.ControllerActionInvoker.<InvokeActionMethodAsync>g__Awaited|12_0(ControllerActionInvoker invoker, ValueTask`1 actionResultValueTask)
   at Microsoft.AspNetCore.Mvc.Infrastructure.ControllerActionInvoker.<InvokeNextActionFilterAsync>g__Awaited|10_0(ControllerActionInvoker invoker, Task lastTask, State next, Scope scope, Object state, Boolean isCompleted)
   at Microsoft.AspNetCore.Mvc.Infrastructure.ControllerActionInvoker.Rethrow(ActionExecutedContextSealed context)
   at Microsoft.AspNetCore.Mvc.Infrastructure.ControllerActionInvoker.Next(State& next, Scope& scope, Object& state, Boolean& isCompleted)
   at Microsoft.AspNetCore.Mvc.Infrastructure.ControllerActionInvoker.<InvokeInnerFilterAsync>g__Awaited|13_0(ControllerActionInvoker invoker, Task lastTask, State next, Scope scope, Object state, Boolean isCompleted)
   at Microsoft.AspNetCore.Mvc.Infrastructure.ResourceInvoker.<InvokeFilterPipelineAsync>g__Awaited|20_0(ResourceInvoker invoker, Task lastTask, State next, Scope scope, Object state, Boolean isCompleted)
   at Microsoft.AspNetCore.Mvc.Infrastructure.ResourceInvoker.<InvokeAsync>g__Awaited|17_0(ResourceInvoker invoker, Task task, IDisposable scope)
   at Microsoft.AspNetCore.Mvc.Infrastructure.ResourceInvoker.<InvokeAsync>g__Awaited|17_0(ResourceInvoker invoker, Task task, IDisposable scope)
   at Microsoft.AspNetCore.Authorization.AuthorizationMiddleware.Invoke(HttpContext context)
   at Microsoft.AspNetCore.Authentication.AuthenticationMiddleware.Invoke(HttpContext context)
   at Serilog.AspNetCore.RequestLoggingMiddleware.Invoke(HttpContext httpContext)
2026-05-26 02:23:46.141 +01:00 [ERR] Unhandled exception on POST /api/auth/register
System.InvalidOperationException: Passwords must have at least one uppercase ('A'-'Z').
   at TravelSystem.Application.Services.AuthService.RegisterAsync(RegisterRequest request, CancellationToken ct) in /home/andre-laercio/Documentos/travel-app/backend/src/TravelSystem.Application/Services/AuthService.cs:line 53
   at TravelSystem.API.Controllers.AuthController.Register(RegisterRequest request, CancellationToken ct) in /home/andre-laercio/Documentos/travel-app/backend/src/TravelSystem.API/Controllers/AuthController.cs:line 35
   at lambda_method663(Closure, Object)
   at Microsoft.AspNetCore.Mvc.Infrastructure.ActionMethodExecutor.AwaitableObjectResultExecutor.Execute(ActionContext actionContext, IActionResultTypeMapper mapper, ObjectMethodExecutor executor, Object controller, Object[] arguments)
   at Microsoft.AspNetCore.Mvc.Infrastructure.ControllerActionInvoker.<InvokeActionMethodAsync>g__Awaited|12_0(ControllerActionInvoker invoker, ValueTask`1 actionResultValueTask)
   at Microsoft.AspNetCore.Mvc.Infrastructure.ControllerActionInvoker.<InvokeNextActionFilterAsync>g__Awaited|10_0(ControllerActionInvoker invoker, Task lastTask, State next, Scope scope, Object state, Boolean isCompleted)
   at Microsoft.AspNetCore.Mvc.Infrastructure.ControllerActionInvoker.Rethrow(ActionExecutedContextSealed context)
   at Microsoft.AspNetCore.Mvc.Infrastructure.ControllerActionInvoker.Next(State& next, Scope& scope, Object& state, Boolean& isCompleted)
   at Microsoft.AspNetCore.Mvc.Infrastructure.ControllerActionInvoker.<InvokeInnerFilterAsync>g__Awaited|13_0(ControllerActionInvoker invoker, Task lastTask, State next, Scope scope, Object state, Boolean isCompleted)
   at Microsoft.AspNetCore.Mvc.Infrastructure.ResourceInvoker.<InvokeFilterPipelineAsync>g__Awaited|20_0(ResourceInvoker invoker, Task lastTask, State next, Scope scope, Object state, Boolean isCompleted)
   at Microsoft.AspNetCore.Mvc.Infrastructure.ResourceInvoker.<InvokeAsync>g__Awaited|17_0(ResourceInvoker invoker, Task task, IDisposable scope)
   at Microsoft.AspNetCore.Mvc.Infrastructure.ResourceInvoker.<InvokeAsync>g__Awaited|17_0(ResourceInvoker invoker, Task task, IDisposable scope)
   at Microsoft.AspNetCore.Authorization.AuthorizationMiddleware.Invoke(HttpContext context)
   at Microsoft.AspNetCore.Authentication.AuthenticationMiddleware.Invoke(HttpContext context)
   at Serilog.AspNetCore.RequestLoggingMiddleware.Invoke(HttpContext httpContext)
   at Microsoft.AspNetCore.Localization.RequestLocalizationMiddleware.Invoke(HttpContext context)
   at TravelSystem.API.Middleware.ExceptionHandlerMiddleware.InvokeAsync(HttpContext ctx) in /home/andre-laercio/Documentos/travel-app/backend/src/TravelSystem.API/Middleware/ExceptionHandlerMiddleware.cs:line 28
2026-05-26 03:01:58.137 +01:00 [INF] Executed DbCommand (359ms) [Parameters=[], CommandType='"Text"', CommandTimeout='30']
SELECT CASE WHEN COUNT(*) = 0 THEN FALSE ELSE TRUE END
FROM information_schema.tables
WHERE table_type = 'BASE TABLE' AND table_schema = 'travel_system_dev'
2026-05-26 03:01:58.655 +01:00 [INF] Executed DbCommand (11ms) [Parameters=[@__normalizedName_0='?' (Size = 256)], CommandType='"Text"', CommandTimeout='30']
SELECT `r`.`Id`, `r`.`ConcurrencyStamp`, `r`.`Name`, `r`.`NormalizedName`
FROM `Roles` AS `r`
WHERE `r`.`NormalizedName` = @__normalizedName_0
LIMIT 1
2026-05-26 03:01:58.718 +01:00 [INF] Executed DbCommand (1ms) [Parameters=[@__normalizedName_0='?' (Size = 256)], CommandType='"Text"', CommandTimeout='30']
SELECT `r`.`Id`, `r`.`ConcurrencyStamp`, `r`.`Name`, `r`.`NormalizedName`
FROM `Roles` AS `r`
WHERE `r`.`NormalizedName` = @__normalizedName_0
LIMIT 1
2026-05-26 03:01:58.720 +01:00 [INF] Executed DbCommand (1ms) [Parameters=[@__normalizedName_0='?' (Size = 256)], CommandType='"Text"', CommandTimeout='30']
SELECT `r`.`Id`, `r`.`ConcurrencyStamp`, `r`.`Name`, `r`.`NormalizedName`
FROM `Roles` AS `r`
WHERE `r`.`NormalizedName` = @__normalizedName_0
LIMIT 1
2026-05-26 03:01:58.748 +01:00 [INF] Executed DbCommand (10ms) [Parameters=[@__normalizedEmail_0='?' (Size = 256)], CommandType='"Text"', CommandTimeout='30']
SELECT `u`.`Id`, `u`.`AccessFailedCount`, `u`.`AvatarUrl`, `u`.`ConcurrencyStamp`, `u`.`CreatedAt`, `u`.`Email`, `u`.`EmailConfirmed`, `u`.`FirstName`, `u`.`IsActive`, `u`.`LastLoginAt`, `u`.`LastName`, `u`.`LockoutEnabled`, `u`.`LockoutEnd`, `u`.`NormalizedEmail`, `u`.`NormalizedUserName`, `u`.`PasswordHash`, `u`.`PasswordResetToken`, `u`.`PasswordResetTokenExpiry`, `u`.`PhoneNumber`, `u`.`PhoneNumberConfirmed`, `u`.`PreferredLanguage`, `u`.`RefreshToken`, `u`.`RefreshTokenExpiry`, `u`.`SecurityStamp`, `u`.`TwoFactorEnabled`, `u`.`UserName`
FROM `Users` AS `u`
WHERE `u`.`NormalizedEmail` = @__normalizedEmail_0
LIMIT 2
2026-05-26 03:01:58.814 +01:00 [INF] Executed DbCommand (1ms) [Parameters=[@__normalizedEmail_0='?' (Size = 256)], CommandType='"Text"', CommandTimeout='30']
SELECT `u`.`Id`, `u`.`AccessFailedCount`, `u`.`AvatarUrl`, `u`.`ConcurrencyStamp`, `u`.`CreatedAt`, `u`.`Email`, `u`.`EmailConfirmed`, `u`.`FirstName`, `u`.`IsActive`, `u`.`LastLoginAt`, `u`.`LastName`, `u`.`LockoutEnabled`, `u`.`LockoutEnd`, `u`.`NormalizedEmail`, `u`.`NormalizedUserName`, `u`.`PasswordHash`, `u`.`PasswordResetToken`, `u`.`PasswordResetTokenExpiry`, `u`.`PhoneNumber`, `u`.`PhoneNumberConfirmed`, `u`.`PreferredLanguage`, `u`.`RefreshToken`, `u`.`RefreshTokenExpiry`, `u`.`SecurityStamp`, `u`.`TwoFactorEnabled`, `u`.`UserName`
FROM `Users` AS `u`
WHERE `u`.`NormalizedEmail` = @__normalizedEmail_0
LIMIT 2
2026-05-26 03:01:58.948 +01:00 [INF] Executed DbCommand (1ms) [Parameters=[@__normalizedUserName_0='?' (Size = 256)], CommandType='"Text"', CommandTimeout='30']
SELECT `u`.`Id`, `u`.`AccessFailedCount`, `u`.`AvatarUrl`, `u`.`ConcurrencyStamp`, `u`.`CreatedAt`, `u`.`Email`, `u`.`EmailConfirmed`, `u`.`FirstName`, `u`.`IsActive`, `u`.`LastLoginAt`, `u`.`LastName`, `u`.`LockoutEnabled`, `u`.`LockoutEnd`, `u`.`NormalizedEmail`, `u`.`NormalizedUserName`, `u`.`PasswordHash`, `u`.`PasswordResetToken`, `u`.`PasswordResetTokenExpiry`, `u`.`PhoneNumber`, `u`.`PhoneNumberConfirmed`, `u`.`PreferredLanguage`, `u`.`RefreshToken`, `u`.`RefreshTokenExpiry`, `u`.`SecurityStamp`, `u`.`TwoFactorEnabled`, `u`.`UserName`
FROM `Users` AS `u`
WHERE `u`.`NormalizedUserName` = @__normalizedUserName_0
LIMIT 1
2026-05-26 03:01:58.952 +01:00 [INF] Executed DbCommand (1ms) [Parameters=[@__normalizedEmail_0='?' (Size = 256)], CommandType='"Text"', CommandTimeout='30']
SELECT `u`.`Id`, `u`.`AccessFailedCount`, `u`.`AvatarUrl`, `u`.`ConcurrencyStamp`, `u`.`CreatedAt`, `u`.`Email`, `u`.`EmailConfirmed`, `u`.`FirstName`, `u`.`IsActive`, `u`.`LastLoginAt`, `u`.`LastName`, `u`.`LockoutEnabled`, `u`.`LockoutEnd`, `u`.`NormalizedEmail`, `u`.`NormalizedUserName`, `u`.`PasswordHash`, `u`.`PasswordResetToken`, `u`.`PasswordResetTokenExpiry`, `u`.`PhoneNumber`, `u`.`PhoneNumberConfirmed`, `u`.`PreferredLanguage`, `u`.`RefreshToken`, `u`.`RefreshTokenExpiry`, `u`.`SecurityStamp`, `u`.`TwoFactorEnabled`, `u`.`UserName`
FROM `Users` AS `u`
WHERE `u`.`NormalizedEmail` = @__normalizedEmail_0
LIMIT 2
2026-05-26 03:01:59.396 +01:00 [INF] Executed DbCommand (340ms) [Parameters=[@p0='?' (DbType = Guid), @p1='?' (DbType = Int32), @p2='?' (Size = 500), @p3='?' (Size = 4000), @p4='?' (DbType = DateTime), @p5='?' (Size = 256), @p6='?' (DbType = Boolean), @p7='?' (Size = 100), @p8='?' (DbType = Boolean), @p9='?' (DbType = DateTime), @p10='?' (Size = 100), @p11='?' (DbType = Boolean), @p12='?' (DbType = DateTimeOffset), @p13='?' (Size = 256), @p14='?' (Size = 256), @p15='?' (Size = 4000), @p16='?' (Size = 4000), @p17='?' (DbType = DateTime), @p18='?' (Size = 4000), @p19='?' (DbType = Boolean), @p20='?' (Size = 10), @p21='?' (Size = 4000), @p22='?' (DbType = DateTime), @p23='?' (Size = 4000), @p24='?' (DbType = Boolean), @p25='?' (Size = 256)], CommandType='"Text"', CommandTimeout='30']
SET AUTOCOMMIT = 1;
INSERT INTO `Users` (`Id`, `AccessFailedCount`, `AvatarUrl`, `ConcurrencyStamp`, `CreatedAt`, `Email`, `EmailConfirmed`, `FirstName`, `IsActive`, `LastLoginAt`, `LastName`, `LockoutEnabled`, `LockoutEnd`, `NormalizedEmail`, `NormalizedUserName`, `PasswordHash`, `PasswordResetToken`, `PasswordResetTokenExpiry`, `PhoneNumber`, `PhoneNumberConfirmed`, `PreferredLanguage`, `RefreshToken`, `RefreshTokenExpiry`, `SecurityStamp`, `TwoFactorEnabled`, `UserName`)
VALUES (@p0, @p1, @p2, @p3, @p4, @p5, @p6, @p7, @p8, @p9, @p10, @p11, @p12, @p13, @p14, @p15, @p16, @p17, @p18, @p19, @p20, @p21, @p22, @p23, @p24, @p25);
2026-05-26 03:01:59.424 +01:00 [INF] Executed DbCommand (11ms) [Parameters=[@__normalizedRoleName_0='?' (Size = 256)], CommandType='"Text"', CommandTimeout='30']
SELECT `r`.`Id`, `r`.`ConcurrencyStamp`, `r`.`Name`, `r`.`NormalizedName`
FROM `Roles` AS `r`
WHERE `r`.`NormalizedName` = @__normalizedRoleName_0
LIMIT 2
2026-05-26 03:01:59.519 +01:00 [INF] Executed DbCommand (55ms) [Parameters=[@__get_Item_0='?' (DbType = Guid), @__get_Item_1='?' (DbType = Guid)], CommandType='"Text"', CommandTimeout='30']
SELECT `u`.`UserId`, `u`.`RoleId`
FROM `UserRoles` AS `u`
WHERE (`u`.`UserId` = @__get_Item_0) AND (`u`.`RoleId` = @__get_Item_1)
LIMIT 1
2026-05-26 03:01:59.527 +01:00 [INF] Executed DbCommand (1ms) [Parameters=[@__normalizedRoleName_0='?' (Size = 256)], CommandType='"Text"', CommandTimeout='30']
SELECT `r`.`Id`, `r`.`ConcurrencyStamp`, `r`.`Name`, `r`.`NormalizedName`
FROM `Roles` AS `r`
WHERE `r`.`NormalizedName` = @__normalizedRoleName_0
LIMIT 2
2026-05-26 03:01:59.553 +01:00 [INF] Executed DbCommand (1ms) [Parameters=[@__normalizedUserName_0='?' (Size = 256)], CommandType='"Text"', CommandTimeout='30']
SELECT `u`.`Id`, `u`.`AccessFailedCount`, `u`.`AvatarUrl`, `u`.`ConcurrencyStamp`, `u`.`CreatedAt`, `u`.`Email`, `u`.`EmailConfirmed`, `u`.`FirstName`, `u`.`IsActive`, `u`.`LastLoginAt`, `u`.`LastName`, `u`.`LockoutEnabled`, `u`.`LockoutEnd`, `u`.`NormalizedEmail`, `u`.`NormalizedUserName`, `u`.`PasswordHash`, `u`.`PasswordResetToken`, `u`.`PasswordResetTokenExpiry`, `u`.`PhoneNumber`, `u`.`PhoneNumberConfirmed`, `u`.`PreferredLanguage`, `u`.`RefreshToken`, `u`.`RefreshTokenExpiry`, `u`.`SecurityStamp`, `u`.`TwoFactorEnabled`, `u`.`UserName`
FROM `Users` AS `u`
WHERE `u`.`NormalizedUserName` = @__normalizedUserName_0
LIMIT 1
2026-05-26 03:01:59.556 +01:00 [INF] Executed DbCommand (1ms) [Parameters=[@__normalizedEmail_0='?' (Size = 256)], CommandType='"Text"', CommandTimeout='30']
SELECT `u`.`Id`, `u`.`AccessFailedCount`, `u`.`AvatarUrl`, `u`.`ConcurrencyStamp`, `u`.`CreatedAt`, `u`.`Email`, `u`.`EmailConfirmed`, `u`.`FirstName`, `u`.`IsActive`, `u`.`LastLoginAt`, `u`.`LastName`, `u`.`LockoutEnabled`, `u`.`LockoutEnd`, `u`.`NormalizedEmail`, `u`.`NormalizedUserName`, `u`.`PasswordHash`, `u`.`PasswordResetToken`, `u`.`PasswordResetTokenExpiry`, `u`.`PhoneNumber`, `u`.`PhoneNumberConfirmed`, `u`.`PreferredLanguage`, `u`.`RefreshToken`, `u`.`RefreshTokenExpiry`, `u`.`SecurityStamp`, `u`.`TwoFactorEnabled`, `u`.`UserName`
FROM `Users` AS `u`
WHERE `u`.`NormalizedEmail` = @__normalizedEmail_0
LIMIT 2
2026-05-26 03:01:59.758 +01:00 [INF] Executed DbCommand (111ms) [Parameters=[@p0='?' (DbType = Guid), @p1='?' (DbType = Guid), @p27='?' (DbType = Guid), @p2='?' (DbType = Int32), @p3='?' (Size = 500), @p4='?' (Size = 4000), @p28='?' (Size = 4000), @p5='?' (DbType = DateTime), @p6='?' (Size = 256), @p7='?' (DbType = Boolean), @p8='?' (Size = 100), @p9='?' (DbType = Boolean), @p10='?' (DbType = DateTime), @p11='?' (Size = 100), @p12='?' (DbType = Boolean), @p13='?' (DbType = DateTimeOffset), @p14='?' (Size = 256), @p15='?' (Size = 256), @p16='?' (Size = 4000), @p17='?' (Size = 4000), @p18='?' (DbType = DateTime), @p19='?' (Size = 4000), @p20='?' (DbType = Boolean), @p21='?' (Size = 10), @p22='?' (Size = 4000), @p23='?' (DbType = DateTime), @p24='?' (Size = 4000), @p25='?' (DbType = Boolean), @p26='?' (Size = 256)], CommandType='"Text"', CommandTimeout='30']
INSERT INTO `UserRoles` (`RoleId`, `UserId`)
VALUES (@p0, @p1);
UPDATE `Users` SET `AccessFailedCount` = @p2, `AvatarUrl` = @p3, `ConcurrencyStamp` = @p4, `CreatedAt` = @p5, `Email` = @p6, `EmailConfirmed` = @p7, `FirstName` = @p8, `IsActive` = @p9, `LastLoginAt` = @p10, `LastName` = @p11, `LockoutEnabled` = @p12, `LockoutEnd` = @p13, `NormalizedEmail` = @p14, `NormalizedUserName` = @p15, `PasswordHash` = @p16, `PasswordResetToken` = @p17, `PasswordResetTokenExpiry` = @p18, `PhoneNumber` = @p19, `PhoneNumberConfirmed` = @p20, `PreferredLanguage` = @p21, `RefreshToken` = @p22, `RefreshTokenExpiry` = @p23, `SecurityStamp` = @p24, `TwoFactorEnabled` = @p25, `UserName` = @p26
WHERE `Id` = @p27 AND `ConcurrencyStamp` = @p28;
SELECT ROW_COUNT();
2026-05-26 03:01:59.862 +01:00 [INF] Executed DbCommand (9ms) [Parameters=[], CommandType='"Text"', CommandTimeout='30']
SELECT EXISTS (
    SELECT 1
    FROM `Hotels` AS `h`)
2026-05-26 03:01:59.981 +01:00 [INF] Executed DbCommand (48ms) [Parameters=[], CommandType='"Text"', CommandTimeout='30']
SELECT EXISTS (
    SELECT 1
    FROM `Flights` AS `f`)
2026-05-26 03:02:00.022 +01:00 [INF] Executed DbCommand (1ms) [Parameters=[@__traveler_Id_0='?' (DbType = Guid)], CommandType='"Text"', CommandTimeout='30']
SELECT EXISTS (
    SELECT 1
    FROM `Itineraries` AS `i`
    WHERE `i`.`UserId` = @__traveler_Id_0)
2026-05-26 03:02:01.360 +01:00 [INF] Executed DbCommand (1,055ms) [Parameters=[@p0='?' (DbType = Guid), @p1='?' (Size = 200), @p2='?' (DbType = DateTime), @p3='?' (Size = 4000), @p4='?' (DbType = DateTime), @p5='?' (Size = 3), @p6='?' (DbType = DateTime), @p7='?' (Size = 4000), @p8='?' (Size = 3), @p9='?' (DbType = Int32), @p10='?' (Size = 4000), @p11='?' (Size = 20), @p12='?' (Size = 4000), @p13='?' (Size = 3), @p14='?' (DbType = Decimal), @p15='?' (Size = 4000), @p16='?' (DbType = Int32), @p17='?' (DbType = Int32), @p18='?' (DbType = Guid), @p19='?' (Size = 200), @p20='?' (DbType = DateTime), @p21='?' (Size = 4000), @p22='?' (DbType = DateTime), @p23='?' (Size = 3), @p24='?' (DbType = DateTime), @p25='?' (Size = 4000), @p26='?' (Size = 3), @p27='?' (DbType = Int32), @p28='?' (Size = 4000), @p29='?' (Size = 20), @p30='?' (Size = 4000), @p31='?' (Size = 3), @p32='?' (DbType = Decimal), @p33='?' (Size = 4000), @p34='?' (DbType = Int32), @p35='?' (DbType = Int32), @p36='?' (DbType = Guid), @p37='?' (Size = 200), @p38='?' (DbType = DateTime), @p39='?' (Size = 4000), @p40='?' (DbType = DateTime), @p41='?' (Size = 3), @p42='?' (DbType = DateTime), @p43='?' (Size = 4000), @p44='?' (Size = 3), @p45='?' (DbType = Int32), @p46='?' (Size = 4000), @p47='?' (Size = 20), @p48='?' (Size = 4000), @p49='?' (Size = 3), @p50='?' (DbType = Decimal), @p51='?' (Size = 4000), @p52='?' (DbType = Int32), @p53='?' (DbType = Int32), @p54='?' (DbType = Guid), @p55='?' (Size = 200), @p56='?' (DbType = DateTime), @p57='?' (Size = 4000), @p58='?' (DbType = DateTime), @p59='?' (Size = 3), @p60='?' (DbType = DateTime), @p61='?' (Size = 4000), @p62='?' (Size = 3), @p63='?' (DbType = Int32), @p64='?' (Size = 4000), @p65='?' (Size = 20), @p66='?' (Size = 4000), @p67='?' (Size = 3), @p68='?' (DbType = Decimal), @p69='?' (Size = 4000), @p70='?' (DbType = Int32), @p71='?' (DbType = Int32), @p72='?' (DbType = Guid), @p73='?' (Size = 200), @p74='?' (DbType = DateTime), @p75='?' (Size = 4000), @p76='?' (DbType = DateTime), @p77='?' (Size = 3), @p78='?' (DbType = DateTime), @p79='?' (Size = 4000), @p80='?' (Size = 3), @p81='?' (DbType = Int32), @p82='?' (Size = 4000), @p83='?' (Size = 20), @p84='?' (Size = 4000), @p85='?' (Size = 3), @p86='?' (DbType = Decimal), @p87='?' (Size = 4000), @p88='?' (DbType = Int32), @p89='?' (DbType = Int32), @p90='?' (DbType = Guid), @p91='?' (Size = 200), @p92='?' (DbType = DateTime), @p93='?' (Size = 4000), @p94='?' (DbType = DateTime), @p95='?' (Size = 3), @p96='?' (DbType = DateTime), @p97='?' (Size = 4000), @p98='?' (Size = 3), @p99='?' (DbType = Int32), @p100='?' (Size = 4000), @p101='?' (Size = 20), @p102='?' (Size = 4000), @p103='?' (Size = 3), @p104='?' (DbType = Decimal), @p105='?' (Size = 4000), @p106='?' (DbType = Int32), @p107='?' (DbType = Int32), @p108='?' (DbType = Guid), @p109='?' (Size = 500), @p110='?' (Size = 4000), @p111='?' (DbType = DateTime), @p112='?' (Size = 200), @p113='?' (Size = 3), @p114='?' (Size = 4000), @p115='?' (Size = 100), @p116='?' (DbType = Double), @p117='?' (Size = 500), @p118='?' (DbType = Double), @p119='?' (DbType = Double), @p120='?' (Size = 300), @p121='?' (Size = 50), @p122='?' (DbType = Int32), @p123='?' (DbType = Guid), @p124='?' (Size = 500), @p125='?' (Size = 4000), @p126='?' (DbType = DateTime), @p127='?' (Size = 200), @p128='?' (Size = 3), @p129='?' (Size = 4000), @p130='?' (Size = 100), @p131='?' (DbType = Double), @p132='?' (Size = 500), @p133='?' (DbType = Double), @p134='?' (DbType = Double), @p135='?' (Size = 300), @p136='?' (Size = 50), @p137='?' (DbType = Int32), @p138='?' (DbType = Guid), @p139='?' (Size = 500), @p140='?' (Size = 4000), @p141='?' (DbType = DateTime), @p142='?' (Size = 200), @p143='?' (Size = 3), @p144='?' (Size = 4000), @p145='?' (Size = 100), @p146='?' (DbType = Double), @p147='?' (Size = 500), @p148='?' (DbType = Double), @p149='?' (DbType = Double), @p150='?' (Size = 300), @p151='?' (Size = 50), @p152='?' (DbType = Int32), @p153='?' (DbType = Guid), @p154='?' (Size = 500), @p155='?' (Size = 4000), @p156='?' (DbType = DateTime), @p157='?' (Size = 200), @p158='?' (Size = 3), @p159='?' (Size = 4000), @p160='?' (Size = 100), @p161='?' (DbType = Double), @p162='?' (Size = 500), @p163='?' (DbType = Double), @p164='?' (DbType = Double), @p165='?' (Size = 300), @p166='?' (Size = 50), @p167='?' (DbType = Int32), @p168='?' (DbType = Guid), @p169='?' (Size = 500), @p170='?' (Size = 4000), @p171='?' (DbType = DateTime), @p172='?' (Size = 200), @p173='?' (Size = 3), @p174='?' (Size = 4000), @p175='?' (Size = 100), @p176='?' (DbType = Double), @p177='?' (Size = 500), @p178='?' (DbType = Double), @p179='?' (DbType = Double), @p180='?' (Size = 300), @p181='?' (Size = 50), @p182='?' (DbType = Int32), @p183='?' (DbType = Guid), @p184='?' (Size = 500), @p185='?' (Size = 4000), @p186='?' (DbType = DateTime), @p187='?' (Size = 200), @p188='?' (Size = 3), @p189='?' (Size = 4000), @p190='?' (Size = 100), @p191='?' (DbType = Double), @p192='?' (Size = 500), @p193='?' (DbType = Double), @p194='?' (DbType = Double), @p195='?' (Size = 300), @p196='?' (Size = 50), @p197='?' (DbType = Int32), @p198='?' (DbType = Guid), @p199='?' (Size = 500), @p200='?' (Size = 4000), @p201='?' (DbType = DateTime), @p202='?' (Size = 200), @p203='?' (Size = 3), @p204='?' (Size = 4000), @p205='?' (Size = 100), @p206='?' (DbType = Double), @p207='?' (Size = 500), @p208='?' (DbType = Double), @p209='?' (DbType = Double), @p210='?' (Size = 300), @p211='?' (Size = 50), @p212='?' (DbType = Int32), @p213='?' (DbType = Guid), @p214='?' (Size = 500), @p215='?' (Size = 4000), @p216='?' (DbType = DateTime), @p217='?' (Size = 200), @p218='?' (Size = 3), @p219='?' (Size = 4000), @p220='?' (Size = 100), @p221='?' (DbType = Double), @p222='?' (Size = 500), @p223='?' (DbType = Double), @p224='?' (DbType = Double), @p225='?' (Size = 300), @p226='?' (Size = 50), @p227='?' (DbType = Int32), @p228='?' (DbType = Guid), @p229='?' (DbType = Decimal), @p230='?' (Size = 3), @p231='?' (DbType = DateTime), @p232='?' (Size = 3), @p233='?' (Size = 4000), @p234='?' (Size = 200), @p235='?' (DbType = DateTime), @p236='?' (DbType = Double), @p237='?' (DbType = Double), @p238='?' (DbType = DateTime), @p239='?' (DbType = Int32), @p240='?' (Size = 200), @p241='?' (DbType = DateTime), @p242='?' (DbType = Guid), @p243='?' (DbType = Guid), @p244='?' (Size = 3), @p245='?' (Size = 4000), @p246='?' (DbType = Guid), @p247='?' (DbType = Boolean), @p248='?' (DbType = Int32), @p249='?' (DbType = Decimal), @p250='?' (Size = 100), @p251='?' (DbType = Guid), @p252='?' (Size = 3), @p253='?' (Size = 4000), @p254='?' (DbType = Guid), @p255='?' (DbType = Boolean), @p256='?' (DbType = Int32), @p257='?' (DbType = Decimal), @p258='?' (Size = 100), @p259='?' (DbType = Guid), @p260='?' (Size = 3), @p261='?' (Size = 4000), @p262='?' (DbType = Guid), @p263='?' (DbType = Boolean), @p264='?' (DbType = Int32), @p265='?' (DbType = Decimal), @p266='?' (Size = 100), @p267='?' (DbType = Guid), @p268='?' (Size = 3), @p269='?' (Size = 4000), @p270='?' (DbType = Guid), @p271='?' (DbType = Boolean), @p272='?' (DbType = Int32), @p273='?' (DbType = Decimal), @p274='?' (Size = 100), @p275='?' (DbType = Guid), @p276='?' (Size = 3), @p277='?' (Size = 4000), @p278='?' (DbType = Guid), @p279='?' (DbType = Boolean), @p280='?' (DbType = Int32), @p281='?' (DbType = Decimal), @p282='?' (Size = 100), @p283='?' (DbType = Guid), @p284='?' (Size = 3), @p285='?' (Size = 4000), @p286='?' (DbType = Guid), @p287='?' (DbType = Boolean), @p288='?' (DbType = Int32), @p289='?' (DbType = Decimal), @p290='?' (Size = 100), @p291='?' (DbType = Guid), @p292='?' (Size = 3), @p293='?' (Size = 4000), @p294='?' (DbType = Guid), @p295='?' (DbType = Boolean), @p296='?' (DbType = Int32), @p297='?' (DbType = Decimal), @p298='?' (Size = 100), @p299='?' (DbType = Guid), @p300='?' (Size = 3), @p301='?' (Size = 4000), @p302='?' (DbType = Guid), @p303='?' (DbType = Boolean), @p304='?' (DbType = Int32), @p305='?' (DbType = Decimal), @p306='?' (Size = 100), @p307='?' (DbType = Guid), @p308='?' (Size = 3), @p309='?' (Size = 4000), @p310='?' (DbType = Guid), @p311='?' (DbType = Boolean), @p312='?' (DbType = Int32), @p313='?' (DbType = Decimal), @p314='?' (Size = 100), @p315='?' (DbType = Guid), @p316='?' (Size = 3), @p317='?' (Size = 4000), @p318='?' (DbType = Guid), @p319='?' (DbType = Boolean), @p320='?' (DbType = Int32), @p321='?' (DbType = Decimal), @p322='?' (Size = 100), @p323='?' (DbType = Guid), @p324='?' (Size = 3), @p325='?' (Size = 4000), @p326='?' (DbType = Guid), @p327='?' (DbType = Boolean), @p328='?' (DbType = Int32), @p329='?' (DbType = Decimal), @p330='?' (Size = 100), @p331='?' (DbType = Guid), @p332='?' (Size = 3), @p333='?' (Size = 4000), @p334='?' (DbType = Guid), @p335='?' (DbType = Boolean), @p336='?' (DbType = Int32), @p337='?' (DbType = Decimal), @p338='?' (Size = 100), @p339='?' (DbType = Guid), @p340='?' (Size = 3), @p341='?' (Size = 4000), @p342='?' (DbType = Guid), @p343='?' (DbType = Boolean), @p344='?' (DbType = Int32), @p345='?' (DbType = Decimal), @p346='?' (Size = 100), @p347='?' (DbType = Guid), @p348='?' (Size = 3), @p349='?' (Size = 4000), @p350='?' (DbType = Guid), @p351='?' (DbType = Boolean), @p352='?' (DbType = Int32), @p353='?' (DbType = Decimal), @p354='?' (Size = 100), @p355='?' (DbType = Guid), @p356='?' (Size = 3), @p357='?' (Size = 4000), @p358='?' (DbType = Guid), @p359='?' (DbType = Boolean), @p360='?' (DbType = Int32), @p361='?' (DbType = Decimal), @p362='?' (Size = 100), @p363='?' (DbType = Guid), @p364='?' (Size = 3), @p365='?' (Size = 4000), @p366='?' (DbType = Guid), @p367='?' (DbType = Boolean), @p368='?' (DbType = Int32), @p369='?' (DbType = Decimal), @p370='?' (Size = 100), @p371='?' (DbType = Guid), @p372='?' (Size = 4000), @p373='?' (Size = 500), @p374='?' (DbType = Boolean), @p375='?' (DbType = Guid), @p376='?' (DbType = Double), @p377='?' (DbType = Double), @p378='?' (Size = 200), @p379='?' (Size = 200), @p380='?' (DbType = Double), @p381='?' (DbType = Guid), @p382='?' (Size = 4000), @p383='?' (Size = 500), @p384='?' (DbType = Boolean), @p385='?' (DbType = Guid), @p386='?' (DbType = Double), @p387='?' (DbType = Double), @p388='?' (Size = 200), @p389='?' (Size = 200), @p390='?' (DbType = Double), @p391='?' (DbType = Guid), @p392='?' (Size = 4000), @p393='?' (Size = 500), @p394='?' (DbType = Boolean), @p395='?' (DbType = Guid), @p396='?' (DbType = Double), @p397='?' (DbType = Double), @p398='?' (Size = 200), @p399='?' (Size = 200), @p400='?' (DbType = Double), @p401='?' (DbType = Guid), @p402='?' (DbType = Decimal), @p403='?' (Size = 100), @p404='?' (Size = 3), @p405='?' (DbType = DateTime), @p406='?' (Size = 4000), @p407='?' (DbType = Guid), @p408='?' (DbType = Guid), @p409='?' (DbType = Decimal), @p410='?' (Size = 100), @p411='?' (Size = 3), @p412='?' (DbType = DateTime), @p413='?' (Size = 4000), @p414='?' (DbType = Guid), @p415='?' (DbType = Guid), @p416='?' (DbType = Decimal), @p417='?' (Size = 100), @p418='?' (Size = 3), @p419='?' (DbType = DateTime), @p420='?' (Size = 4000), @p421='?' (DbType = Guid), @p422='?' (DbType = Guid), @p423='?' (Size = 500), @p424='?' (DbType = Int32), @p425='?' (DbType = Int32), @p426='?' (DbType = Int32), @p427='?' (DbType = Guid), @p428='?' (DbType = Double), @p429='?' (DbType = Double), @p430='?' (Size = 200), @p431='?' (Size = 4000), @p432='?' (DbType = Int32), @p433='?' (DbType = DateTime), @p434='?' (DbType = Guid), @p435='?' (Size = 500), @p436='?' (DbType = Int32), @p437='?' (DbType = Int32), @p438='?' (DbType = Int32), @p439='?' (DbType = Guid), @p440='?' (DbType = Double), @p441='?' (DbType = Double), @p442='?' (Size = 200), @p443='?' (Size = 4000), @p444='?' (DbType = Int32), @p445='?' (DbType = DateTime), @p446='?' (DbType = Guid), @p447='?' (Size = 500), @p448='?' (DbType = Int32), @p449='?' (DbType = Int32), @p450='?' (DbType = Int32), @p451='?' (DbType = Guid), @p452='?' (DbType = Double), @p453='?' (DbType = Double), @p454='?' (Size = 200), @p455='?' (Size = 4000), @p456='?' (DbType = Int32), @p457='?' (DbType = DateTime), @p458='?' (DbType = Guid), @p459='?' (Size = 500), @p460='?' (DbType = Int32), @p461='?' (DbType = Int32), @p462='?' (DbType = Int32), @p463='?' (DbType = Guid), @p464='?' (DbType = Double), @p465='?' (DbType = Double), @p466='?' (Size = 200), @p467='?' (Size = 4000), @p468='?' (DbType = Int32), @p469='?' (DbType = DateTime), @p470='?' (DbType = Guid), @p471='?' (Size = 500), @p472='?' (DbType = Int32), @p473='?' (DbType = Int32), @p474='?' (DbType = Int32), @p475='?' (DbType = Guid), @p476='?' (DbType = Double), @p477='?' (DbType = Double), @p478='?' (Size = 200), @p479='?' (Size = 4000), @p480='?' (DbType = Int32), @p481='?' (DbType = DateTime)], CommandType='"Text"', CommandTimeout='30']
INSERT INTO `Flights` (`Id`, `Airline`, `ArrivalAt`, `CabinClass`, `CachedAt`, `CurrencyCode`, `DepartureAt`, `DestinationCity`, `DestinationCode`, `DurationMinutes`, `ExternalId`, `FlightNumber`, `OriginCity`, `OriginCode`, `Price`, `Provider`, `SeatsAvailable`, `Stops`)
VALUES (@p0, @p1, @p2, @p3, @p4, @p5, @p6, @p7, @p8, @p9, @p10, @p11, @p12, @p13, @p14, @p15, @p16, @p17),
(@p18, @p19, @p20, @p21, @p22, @p23, @p24, @p25, @p26, @p27, @p28, @p29, @p30, @p31, @p32, @p33, @p34, @p35),
(@p36, @p37, @p38, @p39, @p40, @p41, @p42, @p43, @p44, @p45, @p46, @p47, @p48, @p49, @p50, @p51, @p52, @p53),
(@p54, @p55, @p56, @p57, @p58, @p59, @p60, @p61, @p62, @p63, @p64, @p65, @p66, @p67, @p68, @p69, @p70, @p71),
(@p72, @p73, @p74, @p75, @p76, @p77, @p78, @p79, @p80, @p81, @p82, @p83, @p84, @p85, @p86, @p87, @p88, @p89),
(@p90, @p91, @p92, @p93, @p94, @p95, @p96, @p97, @p98, @p99, @p100, @p101, @p102, @p103, @p104, @p105, @p106, @p107);
INSERT INTO `Hotels` (`Id`, `Address`, `Amenities`, `CachedAt`, `City`, `CountryCode`, `Description`, `ExternalId`, `GuestRating`, `ImageUrl`, `Latitude`, `Longitude`, `Name`, `Provider`, `StarRating`)
VALUES (@p108, @p109, @p110, @p111, @p112, @p113, @p114, @p115, @p116, @p117, @p118, @p119, @p120, @p121, @p122),
(@p123, @p124, @p125, @p126, @p127, @p128, @p129, @p130, @p131, @p132, @p133, @p134, @p135, @p136, @p137),
(@p138, @p139, @p140, @p141, @p142, @p143, @p144, @p145, @p146, @p147, @p148, @p149, @p150, @p151, @p152),
(@p153, @p154, @p155, @p156, @p157, @p158, @p159, @p160, @p161, @p162, @p163, @p164, @p165, @p166, @p167),
(@p168, @p169, @p170, @p171, @p172, @p173, @p174, @p175, @p176, @p177, @p178, @p179, @p180, @p181, @p182),
(@p183, @p184, @p185, @p186, @p187, @p188, @p189, @p190, @p191, @p192, @p193, @p194, @p195, @p196, @p197),
(@p198, @p199, @p200, @p201, @p202, @p203, @p204, @p205, @p206, @p207, @p208, @p209, @p210, @p211, @p212),
(@p213, @p214, @p215, @p216, @p217, @p218, @p219, @p220, @p221, @p222, @p223, @p224, @p225, @p226, @p227);
INSERT INTO `Itineraries` (`Id`, `Budget`, `CountryCode`, `CreatedAt`, `CurrencyCode`, `Description`, `Destination`, `EndDate`, `Latitude`, `Longitude`, `StartDate`, `Status`, `Title`, `UpdatedAt`, `UserId`)
VALUES (@p228, @p229, @p230, @p231, @p232, @p233, @p234, @p235, @p236, @p237, @p238, @p239, @p240, @p241, @p242);
INSERT INTO `HotelRooms` (`Id`, `CurrencyCode`, `Description`, `HotelId`, `IsAvailable`, `MaxGuests`, `PricePerNight`, `RoomType`)
VALUES (@p243, @p244, @p245, @p246, @p247, @p248, @p249, @p250),
(@p251, @p252, @p253, @p254, @p255, @p256, @p257, @p258),
(@p259, @p260, @p261, @p262, @p263, @p264, @p265, @p266),
(@p267, @p268, @p269, @p270, @p271, @p272, @p273, @p274),
(@p275, @p276, @p277, @p278, @p279, @p280, @p281, @p282),
(@p283, @p284, @p285, @p286, @p287, @p288, @p289, @p290),
(@p291, @p292, @p293, @p294, @p295, @p296, @p297, @p298),
(@p299, @p300, @p301, @p302, @p303, @p304, @p305, @p306),
(@p307, @p308, @p309, @p310, @p311, @p312, @p313, @p314),
(@p315, @p316, @p317, @p318, @p319, @p320, @p321, @p322),
(@p323, @p324, @p325, @p326, @p327, @p328, @p329, @p330),
(@p331, @p332, @p333, @p334, @p335, @p336, @p337, @p338),
(@p339, @p340, @p341, @p342, @p343, @p344, @p345, @p346),
(@p347, @p348, @p349, @p350, @p351, @p352, @p353, @p354),
(@p355, @p356, @p357, @p358, @p359, @p360, @p361, @p362),
(@p363, @p364, @p365, @p366, @p367, @p368, @p369, @p370);
INSERT INTO `ItineraryAttractions` (`Id`, `Category`, `ImageUrl`, `IsVisited`, `ItineraryId`, `Latitude`, `Longitude`, `Name`, `PlaceId`, `Rating`)
VALUES (@p371, @p372, @p373, @p374, @p375, @p376, @p377, @p378, @p379, @p380),
(@p381, @p382, @p383, @p384, @p385, @p386, @p387, @p388, @p389, @p390),
(@p391, @p392, @p393, @p394, @p395, @p396, @p397, @p398, @p399, @p400);
INSERT INTO `ItineraryExpenses` (`Id`, `Amount`, `Category`, `CurrencyCode`, `Date`, `Description`, `ItineraryId`)
VALUES (@p401, @p402, @p403, @p404, @p405, @p406, @p407),
(@p408, @p409, @p410, @p411, @p412, @p413, @p414),
(@p415, @p416, @p417, @p418, @p419, @p420, @p421);
INSERT INTO `ItineraryStops` (`Id`, `Address`, `Category`, `DayNumber`, `DurationMinutes`, `ItineraryId`, `Latitude`, `Longitude`, `Name`, `Notes`, `OrderIndex`, `VisitTime`)
VALUES (@p422, @p423, @p424, @p425, @p426, @p427, @p428, @p429, @p430, @p431, @p432, @p433),
(@p434, @p435, @p436, @p437, @p438, @p439, @p440, @p441, @p442, @p443, @p444, @p445),
(@p446, @p447, @p448, @p449, @p450, @p451, @p452, @p453, @p454, @p455, @p456, @p457),
(@p458, @p459, @p460, @p461, @p462, @p463, @p464, @p465, @p466, @p467, @p468, @p469),
(@p470, @p471, @p472, @p473, @p474, @p475, @p476, @p477, @p478, @p479, @p480, @p481);
2026-05-26 03:02:01.363 +01:00 [INF] Executed DbCommand (1ms) [Parameters=[@p0='?' (DbType = Guid), @p1='?' (Size = 500), @p2='?' (DbType = Int32), @p3='?' (DbType = Int32), @p4='?' (DbType = Int32), @p5='?' (DbType = Guid), @p6='?' (DbType = Double), @p7='?' (DbType = Double), @p8='?' (Size = 200), @p9='?' (Size = 4000), @p10='?' (DbType = Int32), @p11='?' (DbType = DateTime), @p12='?' (DbType = Guid), @p13='?' (Size = 500), @p14='?' (DbType = Int32), @p15='?' (DbType = Int32), @p16='?' (DbType = Int32), @p17='?' (DbType = Guid), @p18='?' (DbType = Double), @p19='?' (DbType = Double), @p20='?' (Size = 200), @p21='?' (Size = 4000), @p22='?' (DbType = Int32), @p23='?' (DbType = DateTime)], CommandType='"Text"', CommandTimeout='30']
SET AUTOCOMMIT = 1;
INSERT INTO `ItineraryStops` (`Id`, `Address`, `Category`, `DayNumber`, `DurationMinutes`, `ItineraryId`, `Latitude`, `Longitude`, `Name`, `Notes`, `OrderIndex`, `VisitTime`)
VALUES (@p0, @p1, @p2, @p3, @p4, @p5, @p6, @p7, @p8, @p9, @p10, @p11),
(@p12, @p13, @p14, @p15, @p16, @p17, @p18, @p19, @p20, @p21, @p22, @p23);
2026-05-26 03:02:02.102 +01:00 [INF] Flight Alert Background Service started.
2026-05-26 03:02:02.105 +01:00 [INF] Checking flight price alerts at "2026-05-26T02:02:02.1047018Z"
2026-05-26 03:02:02.181 +01:00 [INF] Executed DbCommand (13ms) [Parameters=[], CommandType='"Text"', CommandTimeout='30']
SELECT `f`.`Id`, `f`.`CreatedAt`, `f`.`CurrencyCode`, `f`.`DepartureFrom`, `f`.`DepartureTo`, `f`.`DestinationCode`, `f`.`IsActive`, `f`.`LastTriggeredAt`, `f`.`OriginCode`, `f`.`TargetPrice`, `f`.`UserId`, `u`.`Id`, `u`.`AccessFailedCount`, `u`.`AvatarUrl`, `u`.`ConcurrencyStamp`, `u`.`CreatedAt`, `u`.`Email`, `u`.`EmailConfirmed`, `u`.`FirstName`, `u`.`IsActive`, `u`.`LastLoginAt`, `u`.`LastName`, `u`.`LockoutEnabled`, `u`.`LockoutEnd`, `u`.`NormalizedEmail`, `u`.`NormalizedUserName`, `u`.`PasswordHash`, `u`.`PasswordResetToken`, `u`.`PasswordResetTokenExpiry`, `u`.`PhoneNumber`, `u`.`PhoneNumberConfirmed`, `u`.`PreferredLanguage`, `u`.`RefreshToken`, `u`.`RefreshTokenExpiry`, `u`.`SecurityStamp`, `u`.`TwoFactorEnabled`, `u`.`UserName`
FROM `FlightAlerts` AS `f`
INNER JOIN `Users` AS `u` ON `f`.`UserId` = `u`.`Id`
WHERE `f`.`IsActive`
2026-05-26 03:02:02.183 +01:00 [INF] Flight alert check completed.
2026-05-26 03:03:15.650 +01:00 [INF] HTTP OPTIONS /api/auth/register responded 204 in 1.3688 ms
2026-05-26 03:03:17.162 +01:00 [INF] Executed DbCommand (1ms) [Parameters=[@__normalizedEmail_0='?' (Size = 256)], CommandType='"Text"', CommandTimeout='30']
SELECT `u`.`Id`, `u`.`AccessFailedCount`, `u`.`AvatarUrl`, `u`.`ConcurrencyStamp`, `u`.`CreatedAt`, `u`.`Email`, `u`.`EmailConfirmed`, `u`.`FirstName`, `u`.`IsActive`, `u`.`LastLoginAt`, `u`.`LastName`, `u`.`LockoutEnabled`, `u`.`LockoutEnd`, `u`.`NormalizedEmail`, `u`.`NormalizedUserName`, `u`.`PasswordHash`, `u`.`PasswordResetToken`, `u`.`PasswordResetTokenExpiry`, `u`.`PhoneNumber`, `u`.`PhoneNumberConfirmed`, `u`.`PreferredLanguage`, `u`.`RefreshToken`, `u`.`RefreshTokenExpiry`, `u`.`SecurityStamp`, `u`.`TwoFactorEnabled`, `u`.`UserName`
FROM `Users` AS `u`
WHERE `u`.`NormalizedEmail` = @__normalizedEmail_0
LIMIT 2
2026-05-26 03:03:17.255 +01:00 [INF] Executed DbCommand (1ms) [Parameters=[@__normalizedUserName_0='?' (Size = 256)], CommandType='"Text"', CommandTimeout='30']
SELECT `u`.`Id`, `u`.`AccessFailedCount`, `u`.`AvatarUrl`, `u`.`ConcurrencyStamp`, `u`.`CreatedAt`, `u`.`Email`, `u`.`EmailConfirmed`, `u`.`FirstName`, `u`.`IsActive`, `u`.`LastLoginAt`, `u`.`LastName`, `u`.`LockoutEnabled`, `u`.`LockoutEnd`, `u`.`NormalizedEmail`, `u`.`NormalizedUserName`, `u`.`PasswordHash`, `u`.`PasswordResetToken`, `u`.`PasswordResetTokenExpiry`, `u`.`PhoneNumber`, `u`.`PhoneNumberConfirmed`, `u`.`PreferredLanguage`, `u`.`RefreshToken`, `u`.`RefreshTokenExpiry`, `u`.`SecurityStamp`, `u`.`TwoFactorEnabled`, `u`.`UserName`
FROM `Users` AS `u`
WHERE `u`.`NormalizedUserName` = @__normalizedUserName_0
LIMIT 1
2026-05-26 03:03:17.257 +01:00 [INF] Executed DbCommand (0ms) [Parameters=[@__normalizedEmail_0='?' (Size = 256)], CommandType='"Text"', CommandTimeout='30']
SELECT `u`.`Id`, `u`.`AccessFailedCount`, `u`.`AvatarUrl`, `u`.`ConcurrencyStamp`, `u`.`CreatedAt`, `u`.`Email`, `u`.`EmailConfirmed`, `u`.`FirstName`, `u`.`IsActive`, `u`.`LastLoginAt`, `u`.`LastName`, `u`.`LockoutEnabled`, `u`.`LockoutEnd`, `u`.`NormalizedEmail`, `u`.`NormalizedUserName`, `u`.`PasswordHash`, `u`.`PasswordResetToken`, `u`.`PasswordResetTokenExpiry`, `u`.`PhoneNumber`, `u`.`PhoneNumberConfirmed`, `u`.`PreferredLanguage`, `u`.`RefreshToken`, `u`.`RefreshTokenExpiry`, `u`.`SecurityStamp`, `u`.`TwoFactorEnabled`, `u`.`UserName`
FROM `Users` AS `u`
WHERE `u`.`NormalizedEmail` = @__normalizedEmail_0
LIMIT 2
2026-05-26 03:03:18.287 +01:00 [INF] Executed DbCommand (1,026ms) [Parameters=[@p0='?' (DbType = Guid), @p1='?' (DbType = Int32), @p2='?' (Size = 500), @p3='?' (Size = 4000), @p4='?' (DbType = DateTime), @p5='?' (Size = 256), @p6='?' (DbType = Boolean), @p7='?' (Size = 100), @p8='?' (DbType = Boolean), @p9='?' (DbType = DateTime), @p10='?' (Size = 100), @p11='?' (DbType = Boolean), @p12='?' (DbType = DateTimeOffset), @p13='?' (Size = 256), @p14='?' (Size = 256), @p15='?' (Size = 4000), @p16='?' (Size = 4000), @p17='?' (DbType = DateTime), @p18='?' (Size = 4000), @p19='?' (DbType = Boolean), @p20='?' (Size = 10), @p21='?' (Size = 4000), @p22='?' (DbType = DateTime), @p23='?' (Size = 4000), @p24='?' (DbType = Boolean), @p25='?' (Size = 256)], CommandType='"Text"', CommandTimeout='30']
SET AUTOCOMMIT = 1;
INSERT INTO `Users` (`Id`, `AccessFailedCount`, `AvatarUrl`, `ConcurrencyStamp`, `CreatedAt`, `Email`, `EmailConfirmed`, `FirstName`, `IsActive`, `LastLoginAt`, `LastName`, `LockoutEnabled`, `LockoutEnd`, `NormalizedEmail`, `NormalizedUserName`, `PasswordHash`, `PasswordResetToken`, `PasswordResetTokenExpiry`, `PhoneNumber`, `PhoneNumberConfirmed`, `PreferredLanguage`, `RefreshToken`, `RefreshTokenExpiry`, `SecurityStamp`, `TwoFactorEnabled`, `UserName`)
VALUES (@p0, @p1, @p2, @p3, @p4, @p5, @p6, @p7, @p8, @p9, @p10, @p11, @p12, @p13, @p14, @p15, @p16, @p17, @p18, @p19, @p20, @p21, @p22, @p23, @p24, @p25);
2026-05-26 03:03:18.291 +01:00 [INF] Executed DbCommand (1ms) [Parameters=[@__normalizedName_0='?' (Size = 256)], CommandType='"Text"', CommandTimeout='30']
SELECT `r`.`Id`, `r`.`ConcurrencyStamp`, `r`.`Name`, `r`.`NormalizedName`
FROM `Roles` AS `r`
WHERE `r`.`NormalizedName` = @__normalizedName_0
LIMIT 1
2026-05-26 03:03:18.294 +01:00 [INF] Executed DbCommand (0ms) [Parameters=[@__normalizedRoleName_0='?' (Size = 256)], CommandType='"Text"', CommandTimeout='30']
SELECT `r`.`Id`, `r`.`ConcurrencyStamp`, `r`.`Name`, `r`.`NormalizedName`
FROM `Roles` AS `r`
WHERE `r`.`NormalizedName` = @__normalizedRoleName_0
LIMIT 2
2026-05-26 03:03:18.298 +01:00 [INF] Executed DbCommand (0ms) [Parameters=[@__get_Item_0='?' (DbType = Guid), @__get_Item_1='?' (DbType = Guid)], CommandType='"Text"', CommandTimeout='30']
SELECT `u`.`UserId`, `u`.`RoleId`
FROM `UserRoles` AS `u`
WHERE (`u`.`UserId` = @__get_Item_0) AND (`u`.`RoleId` = @__get_Item_1)
LIMIT 1
2026-05-26 03:03:18.300 +01:00 [INF] Executed DbCommand (0ms) [Parameters=[@__normalizedRoleName_0='?' (Size = 256)], CommandType='"Text"', CommandTimeout='30']
SELECT `r`.`Id`, `r`.`ConcurrencyStamp`, `r`.`Name`, `r`.`NormalizedName`
FROM `Roles` AS `r`
WHERE `r`.`NormalizedName` = @__normalizedRoleName_0
LIMIT 2
2026-05-26 03:03:18.303 +01:00 [INF] Executed DbCommand (0ms) [Parameters=[@__normalizedUserName_0='?' (Size = 256)], CommandType='"Text"', CommandTimeout='30']
SELECT `u`.`Id`, `u`.`AccessFailedCount`, `u`.`AvatarUrl`, `u`.`ConcurrencyStamp`, `u`.`CreatedAt`, `u`.`Email`, `u`.`EmailConfirmed`, `u`.`FirstName`, `u`.`IsActive`, `u`.`LastLoginAt`, `u`.`LastName`, `u`.`LockoutEnabled`, `u`.`LockoutEnd`, `u`.`NormalizedEmail`, `u`.`NormalizedUserName`, `u`.`PasswordHash`, `u`.`PasswordResetToken`, `u`.`PasswordResetTokenExpiry`, `u`.`PhoneNumber`, `u`.`PhoneNumberConfirmed`, `u`.`PreferredLanguage`, `u`.`RefreshToken`, `u`.`RefreshTokenExpiry`, `u`.`SecurityStamp`, `u`.`TwoFactorEnabled`, `u`.`UserName`
FROM `Users` AS `u`
WHERE `u`.`NormalizedUserName` = @__normalizedUserName_0
LIMIT 1
2026-05-26 03:03:18.304 +01:00 [INF] Executed DbCommand (0ms) [Parameters=[@__normalizedEmail_0='?' (Size = 256)], CommandType='"Text"', CommandTimeout='30']
SELECT `u`.`Id`, `u`.`AccessFailedCount`, `u`.`AvatarUrl`, `u`.`ConcurrencyStamp`, `u`.`CreatedAt`, `u`.`Email`, `u`.`EmailConfirmed`, `u`.`FirstName`, `u`.`IsActive`, `u`.`LastLoginAt`, `u`.`LastName`, `u`.`LockoutEnabled`, `u`.`LockoutEnd`, `u`.`NormalizedEmail`, `u`.`NormalizedUserName`, `u`.`PasswordHash`, `u`.`PasswordResetToken`, `u`.`PasswordResetTokenExpiry`, `u`.`PhoneNumber`, `u`.`PhoneNumberConfirmed`, `u`.`PreferredLanguage`, `u`.`RefreshToken`, `u`.`RefreshTokenExpiry`, `u`.`SecurityStamp`, `u`.`TwoFactorEnabled`, `u`.`UserName`
FROM `Users` AS `u`
WHERE `u`.`NormalizedEmail` = @__normalizedEmail_0
LIMIT 2
2026-05-26 03:03:19.027 +01:00 [INF] Executed DbCommand (719ms) [Parameters=[@p0='?' (DbType = Guid), @p1='?' (DbType = Guid), @p27='?' (DbType = Guid), @p2='?' (DbType = Int32), @p3='?' (Size = 500), @p4='?' (Size = 4000), @p28='?' (Size = 4000), @p5='?' (DbType = DateTime), @p6='?' (Size = 256), @p7='?' (DbType = Boolean), @p8='?' (Size = 100), @p9='?' (DbType = Boolean), @p10='?' (DbType = DateTime), @p11='?' (Size = 100), @p12='?' (DbType = Boolean), @p13='?' (DbType = DateTimeOffset), @p14='?' (Size = 256), @p15='?' (Size = 256), @p16='?' (Size = 4000), @p17='?' (Size = 4000), @p18='?' (DbType = DateTime), @p19='?' (Size = 4000), @p20='?' (DbType = Boolean), @p21='?' (Size = 10), @p22='?' (Size = 4000), @p23='?' (DbType = DateTime), @p24='?' (Size = 4000), @p25='?' (DbType = Boolean), @p26='?' (Size = 256)], CommandType='"Text"', CommandTimeout='30']
INSERT INTO `UserRoles` (`RoleId`, `UserId`)
VALUES (@p0, @p1);
UPDATE `Users` SET `AccessFailedCount` = @p2, `AvatarUrl` = @p3, `ConcurrencyStamp` = @p4, `CreatedAt` = @p5, `Email` = @p6, `EmailConfirmed` = @p7, `FirstName` = @p8, `IsActive` = @p9, `LastLoginAt` = @p10, `LastName` = @p11, `LockoutEnabled` = @p12, `LockoutEnd` = @p13, `NormalizedEmail` = @p14, `NormalizedUserName` = @p15, `PasswordHash` = @p16, `PasswordResetToken` = @p17, `PasswordResetTokenExpiry` = @p18, `PhoneNumber` = @p19, `PhoneNumberConfirmed` = @p20, `PreferredLanguage` = @p21, `RefreshToken` = @p22, `RefreshTokenExpiry` = @p23, `SecurityStamp` = @p24, `TwoFactorEnabled` = @p25, `UserName` = @p26
WHERE `Id` = @p27 AND `ConcurrencyStamp` = @p28;
SELECT ROW_COUNT();
2026-05-26 03:03:20.048 +01:00 [INF] Executed DbCommand (1ms) [Parameters=[@__userId_0='?' (DbType = Guid)], CommandType='"Text"', CommandTimeout='30']
SELECT `r`.`Name`
FROM `UserRoles` AS `u`
INNER JOIN `Roles` AS `r` ON `u`.`RoleId` = `r`.`Id`
WHERE `u`.`UserId` = @__userId_0
2026-05-26 03:03:20.214 +01:00 [INF] Executed DbCommand (1ms) [Parameters=[@__normalizedUserName_0='?' (Size = 256)], CommandType='"Text"', CommandTimeout='30']
SELECT `u`.`Id`, `u`.`AccessFailedCount`, `u`.`AvatarUrl`, `u`.`ConcurrencyStamp`, `u`.`CreatedAt`, `u`.`Email`, `u`.`EmailConfirmed`, `u`.`FirstName`, `u`.`IsActive`, `u`.`LastLoginAt`, `u`.`LastName`, `u`.`LockoutEnabled`, `u`.`LockoutEnd`, `u`.`NormalizedEmail`, `u`.`NormalizedUserName`, `u`.`PasswordHash`, `u`.`PasswordResetToken`, `u`.`PasswordResetTokenExpiry`, `u`.`PhoneNumber`, `u`.`PhoneNumberConfirmed`, `u`.`PreferredLanguage`, `u`.`RefreshToken`, `u`.`RefreshTokenExpiry`, `u`.`SecurityStamp`, `u`.`TwoFactorEnabled`, `u`.`UserName`
FROM `Users` AS `u`
WHERE `u`.`NormalizedUserName` = @__normalizedUserName_0
LIMIT 1
2026-05-26 03:03:20.217 +01:00 [INF] Executed DbCommand (1ms) [Parameters=[@__normalizedEmail_0='?' (Size = 256)], CommandType='"Text"', CommandTimeout='30']
SELECT `u`.`Id`, `u`.`AccessFailedCount`, `u`.`AvatarUrl`, `u`.`ConcurrencyStamp`, `u`.`CreatedAt`, `u`.`Email`, `u`.`EmailConfirmed`, `u`.`FirstName`, `u`.`IsActive`, `u`.`LastLoginAt`, `u`.`LastName`, `u`.`LockoutEnabled`, `u`.`LockoutEnd`, `u`.`NormalizedEmail`, `u`.`NormalizedUserName`, `u`.`PasswordHash`, `u`.`PasswordResetToken`, `u`.`PasswordResetTokenExpiry`, `u`.`PhoneNumber`, `u`.`PhoneNumberConfirmed`, `u`.`PreferredLanguage`, `u`.`RefreshToken`, `u`.`RefreshTokenExpiry`, `u`.`SecurityStamp`, `u`.`TwoFactorEnabled`, `u`.`UserName`
FROM `Users` AS `u`
WHERE `u`.`NormalizedEmail` = @__normalizedEmail_0
LIMIT 2
2026-05-26 03:03:22.071 +01:00 [INF] Executed DbCommand (1,851ms) [Parameters=[@p25='?' (DbType = Guid), @p0='?' (DbType = Int32), @p1='?' (Size = 500), @p2='?' (Size = 4000), @p26='?' (Size = 4000), @p3='?' (DbType = DateTime), @p4='?' (Size = 256), @p5='?' (DbType = Boolean), @p6='?' (Size = 100), @p7='?' (DbType = Boolean), @p8='?' (DbType = DateTime), @p9='?' (Size = 100), @p10='?' (DbType = Boolean), @p11='?' (DbType = DateTimeOffset), @p12='?' (Size = 256), @p13='?' (Size = 256), @p14='?' (Size = 4000), @p15='?' (Size = 4000), @p16='?' (DbType = DateTime), @p17='?' (Size = 4000), @p18='?' (DbType = Boolean), @p19='?' (Size = 10), @p20='?' (Size = 4000), @p21='?' (DbType = DateTime), @p22='?' (Size = 4000), @p23='?' (DbType = Boolean), @p24='?' (Size = 256)], CommandType='"Text"', CommandTimeout='30']
SET AUTOCOMMIT = 1;
UPDATE `Users` SET `AccessFailedCount` = @p0, `AvatarUrl` = @p1, `ConcurrencyStamp` = @p2, `CreatedAt` = @p3, `Email` = @p4, `EmailConfirmed` = @p5, `FirstName` = @p6, `IsActive` = @p7, `LastLoginAt` = @p8, `LastName` = @p9, `LockoutEnabled` = @p10, `LockoutEnd` = @p11, `NormalizedEmail` = @p12, `NormalizedUserName` = @p13, `PasswordHash` = @p14, `PasswordResetToken` = @p15, `PasswordResetTokenExpiry` = @p16, `PhoneNumber` = @p17, `PhoneNumberConfirmed` = @p18, `PreferredLanguage` = @p19, `RefreshToken` = @p20, `RefreshTokenExpiry` = @p21, `SecurityStamp` = @p22, `TwoFactorEnabled` = @p23, `UserName` = @p24
WHERE `Id` = @p25 AND `ConcurrencyStamp` = @p26;
SELECT ROW_COUNT();
2026-05-26 03:03:22.092 +01:00 [INF] HTTP POST /api/auth/register responded 201 in 5757.4086 ms
2026-05-26 03:03:35.006 +01:00 [INF] HTTP OPTIONS /api/itineraries responded 204 in 0.7684 ms
2026-05-26 03:03:35.136 +01:00 [INF] Executed DbCommand (1ms) [Parameters=[@__userId_0='?' (DbType = Guid)], CommandType='"Text"', CommandTimeout='30']
SELECT `i`.`Id`, `i`.`Budget`, `i`.`CountryCode`, `i`.`CreatedAt`, `i`.`CurrencyCode`, `i`.`Description`, `i`.`Destination`, `i`.`EndDate`, `i`.`Latitude`, `i`.`Longitude`, `i`.`StartDate`, `i`.`Status`, `i`.`Title`, `i`.`UpdatedAt`, `i`.`UserId`, `i0`.`Id`, `i0`.`Address`, `i0`.`Category`, `i0`.`DayNumber`, `i0`.`DurationMinutes`, `i0`.`ItineraryId`, `i0`.`Latitude`, `i0`.`Longitude`, `i0`.`Name`, `i0`.`Notes`, `i0`.`OrderIndex`, `i0`.`VisitTime`
FROM `Itineraries` AS `i`
LEFT JOIN `ItineraryStops` AS `i0` ON `i`.`Id` = `i0`.`ItineraryId`
WHERE `i`.`UserId` = @__userId_0
ORDER BY `i`.`UpdatedAt` DESC, `i`.`Id`
2026-05-26 03:03:35.161 +01:00 [INF] HTTP GET /api/itineraries responded 200 in 148.7397 ms
2026-05-26 03:03:39.199 +01:00 [INF] HTTP OPTIONS /api/hotels/bookings responded 204 in 0.1679 ms
2026-05-26 03:03:39.328 +01:00 [INF] Executed DbCommand (90ms) [Parameters=[@__userId_0='?' (DbType = Guid)], CommandType='"Text"', CommandTimeout='30']
SELECT `b`.`Id`, `b`.`CheckIn`, `b`.`CheckOut`, `b`.`ConfirmationNumber`, `b`.`CreatedAt`, `b`.`CurrencyCode`, `b`.`FlightId`, `b`.`Guests`, `b`.`HotelId`, `b`.`HotelRoomId`, `b`.`Notes`, `b`.`ProviderReference`, `b`.`Status`, `b`.`TotalPrice`, `b`.`Type`, `b`.`UpdatedAt`, `b`.`UserId`, `h`.`Id`, `h`.`Address`, `h`.`Amenities`, `h`.`CachedAt`, `h`.`City`, `h`.`CountryCode`, `h`.`Description`, `h`.`ExternalId`, `h`.`GuestRating`, `h`.`ImageUrl`, `h`.`Latitude`, `h`.`Longitude`, `h`.`Name`, `h`.`Provider`, `h`.`StarRating`, `f`.`Id`, `f`.`Airline`, `f`.`ArrivalAt`, `f`.`CabinClass`, `f`.`CachedAt`, `f`.`CurrencyCode`, `f`.`DepartureAt`, `f`.`DestinationCity`, `f`.`DestinationCode`, `f`.`DurationMinutes`, `f`.`ExternalId`, `f`.`FlightNumber`, `f`.`OriginCity`, `f`.`OriginCode`, `f`.`Price`, `f`.`Provider`, `f`.`SeatsAvailable`, `f`.`Stops`
FROM `Bookings` AS `b`
LEFT JOIN `Hotels` AS `h` ON `b`.`HotelId` = `h`.`Id`
LEFT JOIN `Flights` AS `f` ON `b`.`FlightId` = `f`.`Id`
WHERE `b`.`UserId` = @__userId_0
ORDER BY `b`.`CreatedAt` DESC
2026-05-26 03:03:39.349 +01:00 [INF] HTTP GET /api/hotels/bookings responded 200 in 145.0951 ms
2026-05-26 03:03:42.439 +01:00 [INF] HTTP OPTIONS /api/flights/alerts responded 204 in 0.0671 ms
2026-05-26 03:03:42.463 +01:00 [INF] Executed DbCommand (0ms) [Parameters=[@__userId_0='?' (DbType = Guid)], CommandType='"Text"', CommandTimeout='30']
SELECT `f`.`Id`, `f`.`CreatedAt`, `f`.`CurrencyCode`, `f`.`DepartureFrom`, `f`.`DepartureTo`, `f`.`DestinationCode`, `f`.`IsActive`, `f`.`LastTriggeredAt`, `f`.`OriginCode`, `f`.`TargetPrice`, `f`.`UserId`
FROM `FlightAlerts` AS `f`
WHERE `f`.`UserId` = @__userId_0
ORDER BY `f`.`CreatedAt` DESC
2026-05-26 03:03:42.472 +01:00 [INF] HTTP GET /api/flights/alerts responded 200 in 29.1320 ms
2026-05-26 03:03:43.999 +01:00 [INF] HTTP OPTIONS /api/itineraries responded 204 in 0.0786 ms
2026-05-26 03:03:44.009 +01:00 [INF] Executed DbCommand (1ms) [Parameters=[@__userId_0='?' (DbType = Guid)], CommandType='"Text"', CommandTimeout='30']
SELECT `i`.`Id`, `i`.`Budget`, `i`.`CountryCode`, `i`.`CreatedAt`, `i`.`CurrencyCode`, `i`.`Description`, `i`.`Destination`, `i`.`EndDate`, `i`.`Latitude`, `i`.`Longitude`, `i`.`StartDate`, `i`.`Status`, `i`.`Title`, `i`.`UpdatedAt`, `i`.`UserId`, `i0`.`Id`, `i0`.`Address`, `i0`.`Category`, `i0`.`DayNumber`, `i0`.`DurationMinutes`, `i0`.`ItineraryId`, `i0`.`Latitude`, `i0`.`Longitude`, `i0`.`Name`, `i0`.`Notes`, `i0`.`OrderIndex`, `i0`.`VisitTime`
FROM `Itineraries` AS `i`
LEFT JOIN `ItineraryStops` AS `i0` ON `i`.`Id` = `i0`.`ItineraryId`
WHERE `i`.`UserId` = @__userId_0
ORDER BY `i`.`UpdatedAt` DESC, `i`.`Id`
2026-05-26 03:03:44.010 +01:00 [INF] HTTP GET /api/itineraries responded 200 in 6.8385 ms
2026-05-26 03:03:46.321 +01:00 [INF] HTTP OPTIONS /api/auth/logout responded 204 in 0.2203 ms
2026-05-26 03:03:46.352 +01:00 [INF] Executed DbCommand (1ms) [Parameters=[@__get_Item_0='?' (DbType = Guid)], CommandType='"Text"', CommandTimeout='30']
SELECT `u`.`Id`, `u`.`AccessFailedCount`, `u`.`AvatarUrl`, `u`.`ConcurrencyStamp`, `u`.`CreatedAt`, `u`.`Email`, `u`.`EmailConfirmed`, `u`.`FirstName`, `u`.`IsActive`, `u`.`LastLoginAt`, `u`.`LastName`, `u`.`LockoutEnabled`, `u`.`LockoutEnd`, `u`.`NormalizedEmail`, `u`.`NormalizedUserName`, `u`.`PasswordHash`, `u`.`PasswordResetToken`, `u`.`PasswordResetTokenExpiry`, `u`.`PhoneNumber`, `u`.`PhoneNumberConfirmed`, `u`.`PreferredLanguage`, `u`.`RefreshToken`, `u`.`RefreshTokenExpiry`, `u`.`SecurityStamp`, `u`.`TwoFactorEnabled`, `u`.`UserName`
FROM `Users` AS `u`
WHERE `u`.`Id` = @__get_Item_0
LIMIT 1
2026-05-26 03:03:46.355 +01:00 [INF] Executed DbCommand (1ms) [Parameters=[@__normalizedUserName_0='?' (Size = 256)], CommandType='"Text"', CommandTimeout='30']
SELECT `u`.`Id`, `u`.`AccessFailedCount`, `u`.`AvatarUrl`, `u`.`ConcurrencyStamp`, `u`.`CreatedAt`, `u`.`Email`, `u`.`EmailConfirmed`, `u`.`FirstName`, `u`.`IsActive`, `u`.`LastLoginAt`, `u`.`LastName`, `u`.`LockoutEnabled`, `u`.`LockoutEnd`, `u`.`NormalizedEmail`, `u`.`NormalizedUserName`, `u`.`PasswordHash`, `u`.`PasswordResetToken`, `u`.`PasswordResetTokenExpiry`, `u`.`PhoneNumber`, `u`.`PhoneNumberConfirmed`, `u`.`PreferredLanguage`, `u`.`RefreshToken`, `u`.`RefreshTokenExpiry`, `u`.`SecurityStamp`, `u`.`TwoFactorEnabled`, `u`.`UserName`
FROM `Users` AS `u`
WHERE `u`.`NormalizedUserName` = @__normalizedUserName_0
LIMIT 1
2026-05-26 03:03:46.357 +01:00 [INF] Executed DbCommand (1ms) [Parameters=[@__normalizedEmail_0='?' (Size = 256)], CommandType='"Text"', CommandTimeout='30']
SELECT `u`.`Id`, `u`.`AccessFailedCount`, `u`.`AvatarUrl`, `u`.`ConcurrencyStamp`, `u`.`CreatedAt`, `u`.`Email`, `u`.`EmailConfirmed`, `u`.`FirstName`, `u`.`IsActive`, `u`.`LastLoginAt`, `u`.`LastName`, `u`.`LockoutEnabled`, `u`.`LockoutEnd`, `u`.`NormalizedEmail`, `u`.`NormalizedUserName`, `u`.`PasswordHash`, `u`.`PasswordResetToken`, `u`.`PasswordResetTokenExpiry`, `u`.`PhoneNumber`, `u`.`PhoneNumberConfirmed`, `u`.`PreferredLanguage`, `u`.`RefreshToken`, `u`.`RefreshTokenExpiry`, `u`.`SecurityStamp`, `u`.`TwoFactorEnabled`, `u`.`UserName`
FROM `Users` AS `u`
WHERE `u`.`NormalizedEmail` = @__normalizedEmail_0
LIMIT 2
2026-05-26 03:03:48.818 +01:00 [INF] Executed DbCommand (2,459ms) [Parameters=[@p25='?' (DbType = Guid), @p0='?' (DbType = Int32), @p1='?' (Size = 500), @p2='?' (Size = 4000), @p26='?' (Size = 4000), @p3='?' (DbType = DateTime), @p4='?' (Size = 256), @p5='?' (DbType = Boolean), @p6='?' (Size = 100), @p7='?' (DbType = Boolean), @p8='?' (DbType = DateTime), @p9='?' (Size = 100), @p10='?' (DbType = Boolean), @p11='?' (DbType = DateTimeOffset), @p12='?' (Size = 256), @p13='?' (Size = 256), @p14='?' (Size = 4000), @p15='?' (Size = 4000), @p16='?' (DbType = DateTime), @p17='?' (Size = 4000), @p18='?' (DbType = Boolean), @p19='?' (Size = 10), @p20='?' (Size = 4000), @p21='?' (DbType = DateTime), @p22='?' (Size = 4000), @p23='?' (DbType = Boolean), @p24='?' (Size = 256)], CommandType='"Text"', CommandTimeout='30']
SET AUTOCOMMIT = 1;
UPDATE `Users` SET `AccessFailedCount` = @p0, `AvatarUrl` = @p1, `ConcurrencyStamp` = @p2, `CreatedAt` = @p3, `Email` = @p4, `EmailConfirmed` = @p5, `FirstName` = @p6, `IsActive` = @p7, `LastLoginAt` = @p8, `LastName` = @p9, `LockoutEnabled` = @p10, `LockoutEnd` = @p11, `NormalizedEmail` = @p12, `NormalizedUserName` = @p13, `PasswordHash` = @p14, `PasswordResetToken` = @p15, `PasswordResetTokenExpiry` = @p16, `PhoneNumber` = @p17, `PhoneNumberConfirmed` = @p18, `PreferredLanguage` = @p19, `RefreshToken` = @p20, `RefreshTokenExpiry` = @p21, `SecurityStamp` = @p22, `TwoFactorEnabled` = @p23, `UserName` = @p24
WHERE `Id` = @p25 AND `ConcurrencyStamp` = @p26;
SELECT ROW_COUNT();
2026-05-26 03:03:48.820 +01:00 [INF] HTTP POST /api/auth/logout responded 204 in 2493.6934 ms
2026-05-26 03:04:27.464 +01:00 [INF] HTTP OPTIONS /api/auth/login responded 204 in 0.1076 ms
2026-05-26 03:04:27.496 +01:00 [INF] Executed DbCommand (1ms) [Parameters=[@__normalizedEmail_0='?' (Size = 256)], CommandType='"Text"', CommandTimeout='30']
SELECT `u`.`Id`, `u`.`AccessFailedCount`, `u`.`AvatarUrl`, `u`.`ConcurrencyStamp`, `u`.`CreatedAt`, `u`.`Email`, `u`.`EmailConfirmed`, `u`.`FirstName`, `u`.`IsActive`, `u`.`LastLoginAt`, `u`.`LastName`, `u`.`LockoutEnabled`, `u`.`LockoutEnd`, `u`.`NormalizedEmail`, `u`.`NormalizedUserName`, `u`.`PasswordHash`, `u`.`PasswordResetToken`, `u`.`PasswordResetTokenExpiry`, `u`.`PhoneNumber`, `u`.`PhoneNumberConfirmed`, `u`.`PreferredLanguage`, `u`.`RefreshToken`, `u`.`RefreshTokenExpiry`, `u`.`SecurityStamp`, `u`.`TwoFactorEnabled`, `u`.`UserName`
FROM `Users` AS `u`
WHERE `u`.`NormalizedEmail` = @__normalizedEmail_0
LIMIT 2
2026-05-26 03:04:27.588 +01:00 [INF] Executed DbCommand (1ms) [Parameters=[@__normalizedUserName_0='?' (Size = 256)], CommandType='"Text"', CommandTimeout='30']
SELECT `u`.`Id`, `u`.`AccessFailedCount`, `u`.`AvatarUrl`, `u`.`ConcurrencyStamp`, `u`.`CreatedAt`, `u`.`Email`, `u`.`EmailConfirmed`, `u`.`FirstName`, `u`.`IsActive`, `u`.`LastLoginAt`, `u`.`LastName`, `u`.`LockoutEnabled`, `u`.`LockoutEnd`, `u`.`NormalizedEmail`, `u`.`NormalizedUserName`, `u`.`PasswordHash`, `u`.`PasswordResetToken`, `u`.`PasswordResetTokenExpiry`, `u`.`PhoneNumber`, `u`.`PhoneNumberConfirmed`, `u`.`PreferredLanguage`, `u`.`RefreshToken`, `u`.`RefreshTokenExpiry`, `u`.`SecurityStamp`, `u`.`TwoFactorEnabled`, `u`.`UserName`
FROM `Users` AS `u`
WHERE `u`.`NormalizedUserName` = @__normalizedUserName_0
LIMIT 1
2026-05-26 03:04:27.591 +01:00 [INF] Executed DbCommand (1ms) [Parameters=[@__normalizedEmail_0='?' (Size = 256)], CommandType='"Text"', CommandTimeout='30']
SELECT `u`.`Id`, `u`.`AccessFailedCount`, `u`.`AvatarUrl`, `u`.`ConcurrencyStamp`, `u`.`CreatedAt`, `u`.`Email`, `u`.`EmailConfirmed`, `u`.`FirstName`, `u`.`IsActive`, `u`.`LastLoginAt`, `u`.`LastName`, `u`.`LockoutEnabled`, `u`.`LockoutEnd`, `u`.`NormalizedEmail`, `u`.`NormalizedUserName`, `u`.`PasswordHash`, `u`.`PasswordResetToken`, `u`.`PasswordResetTokenExpiry`, `u`.`PhoneNumber`, `u`.`PhoneNumberConfirmed`, `u`.`PreferredLanguage`, `u`.`RefreshToken`, `u`.`RefreshTokenExpiry`, `u`.`SecurityStamp`, `u`.`TwoFactorEnabled`, `u`.`UserName`
FROM `Users` AS `u`
WHERE `u`.`NormalizedEmail` = @__normalizedEmail_0
LIMIT 2
2026-05-26 03:04:27.669 +01:00 [INF] Executed DbCommand (76ms) [Parameters=[@p25='?' (DbType = Guid), @p0='?' (DbType = Int32), @p1='?' (Size = 500), @p2='?' (Size = 4000), @p26='?' (Size = 4000), @p3='?' (DbType = DateTime), @p4='?' (Size = 256), @p5='?' (DbType = Boolean), @p6='?' (Size = 100), @p7='?' (DbType = Boolean), @p8='?' (DbType = DateTime), @p9='?' (Size = 100), @p10='?' (DbType = Boolean), @p11='?' (DbType = DateTimeOffset), @p12='?' (Size = 256), @p13='?' (Size = 256), @p14='?' (Size = 4000), @p15='?' (Size = 4000), @p16='?' (DbType = DateTime), @p17='?' (Size = 4000), @p18='?' (DbType = Boolean), @p19='?' (Size = 10), @p20='?' (Size = 4000), @p21='?' (DbType = DateTime), @p22='?' (Size = 4000), @p23='?' (DbType = Boolean), @p24='?' (Size = 256)], CommandType='"Text"', CommandTimeout='30']
SET AUTOCOMMIT = 1;
UPDATE `Users` SET `AccessFailedCount` = @p0, `AvatarUrl` = @p1, `ConcurrencyStamp` = @p2, `CreatedAt` = @p3, `Email` = @p4, `EmailConfirmed` = @p5, `FirstName` = @p6, `IsActive` = @p7, `LastLoginAt` = @p8, `LastName` = @p9, `LockoutEnabled` = @p10, `LockoutEnd` = @p11, `NormalizedEmail` = @p12, `NormalizedUserName` = @p13, `PasswordHash` = @p14, `PasswordResetToken` = @p15, `PasswordResetTokenExpiry` = @p16, `PhoneNumber` = @p17, `PhoneNumberConfirmed` = @p18, `PreferredLanguage` = @p19, `RefreshToken` = @p20, `RefreshTokenExpiry` = @p21, `SecurityStamp` = @p22, `TwoFactorEnabled` = @p23, `UserName` = @p24
WHERE `Id` = @p25 AND `ConcurrencyStamp` = @p26;
SELECT ROW_COUNT();
2026-05-26 03:04:27.674 +01:00 [INF] Executed DbCommand (1ms) [Parameters=[@__userId_0='?' (DbType = Guid)], CommandType='"Text"', CommandTimeout='30']
SELECT `r`.`Name`
FROM `UserRoles` AS `u`
INNER JOIN `Roles` AS `r` ON `u`.`RoleId` = `r`.`Id`
WHERE `u`.`UserId` = @__userId_0
2026-05-26 03:04:27.677 +01:00 [INF] Executed DbCommand (1ms) [Parameters=[@__normalizedUserName_0='?' (Size = 256)], CommandType='"Text"', CommandTimeout='30']
SELECT `u`.`Id`, `u`.`AccessFailedCount`, `u`.`AvatarUrl`, `u`.`ConcurrencyStamp`, `u`.`CreatedAt`, `u`.`Email`, `u`.`EmailConfirmed`, `u`.`FirstName`, `u`.`IsActive`, `u`.`LastLoginAt`, `u`.`LastName`, `u`.`LockoutEnabled`, `u`.`LockoutEnd`, `u`.`NormalizedEmail`, `u`.`NormalizedUserName`, `u`.`PasswordHash`, `u`.`PasswordResetToken`, `u`.`PasswordResetTokenExpiry`, `u`.`PhoneNumber`, `u`.`PhoneNumberConfirmed`, `u`.`PreferredLanguage`, `u`.`RefreshToken`, `u`.`RefreshTokenExpiry`, `u`.`SecurityStamp`, `u`.`TwoFactorEnabled`, `u`.`UserName`
FROM `Users` AS `u`
WHERE `u`.`NormalizedUserName` = @__normalizedUserName_0
LIMIT 1
2026-05-26 03:04:27.679 +01:00 [INF] Executed DbCommand (1ms) [Parameters=[@__normalizedEmail_0='?' (Size = 256)], CommandType='"Text"', CommandTimeout='30']
SELECT `u`.`Id`, `u`.`AccessFailedCount`, `u`.`AvatarUrl`, `u`.`ConcurrencyStamp`, `u`.`CreatedAt`, `u`.`Email`, `u`.`EmailConfirmed`, `u`.`FirstName`, `u`.`IsActive`, `u`.`LastLoginAt`, `u`.`LastName`, `u`.`LockoutEnabled`, `u`.`LockoutEnd`, `u`.`NormalizedEmail`, `u`.`NormalizedUserName`, `u`.`PasswordHash`, `u`.`PasswordResetToken`, `u`.`PasswordResetTokenExpiry`, `u`.`PhoneNumber`, `u`.`PhoneNumberConfirmed`, `u`.`PreferredLanguage`, `u`.`RefreshToken`, `u`.`RefreshTokenExpiry`, `u`.`SecurityStamp`, `u`.`TwoFactorEnabled`, `u`.`UserName`
FROM `Users` AS `u`
WHERE `u`.`NormalizedEmail` = @__normalizedEmail_0
LIMIT 2
2026-05-26 03:04:27.766 +01:00 [INF] Executed DbCommand (85ms) [Parameters=[@p25='?' (DbType = Guid), @p0='?' (DbType = Int32), @p1='?' (Size = 500), @p2='?' (Size = 4000), @p26='?' (Size = 4000), @p3='?' (DbType = DateTime), @p4='?' (Size = 256), @p5='?' (DbType = Boolean), @p6='?' (Size = 100), @p7='?' (DbType = Boolean), @p8='?' (DbType = DateTime), @p9='?' (Size = 100), @p10='?' (DbType = Boolean), @p11='?' (DbType = DateTimeOffset), @p12='?' (Size = 256), @p13='?' (Size = 256), @p14='?' (Size = 4000), @p15='?' (Size = 4000), @p16='?' (DbType = DateTime), @p17='?' (Size = 4000), @p18='?' (DbType = Boolean), @p19='?' (Size = 10), @p20='?' (Size = 4000), @p21='?' (DbType = DateTime), @p22='?' (Size = 4000), @p23='?' (DbType = Boolean), @p24='?' (Size = 256)], CommandType='"Text"', CommandTimeout='30']
SET AUTOCOMMIT = 1;
UPDATE `Users` SET `AccessFailedCount` = @p0, `AvatarUrl` = @p1, `ConcurrencyStamp` = @p2, `CreatedAt` = @p3, `Email` = @p4, `EmailConfirmed` = @p5, `FirstName` = @p6, `IsActive` = @p7, `LastLoginAt` = @p8, `LastName` = @p9, `LockoutEnabled` = @p10, `LockoutEnd` = @p11, `NormalizedEmail` = @p12, `NormalizedUserName` = @p13, `PasswordHash` = @p14, `PasswordResetToken` = @p15, `PasswordResetTokenExpiry` = @p16, `PhoneNumber` = @p17, `PhoneNumberConfirmed` = @p18, `PreferredLanguage` = @p19, `RefreshToken` = @p20, `RefreshTokenExpiry` = @p21, `SecurityStamp` = @p22, `TwoFactorEnabled` = @p23, `UserName` = @p24
WHERE `Id` = @p25 AND `ConcurrencyStamp` = @p26;
SELECT ROW_COUNT();
2026-05-26 03:04:27.768 +01:00 [INF] HTTP POST /api/auth/login responded 200 in 299.8545 ms
2026-05-26 03:04:31.523 +01:00 [INF] HTTP OPTIONS /api/itineraries responded 204 in 0.0799 ms
2026-05-26 03:04:31.534 +01:00 [INF] Executed DbCommand (1ms) [Parameters=[@__userId_0='?' (DbType = Guid)], CommandType='"Text"', CommandTimeout='30']
SELECT `i`.`Id`, `i`.`Budget`, `i`.`CountryCode`, `i`.`CreatedAt`, `i`.`CurrencyCode`, `i`.`Description`, `i`.`Destination`, `i`.`EndDate`, `i`.`Latitude`, `i`.`Longitude`, `i`.`StartDate`, `i`.`Status`, `i`.`Title`, `i`.`UpdatedAt`, `i`.`UserId`, `i0`.`Id`, `i0`.`Address`, `i0`.`Category`, `i0`.`DayNumber`, `i0`.`DurationMinutes`, `i0`.`ItineraryId`, `i0`.`Latitude`, `i0`.`Longitude`, `i0`.`Name`, `i0`.`Notes`, `i0`.`OrderIndex`, `i0`.`VisitTime`
FROM `Itineraries` AS `i`
LEFT JOIN `ItineraryStops` AS `i0` ON `i`.`Id` = `i0`.`ItineraryId`
WHERE `i`.`UserId` = @__userId_0
ORDER BY `i`.`UpdatedAt` DESC, `i`.`Id`
2026-05-26 03:04:31.535 +01:00 [INF] HTTP GET /api/itineraries responded 200 in 7.1943 ms
2026-05-26 03:04:34.567 +01:00 [INF] HTTP OPTIONS /api/hotels/bookings responded 204 in 0.1699 ms
2026-05-26 03:04:34.576 +01:00 [INF] Executed DbCommand (1ms) [Parameters=[@__userId_0='?' (DbType = Guid)], CommandType='"Text"', CommandTimeout='30']
SELECT `b`.`Id`, `b`.`CheckIn`, `b`.`CheckOut`, `b`.`ConfirmationNumber`, `b`.`CreatedAt`, `b`.`CurrencyCode`, `b`.`FlightId`, `b`.`Guests`, `b`.`HotelId`, `b`.`HotelRoomId`, `b`.`Notes`, `b`.`ProviderReference`, `b`.`Status`, `b`.`TotalPrice`, `b`.`Type`, `b`.`UpdatedAt`, `b`.`UserId`, `h`.`Id`, `h`.`Address`, `h`.`Amenities`, `h`.`CachedAt`, `h`.`City`, `h`.`CountryCode`, `h`.`Description`, `h`.`ExternalId`, `h`.`GuestRating`, `h`.`ImageUrl`, `h`.`Latitude`, `h`.`Longitude`, `h`.`Name`, `h`.`Provider`, `h`.`StarRating`, `f`.`Id`, `f`.`Airline`, `f`.`ArrivalAt`, `f`.`CabinClass`, `f`.`CachedAt`, `f`.`CurrencyCode`, `f`.`DepartureAt`, `f`.`DestinationCity`, `f`.`DestinationCode`, `f`.`DurationMinutes`, `f`.`ExternalId`, `f`.`FlightNumber`, `f`.`OriginCity`, `f`.`OriginCode`, `f`.`Price`, `f`.`Provider`, `f`.`SeatsAvailable`, `f`.`Stops`
FROM `Bookings` AS `b`
LEFT JOIN `Hotels` AS `h` ON `b`.`HotelId` = `h`.`Id`
LEFT JOIN `Flights` AS `f` ON `b`.`FlightId` = `f`.`Id`
WHERE `b`.`UserId` = @__userId_0
ORDER BY `b`.`CreatedAt` DESC
2026-05-26 03:04:34.577 +01:00 [INF] HTTP GET /api/hotels/bookings responded 200 in 6.0270 ms
2026-05-26 03:04:38.160 +01:00 [INF] HTTP OPTIONS /api/flights/alerts responded 204 in 0.1005 ms
2026-05-26 03:04:38.170 +01:00 [INF] Executed DbCommand (1ms) [Parameters=[@__userId_0='?' (DbType = Guid)], CommandType='"Text"', CommandTimeout='30']
SELECT `f`.`Id`, `f`.`CreatedAt`, `f`.`CurrencyCode`, `f`.`DepartureFrom`, `f`.`DepartureTo`, `f`.`DestinationCode`, `f`.`IsActive`, `f`.`LastTriggeredAt`, `f`.`OriginCode`, `f`.`TargetPrice`, `f`.`UserId`
FROM `FlightAlerts` AS `f`
WHERE `f`.`UserId` = @__userId_0
ORDER BY `f`.`CreatedAt` DESC
2026-05-26 03:04:38.171 +01:00 [INF] HTTP GET /api/flights/alerts responded 200 in 7.0887 ms
2026-05-26 03:04:39.143 +01:00 [INF] HTTP OPTIONS /api/itineraries responded 204 in 0.0655 ms
2026-05-26 03:04:39.149 +01:00 [INF] Executed DbCommand (1ms) [Parameters=[@__userId_0='?' (DbType = Guid)], CommandType='"Text"', CommandTimeout='30']
SELECT `i`.`Id`, `i`.`Budget`, `i`.`CountryCode`, `i`.`CreatedAt`, `i`.`CurrencyCode`, `i`.`Description`, `i`.`Destination`, `i`.`EndDate`, `i`.`Latitude`, `i`.`Longitude`, `i`.`StartDate`, `i`.`Status`, `i`.`Title`, `i`.`UpdatedAt`, `i`.`UserId`, `i0`.`Id`, `i0`.`Address`, `i0`.`Category`, `i0`.`DayNumber`, `i0`.`DurationMinutes`, `i0`.`ItineraryId`, `i0`.`Latitude`, `i0`.`Longitude`, `i0`.`Name`, `i0`.`Notes`, `i0`.`OrderIndex`, `i0`.`VisitTime`
FROM `Itineraries` AS `i`
LEFT JOIN `ItineraryStops` AS `i0` ON `i`.`Id` = `i0`.`ItineraryId`
WHERE `i`.`UserId` = @__userId_0
ORDER BY `i`.`UpdatedAt` DESC, `i`.`Id`
2026-05-26 03:04:39.150 +01:00 [INF] HTTP GET /api/itineraries responded 200 in 4.4728 ms
2026-05-26 03:04:40.700 +01:00 [INF] HTTP OPTIONS /api/admin/users responded 204 in 0.1048 ms
2026-05-26 03:04:40.728 +01:00 [INF] Executed DbCommand (1ms) [Parameters=[], CommandType='"Text"', CommandTimeout='30']
SELECT `u`.`Id`, `u`.`AccessFailedCount`, `u`.`AvatarUrl`, `u`.`ConcurrencyStamp`, `u`.`CreatedAt`, `u`.`Email`, `u`.`EmailConfirmed`, `u`.`FirstName`, `u`.`IsActive`, `u`.`LastLoginAt`, `u`.`LastName`, `u`.`LockoutEnabled`, `u`.`LockoutEnd`, `u`.`NormalizedEmail`, `u`.`NormalizedUserName`, `u`.`PasswordHash`, `u`.`PasswordResetToken`, `u`.`PasswordResetTokenExpiry`, `u`.`PhoneNumber`, `u`.`PhoneNumberConfirmed`, `u`.`PreferredLanguage`, `u`.`RefreshToken`, `u`.`RefreshTokenExpiry`, `u`.`SecurityStamp`, `u`.`TwoFactorEnabled`, `u`.`UserName`
FROM `Users` AS `u`
2026-05-26 03:04:40.732 +01:00 [INF] Executed DbCommand (1ms) [Parameters=[@__userId_0='?' (DbType = Guid)], CommandType='"Text"', CommandTimeout='30']
SELECT `r`.`Name`
FROM `UserRoles` AS `u`
INNER JOIN `Roles` AS `r` ON `u`.`RoleId` = `r`.`Id`
WHERE `u`.`UserId` = @__userId_0
2026-05-26 03:04:40.734 +01:00 [INF] Executed DbCommand (0ms) [Parameters=[@__userId_0='?' (DbType = Guid)], CommandType='"Text"', CommandTimeout='30']
SELECT `r`.`Name`
FROM `UserRoles` AS `u`
INNER JOIN `Roles` AS `r` ON `u`.`RoleId` = `r`.`Id`
WHERE `u`.`UserId` = @__userId_0
2026-05-26 03:04:40.735 +01:00 [INF] Executed DbCommand (0ms) [Parameters=[@__userId_0='?' (DbType = Guid)], CommandType='"Text"', CommandTimeout='30']
SELECT `r`.`Name`
FROM `UserRoles` AS `u`
INNER JOIN `Roles` AS `r` ON `u`.`RoleId` = `r`.`Id`
WHERE `u`.`UserId` = @__userId_0
2026-05-26 03:04:40.741 +01:00 [INF] HTTP GET /api/admin/users responded 200 in 36.4481 ms
2026-05-26 03:04:49.971 +01:00 [INF] HTTP OPTIONS /api/admin/users/08debaca-c54f-4c42-8bc0-b5248903eab8/deactivate responded 204 in 0.1533 ms
2026-05-26 03:04:49.985 +01:00 [INF] Executed DbCommand (1ms) [Parameters=[@__get_Item_0='?' (DbType = Guid)], CommandType='"Text"', CommandTimeout='30']
SELECT `u`.`Id`, `u`.`AccessFailedCount`, `u`.`AvatarUrl`, `u`.`ConcurrencyStamp`, `u`.`CreatedAt`, `u`.`Email`, `u`.`EmailConfirmed`, `u`.`FirstName`, `u`.`IsActive`, `u`.`LastLoginAt`, `u`.`LastName`, `u`.`LockoutEnabled`, `u`.`LockoutEnd`, `u`.`NormalizedEmail`, `u`.`NormalizedUserName`, `u`.`PasswordHash`, `u`.`PasswordResetToken`, `u`.`PasswordResetTokenExpiry`, `u`.`PhoneNumber`, `u`.`PhoneNumberConfirmed`, `u`.`PreferredLanguage`, `u`.`RefreshToken`, `u`.`RefreshTokenExpiry`, `u`.`SecurityStamp`, `u`.`TwoFactorEnabled`, `u`.`UserName`
FROM `Users` AS `u`
WHERE `u`.`Id` = @__get_Item_0
LIMIT 1
2026-05-26 03:04:49.987 +01:00 [INF] Executed DbCommand (0ms) [Parameters=[@__normalizedUserName_0='?' (Size = 256)], CommandType='"Text"', CommandTimeout='30']
SELECT `u`.`Id`, `u`.`AccessFailedCount`, `u`.`AvatarUrl`, `u`.`ConcurrencyStamp`, `u`.`CreatedAt`, `u`.`Email`, `u`.`EmailConfirmed`, `u`.`FirstName`, `u`.`IsActive`, `u`.`LastLoginAt`, `u`.`LastName`, `u`.`LockoutEnabled`, `u`.`LockoutEnd`, `u`.`NormalizedEmail`, `u`.`NormalizedUserName`, `u`.`PasswordHash`, `u`.`PasswordResetToken`, `u`.`PasswordResetTokenExpiry`, `u`.`PhoneNumber`, `u`.`PhoneNumberConfirmed`, `u`.`PreferredLanguage`, `u`.`RefreshToken`, `u`.`RefreshTokenExpiry`, `u`.`SecurityStamp`, `u`.`TwoFactorEnabled`, `u`.`UserName`
FROM `Users` AS `u`
WHERE `u`.`NormalizedUserName` = @__normalizedUserName_0
LIMIT 1
2026-05-26 03:04:49.988 +01:00 [INF] Executed DbCommand (0ms) [Parameters=[@__normalizedEmail_0='?' (Size = 256)], CommandType='"Text"', CommandTimeout='30']
SELECT `u`.`Id`, `u`.`AccessFailedCount`, `u`.`AvatarUrl`, `u`.`ConcurrencyStamp`, `u`.`CreatedAt`, `u`.`Email`, `u`.`EmailConfirmed`, `u`.`FirstName`, `u`.`IsActive`, `u`.`LastLoginAt`, `u`.`LastName`, `u`.`LockoutEnabled`, `u`.`LockoutEnd`, `u`.`NormalizedEmail`, `u`.`NormalizedUserName`, `u`.`PasswordHash`, `u`.`PasswordResetToken`, `u`.`PasswordResetTokenExpiry`, `u`.`PhoneNumber`, `u`.`PhoneNumberConfirmed`, `u`.`PreferredLanguage`, `u`.`RefreshToken`, `u`.`RefreshTokenExpiry`, `u`.`SecurityStamp`, `u`.`TwoFactorEnabled`, `u`.`UserName`
FROM `Users` AS `u`
WHERE `u`.`NormalizedEmail` = @__normalizedEmail_0
LIMIT 2
2026-05-26 03:04:50.179 +01:00 [INF] Executed DbCommand (191ms) [Parameters=[@p25='?' (DbType = Guid), @p0='?' (DbType = Int32), @p1='?' (Size = 500), @p2='?' (Size = 4000), @p26='?' (Size = 4000), @p3='?' (DbType = DateTime), @p4='?' (Size = 256), @p5='?' (DbType = Boolean), @p6='?' (Size = 100), @p7='?' (DbType = Boolean), @p8='?' (DbType = DateTime), @p9='?' (Size = 100), @p10='?' (DbType = Boolean), @p11='?' (DbType = DateTimeOffset), @p12='?' (Size = 256), @p13='?' (Size = 256), @p14='?' (Size = 4000), @p15='?' (Size = 4000), @p16='?' (DbType = DateTime), @p17='?' (Size = 4000), @p18='?' (DbType = Boolean), @p19='?' (Size = 10), @p20='?' (Size = 4000), @p21='?' (DbType = DateTime), @p22='?' (Size = 4000), @p23='?' (DbType = Boolean), @p24='?' (Size = 256)], CommandType='"Text"', CommandTimeout='30']
SET AUTOCOMMIT = 1;
UPDATE `Users` SET `AccessFailedCount` = @p0, `AvatarUrl` = @p1, `ConcurrencyStamp` = @p2, `CreatedAt` = @p3, `Email` = @p4, `EmailConfirmed` = @p5, `FirstName` = @p6, `IsActive` = @p7, `LastLoginAt` = @p8, `LastName` = @p9, `LockoutEnabled` = @p10, `LockoutEnd` = @p11, `NormalizedEmail` = @p12, `NormalizedUserName` = @p13, `PasswordHash` = @p14, `PasswordResetToken` = @p15, `PasswordResetTokenExpiry` = @p16, `PhoneNumber` = @p17, `PhoneNumberConfirmed` = @p18, `PreferredLanguage` = @p19, `RefreshToken` = @p20, `RefreshTokenExpiry` = @p21, `SecurityStamp` = @p22, `TwoFactorEnabled` = @p23, `UserName` = @p24
WHERE `Id` = @p25 AND `ConcurrencyStamp` = @p26;
SELECT ROW_COUNT();
2026-05-26 03:04:50.181 +01:00 [INF] HTTP PATCH /api/admin/users/08debaca-c54f-4c42-8bc0-b5248903eab8/deactivate responded 204 in 205.7765 ms
2026-05-26 03:05:00.264 +01:00 [INF] HTTP OPTIONS /api/admin/users/08debaca-f3f9-4e57-8250-f1f688a2d416/deactivate responded 204 in 0.0918 ms
2026-05-26 03:05:00.273 +01:00 [INF] Executed DbCommand (1ms) [Parameters=[@__get_Item_0='?' (DbType = Guid)], CommandType='"Text"', CommandTimeout='30']
SELECT `u`.`Id`, `u`.`AccessFailedCount`, `u`.`AvatarUrl`, `u`.`ConcurrencyStamp`, `u`.`CreatedAt`, `u`.`Email`, `u`.`EmailConfirmed`, `u`.`FirstName`, `u`.`IsActive`, `u`.`LastLoginAt`, `u`.`LastName`, `u`.`LockoutEnabled`, `u`.`LockoutEnd`, `u`.`NormalizedEmail`, `u`.`NormalizedUserName`, `u`.`PasswordHash`, `u`.`PasswordResetToken`, `u`.`PasswordResetTokenExpiry`, `u`.`PhoneNumber`, `u`.`PhoneNumberConfirmed`, `u`.`PreferredLanguage`, `u`.`RefreshToken`, `u`.`RefreshTokenExpiry`, `u`.`SecurityStamp`, `u`.`TwoFactorEnabled`, `u`.`UserName`
FROM `Users` AS `u`
WHERE `u`.`Id` = @__get_Item_0
LIMIT 1
2026-05-26 03:05:00.275 +01:00 [INF] Executed DbCommand (1ms) [Parameters=[@__normalizedUserName_0='?' (Size = 256)], CommandType='"Text"', CommandTimeout='30']
SELECT `u`.`Id`, `u`.`AccessFailedCount`, `u`.`AvatarUrl`, `u`.`ConcurrencyStamp`, `u`.`CreatedAt`, `u`.`Email`, `u`.`EmailConfirmed`, `u`.`FirstName`, `u`.`IsActive`, `u`.`LastLoginAt`, `u`.`LastName`, `u`.`LockoutEnabled`, `u`.`LockoutEnd`, `u`.`NormalizedEmail`, `u`.`NormalizedUserName`, `u`.`PasswordHash`, `u`.`PasswordResetToken`, `u`.`PasswordResetTokenExpiry`, `u`.`PhoneNumber`, `u`.`PhoneNumberConfirmed`, `u`.`PreferredLanguage`, `u`.`RefreshToken`, `u`.`RefreshTokenExpiry`, `u`.`SecurityStamp`, `u`.`TwoFactorEnabled`, `u`.`UserName`
FROM `Users` AS `u`
WHERE `u`.`NormalizedUserName` = @__normalizedUserName_0
LIMIT 1
2026-05-26 03:05:00.278 +01:00 [INF] Executed DbCommand (1ms) [Parameters=[@__normalizedEmail_0='?' (Size = 256)], CommandType='"Text"', CommandTimeout='30']
SELECT `u`.`Id`, `u`.`AccessFailedCount`, `u`.`AvatarUrl`, `u`.`ConcurrencyStamp`, `u`.`CreatedAt`, `u`.`Email`, `u`.`EmailConfirmed`, `u`.`FirstName`, `u`.`IsActive`, `u`.`LastLoginAt`, `u`.`LastName`, `u`.`LockoutEnabled`, `u`.`LockoutEnd`, `u`.`NormalizedEmail`, `u`.`NormalizedUserName`, `u`.`PasswordHash`, `u`.`PasswordResetToken`, `u`.`PasswordResetTokenExpiry`, `u`.`PhoneNumber`, `u`.`PhoneNumberConfirmed`, `u`.`PreferredLanguage`, `u`.`RefreshToken`, `u`.`RefreshTokenExpiry`, `u`.`SecurityStamp`, `u`.`TwoFactorEnabled`, `u`.`UserName`
FROM `Users` AS `u`
WHERE `u`.`NormalizedEmail` = @__normalizedEmail_0
LIMIT 2
2026-05-26 03:05:00.350 +01:00 [INF] Executed DbCommand (70ms) [Parameters=[@p25='?' (DbType = Guid), @p0='?' (DbType = Int32), @p1='?' (Size = 500), @p2='?' (Size = 4000), @p26='?' (Size = 4000), @p3='?' (DbType = DateTime), @p4='?' (Size = 256), @p5='?' (DbType = Boolean), @p6='?' (Size = 100), @p7='?' (DbType = Boolean), @p8='?' (DbType = DateTime), @p9='?' (Size = 100), @p10='?' (DbType = Boolean), @p11='?' (DbType = DateTimeOffset), @p12='?' (Size = 256), @p13='?' (Size = 256), @p14='?' (Size = 4000), @p15='?' (Size = 4000), @p16='?' (DbType = DateTime), @p17='?' (Size = 4000), @p18='?' (DbType = Boolean), @p19='?' (Size = 10), @p20='?' (Size = 4000), @p21='?' (DbType = DateTime), @p22='?' (Size = 4000), @p23='?' (DbType = Boolean), @p24='?' (Size = 256)], CommandType='"Text"', CommandTimeout='30']
SET AUTOCOMMIT = 1;
UPDATE `Users` SET `AccessFailedCount` = @p0, `AvatarUrl` = @p1, `ConcurrencyStamp` = @p2, `CreatedAt` = @p3, `Email` = @p4, `EmailConfirmed` = @p5, `FirstName` = @p6, `IsActive` = @p7, `LastLoginAt` = @p8, `LastName` = @p9, `LockoutEnabled` = @p10, `LockoutEnd` = @p11, `NormalizedEmail` = @p12, `NormalizedUserName` = @p13, `PasswordHash` = @p14, `PasswordResetToken` = @p15, `PasswordResetTokenExpiry` = @p16, `PhoneNumber` = @p17, `PhoneNumberConfirmed` = @p18, `PreferredLanguage` = @p19, `RefreshToken` = @p20, `RefreshTokenExpiry` = @p21, `SecurityStamp` = @p22, `TwoFactorEnabled` = @p23, `UserName` = @p24
WHERE `Id` = @p25 AND `ConcurrencyStamp` = @p26;
SELECT ROW_COUNT();
2026-05-26 03:05:00.351 +01:00 [INF] HTTP PATCH /api/admin/users/08debaca-f3f9-4e57-8250-f1f688a2d416/deactivate responded 204 in 82.9285 ms
2026-05-26 03:05:05.563 +01:00 [INF] HTTP OPTIONS /api/admin/users/08debaca-f3f9-4e57-8250-f1f688a2d416/deactivate responded 204 in 0.0822 ms
2026-05-26 03:05:05.572 +01:00 [INF] Executed DbCommand (1ms) [Parameters=[@__get_Item_0='?' (DbType = Guid)], CommandType='"Text"', CommandTimeout='30']
SELECT `u`.`Id`, `u`.`AccessFailedCount`, `u`.`AvatarUrl`, `u`.`ConcurrencyStamp`, `u`.`CreatedAt`, `u`.`Email`, `u`.`EmailConfirmed`, `u`.`FirstName`, `u`.`IsActive`, `u`.`LastLoginAt`, `u`.`LastName`, `u`.`LockoutEnabled`, `u`.`LockoutEnd`, `u`.`NormalizedEmail`, `u`.`NormalizedUserName`, `u`.`PasswordHash`, `u`.`PasswordResetToken`, `u`.`PasswordResetTokenExpiry`, `u`.`PhoneNumber`, `u`.`PhoneNumberConfirmed`, `u`.`PreferredLanguage`, `u`.`RefreshToken`, `u`.`RefreshTokenExpiry`, `u`.`SecurityStamp`, `u`.`TwoFactorEnabled`, `u`.`UserName`
FROM `Users` AS `u`
WHERE `u`.`Id` = @__get_Item_0
LIMIT 1
2026-05-26 03:05:05.575 +01:00 [INF] Executed DbCommand (1ms) [Parameters=[@__normalizedUserName_0='?' (Size = 256)], CommandType='"Text"', CommandTimeout='30']
SELECT `u`.`Id`, `u`.`AccessFailedCount`, `u`.`AvatarUrl`, `u`.`ConcurrencyStamp`, `u`.`CreatedAt`, `u`.`Email`, `u`.`EmailConfirmed`, `u`.`FirstName`, `u`.`IsActive`, `u`.`LastLoginAt`, `u`.`LastName`, `u`.`LockoutEnabled`, `u`.`LockoutEnd`, `u`.`NormalizedEmail`, `u`.`NormalizedUserName`, `u`.`PasswordHash`, `u`.`PasswordResetToken`, `u`.`PasswordResetTokenExpiry`, `u`.`PhoneNumber`, `u`.`PhoneNumberConfirmed`, `u`.`PreferredLanguage`, `u`.`RefreshToken`, `u`.`RefreshTokenExpiry`, `u`.`SecurityStamp`, `u`.`TwoFactorEnabled`, `u`.`UserName`
FROM `Users` AS `u`
WHERE `u`.`NormalizedUserName` = @__normalizedUserName_0
LIMIT 1
2026-05-26 03:05:05.577 +01:00 [INF] Executed DbCommand (1ms) [Parameters=[@__normalizedEmail_0='?' (Size = 256)], CommandType='"Text"', CommandTimeout='30']
SELECT `u`.`Id`, `u`.`AccessFailedCount`, `u`.`AvatarUrl`, `u`.`ConcurrencyStamp`, `u`.`CreatedAt`, `u`.`Email`, `u`.`EmailConfirmed`, `u`.`FirstName`, `u`.`IsActive`, `u`.`LastLoginAt`, `u`.`LastName`, `u`.`LockoutEnabled`, `u`.`LockoutEnd`, `u`.`NormalizedEmail`, `u`.`NormalizedUserName`, `u`.`PasswordHash`, `u`.`PasswordResetToken`, `u`.`PasswordResetTokenExpiry`, `u`.`PhoneNumber`, `u`.`PhoneNumberConfirmed`, `u`.`PreferredLanguage`, `u`.`RefreshToken`, `u`.`RefreshTokenExpiry`, `u`.`SecurityStamp`, `u`.`TwoFactorEnabled`, `u`.`UserName`
FROM `Users` AS `u`
WHERE `u`.`NormalizedEmail` = @__normalizedEmail_0
LIMIT 2
2026-05-26 03:05:05.686 +01:00 [INF] Executed DbCommand (107ms) [Parameters=[@p25='?' (DbType = Guid), @p0='?' (DbType = Int32), @p1='?' (Size = 500), @p2='?' (Size = 4000), @p26='?' (Size = 4000), @p3='?' (DbType = DateTime), @p4='?' (Size = 256), @p5='?' (DbType = Boolean), @p6='?' (Size = 100), @p7='?' (DbType = Boolean), @p8='?' (DbType = DateTime), @p9='?' (Size = 100), @p10='?' (DbType = Boolean), @p11='?' (DbType = DateTimeOffset), @p12='?' (Size = 256), @p13='?' (Size = 256), @p14='?' (Size = 4000), @p15='?' (Size = 4000), @p16='?' (DbType = DateTime), @p17='?' (Size = 4000), @p18='?' (DbType = Boolean), @p19='?' (Size = 10), @p20='?' (Size = 4000), @p21='?' (DbType = DateTime), @p22='?' (Size = 4000), @p23='?' (DbType = Boolean), @p24='?' (Size = 256)], CommandType='"Text"', CommandTimeout='30']
SET AUTOCOMMIT = 1;
UPDATE `Users` SET `AccessFailedCount` = @p0, `AvatarUrl` = @p1, `ConcurrencyStamp` = @p2, `CreatedAt` = @p3, `Email` = @p4, `EmailConfirmed` = @p5, `FirstName` = @p6, `IsActive` = @p7, `LastLoginAt` = @p8, `LastName` = @p9, `LockoutEnabled` = @p10, `LockoutEnd` = @p11, `NormalizedEmail` = @p12, `NormalizedUserName` = @p13, `PasswordHash` = @p14, `PasswordResetToken` = @p15, `PasswordResetTokenExpiry` = @p16, `PhoneNumber` = @p17, `PhoneNumberConfirmed` = @p18, `PreferredLanguage` = @p19, `RefreshToken` = @p20, `RefreshTokenExpiry` = @p21, `SecurityStamp` = @p22, `TwoFactorEnabled` = @p23, `UserName` = @p24
WHERE `Id` = @p25 AND `ConcurrencyStamp` = @p26;
SELECT ROW_COUNT();
2026-05-26 03:05:05.686 +01:00 [INF] HTTP PATCH /api/admin/users/08debaca-f3f9-4e57-8250-f1f688a2d416/deactivate responded 204 in 119.6387 ms
2026-05-26 03:05:06.267 +01:00 [INF] Executed DbCommand (0ms) [Parameters=[@__get_Item_0='?' (DbType = Guid)], CommandType='"Text"', CommandTimeout='30']
SELECT `u`.`Id`, `u`.`AccessFailedCount`, `u`.`AvatarUrl`, `u`.`ConcurrencyStamp`, `u`.`CreatedAt`, `u`.`Email`, `u`.`EmailConfirmed`, `u`.`FirstName`, `u`.`IsActive`, `u`.`LastLoginAt`, `u`.`LastName`, `u`.`LockoutEnabled`, `u`.`LockoutEnd`, `u`.`NormalizedEmail`, `u`.`NormalizedUserName`, `u`.`PasswordHash`, `u`.`PasswordResetToken`, `u`.`PasswordResetTokenExpiry`, `u`.`PhoneNumber`, `u`.`PhoneNumberConfirmed`, `u`.`PreferredLanguage`, `u`.`RefreshToken`, `u`.`RefreshTokenExpiry`, `u`.`SecurityStamp`, `u`.`TwoFactorEnabled`, `u`.`UserName`
FROM `Users` AS `u`
WHERE `u`.`Id` = @__get_Item_0
LIMIT 1
2026-05-26 03:05:06.269 +01:00 [INF] Executed DbCommand (0ms) [Parameters=[@__normalizedUserName_0='?' (Size = 256)], CommandType='"Text"', CommandTimeout='30']
SELECT `u`.`Id`, `u`.`AccessFailedCount`, `u`.`AvatarUrl`, `u`.`ConcurrencyStamp`, `u`.`CreatedAt`, `u`.`Email`, `u`.`EmailConfirmed`, `u`.`FirstName`, `u`.`IsActive`, `u`.`LastLoginAt`, `u`.`LastName`, `u`.`LockoutEnabled`, `u`.`LockoutEnd`, `u`.`NormalizedEmail`, `u`.`NormalizedUserName`, `u`.`PasswordHash`, `u`.`PasswordResetToken`, `u`.`PasswordResetTokenExpiry`, `u`.`PhoneNumber`, `u`.`PhoneNumberConfirmed`, `u`.`PreferredLanguage`, `u`.`RefreshToken`, `u`.`RefreshTokenExpiry`, `u`.`SecurityStamp`, `u`.`TwoFactorEnabled`, `u`.`UserName`
FROM `Users` AS `u`
WHERE `u`.`NormalizedUserName` = @__normalizedUserName_0
LIMIT 1
2026-05-26 03:05:06.270 +01:00 [INF] Executed DbCommand (1ms) [Parameters=[@__normalizedEmail_0='?' (Size = 256)], CommandType='"Text"', CommandTimeout='30']
SELECT `u`.`Id`, `u`.`AccessFailedCount`, `u`.`AvatarUrl`, `u`.`ConcurrencyStamp`, `u`.`CreatedAt`, `u`.`Email`, `u`.`EmailConfirmed`, `u`.`FirstName`, `u`.`IsActive`, `u`.`LastLoginAt`, `u`.`LastName`, `u`.`LockoutEnabled`, `u`.`LockoutEnd`, `u`.`NormalizedEmail`, `u`.`NormalizedUserName`, `u`.`PasswordHash`, `u`.`PasswordResetToken`, `u`.`PasswordResetTokenExpiry`, `u`.`PhoneNumber`, `u`.`PhoneNumberConfirmed`, `u`.`PreferredLanguage`, `u`.`RefreshToken`, `u`.`RefreshTokenExpiry`, `u`.`SecurityStamp`, `u`.`TwoFactorEnabled`, `u`.`UserName`
FROM `Users` AS `u`
WHERE `u`.`NormalizedEmail` = @__normalizedEmail_0
LIMIT 2
2026-05-26 03:05:06.387 +01:00 [INF] Executed DbCommand (114ms) [Parameters=[@p25='?' (DbType = Guid), @p0='?' (DbType = Int32), @p1='?' (Size = 500), @p2='?' (Size = 4000), @p26='?' (Size = 4000), @p3='?' (DbType = DateTime), @p4='?' (Size = 256), @p5='?' (DbType = Boolean), @p6='?' (Size = 100), @p7='?' (DbType = Boolean), @p8='?' (DbType = DateTime), @p9='?' (Size = 100), @p10='?' (DbType = Boolean), @p11='?' (DbType = DateTimeOffset), @p12='?' (Size = 256), @p13='?' (Size = 256), @p14='?' (Size = 4000), @p15='?' (Size = 4000), @p16='?' (DbType = DateTime), @p17='?' (Size = 4000), @p18='?' (DbType = Boolean), @p19='?' (Size = 10), @p20='?' (Size = 4000), @p21='?' (DbType = DateTime), @p22='?' (Size = 4000), @p23='?' (DbType = Boolean), @p24='?' (Size = 256)], CommandType='"Text"', CommandTimeout='30']
SET AUTOCOMMIT = 1;
UPDATE `Users` SET `AccessFailedCount` = @p0, `AvatarUrl` = @p1, `ConcurrencyStamp` = @p2, `CreatedAt` = @p3, `Email` = @p4, `EmailConfirmed` = @p5, `FirstName` = @p6, `IsActive` = @p7, `LastLoginAt` = @p8, `LastName` = @p9, `LockoutEnabled` = @p10, `LockoutEnd` = @p11, `NormalizedEmail` = @p12, `NormalizedUserName` = @p13, `PasswordHash` = @p14, `PasswordResetToken` = @p15, `PasswordResetTokenExpiry` = @p16, `PhoneNumber` = @p17, `PhoneNumberConfirmed` = @p18, `PreferredLanguage` = @p19, `RefreshToken` = @p20, `RefreshTokenExpiry` = @p21, `SecurityStamp` = @p22, `TwoFactorEnabled` = @p23, `UserName` = @p24
WHERE `Id` = @p25 AND `ConcurrencyStamp` = @p26;
SELECT ROW_COUNT();
2026-05-26 03:05:06.387 +01:00 [INF] HTTP PATCH /api/admin/users/08debaca-f3f9-4e57-8250-f1f688a2d416/deactivate responded 204 in 125.1427 ms
2026-05-26 03:05:07.801 +01:00 [INF] HTTP OPTIONS /api/itineraries responded 204 in 0.0978 ms
2026-05-26 03:05:07.808 +01:00 [INF] Executed DbCommand (1ms) [Parameters=[@__userId_0='?' (DbType = Guid)], CommandType='"Text"', CommandTimeout='30']
SELECT `i`.`Id`, `i`.`Budget`, `i`.`CountryCode`, `i`.`CreatedAt`, `i`.`CurrencyCode`, `i`.`Description`, `i`.`Destination`, `i`.`EndDate`, `i`.`Latitude`, `i`.`Longitude`, `i`.`StartDate`, `i`.`Status`, `i`.`Title`, `i`.`UpdatedAt`, `i`.`UserId`, `i0`.`Id`, `i0`.`Address`, `i0`.`Category`, `i0`.`DayNumber`, `i0`.`DurationMinutes`, `i0`.`ItineraryId`, `i0`.`Latitude`, `i0`.`Longitude`, `i0`.`Name`, `i0`.`Notes`, `i0`.`OrderIndex`, `i0`.`VisitTime`
FROM `Itineraries` AS `i`
LEFT JOIN `ItineraryStops` AS `i0` ON `i`.`Id` = `i0`.`ItineraryId`
WHERE `i`.`UserId` = @__userId_0
ORDER BY `i`.`UpdatedAt` DESC, `i`.`Id`
2026-05-26 03:05:07.809 +01:00 [INF] HTTP GET /api/itineraries responded 200 in 3.9095 ms
2026-05-26 03:05:10.074 +01:00 [INF] Executed DbCommand (1ms) [Parameters=[@__userId_0='?' (DbType = Guid)], CommandType='"Text"', CommandTimeout='30']
SELECT `i`.`Id`, `i`.`Budget`, `i`.`CountryCode`, `i`.`CreatedAt`, `i`.`CurrencyCode`, `i`.`Description`, `i`.`Destination`, `i`.`EndDate`, `i`.`Latitude`, `i`.`Longitude`, `i`.`StartDate`, `i`.`Status`, `i`.`Title`, `i`.`UpdatedAt`, `i`.`UserId`, `i0`.`Id`, `i0`.`Address`, `i0`.`Category`, `i0`.`DayNumber`, `i0`.`DurationMinutes`, `i0`.`ItineraryId`, `i0`.`Latitude`, `i0`.`Longitude`, `i0`.`Name`, `i0`.`Notes`, `i0`.`OrderIndex`, `i0`.`VisitTime`
FROM `Itineraries` AS `i`
LEFT JOIN `ItineraryStops` AS `i0` ON `i`.`Id` = `i0`.`ItineraryId`
WHERE `i`.`UserId` = @__userId_0
ORDER BY `i`.`UpdatedAt` DESC, `i`.`Id`
2026-05-26 03:05:10.075 +01:00 [INF] HTTP GET /api/itineraries responded 200 in 7.4733 ms
2026-05-26 03:05:27.507 +01:00 [INF] HTTP OPTIONS /api/itineraries responded 204 in 0.0549 ms
2026-05-26 03:05:27.514 +01:00 [INF] Executed DbCommand (1ms) [Parameters=[@__userId_0='?' (DbType = Guid)], CommandType='"Text"', CommandTimeout='30']
SELECT `i`.`Id`, `i`.`Budget`, `i`.`CountryCode`, `i`.`CreatedAt`, `i`.`CurrencyCode`, `i`.`Description`, `i`.`Destination`, `i`.`EndDate`, `i`.`Latitude`, `i`.`Longitude`, `i`.`StartDate`, `i`.`Status`, `i`.`Title`, `i`.`UpdatedAt`, `i`.`UserId`, `i0`.`Id`, `i0`.`Address`, `i0`.`Category`, `i0`.`DayNumber`, `i0`.`DurationMinutes`, `i0`.`ItineraryId`, `i0`.`Latitude`, `i0`.`Longitude`, `i0`.`Name`, `i0`.`Notes`, `i0`.`OrderIndex`, `i0`.`VisitTime`
FROM `Itineraries` AS `i`
LEFT JOIN `ItineraryStops` AS `i0` ON `i`.`Id` = `i0`.`ItineraryId`
WHERE `i`.`UserId` = @__userId_0
ORDER BY `i`.`UpdatedAt` DESC, `i`.`Id`
2026-05-26 03:05:27.515 +01:00 [INF] HTTP GET /api/itineraries responded 200 in 4.7993 ms
2026-05-26 03:05:30.512 +01:00 [INF] HTTP OPTIONS /api/hotels/bookings responded 204 in 0.0585 ms
2026-05-26 03:05:30.520 +01:00 [INF] Executed DbCommand (1ms) [Parameters=[@__userId_0='?' (DbType = Guid)], CommandType='"Text"', CommandTimeout='30']
SELECT `b`.`Id`, `b`.`CheckIn`, `b`.`CheckOut`, `b`.`ConfirmationNumber`, `b`.`CreatedAt`, `b`.`CurrencyCode`, `b`.`FlightId`, `b`.`Guests`, `b`.`HotelId`, `b`.`HotelRoomId`, `b`.`Notes`, `b`.`ProviderReference`, `b`.`Status`, `b`.`TotalPrice`, `b`.`Type`, `b`.`UpdatedAt`, `b`.`UserId`, `h`.`Id`, `h`.`Address`, `h`.`Amenities`, `h`.`CachedAt`, `h`.`City`, `h`.`CountryCode`, `h`.`Description`, `h`.`ExternalId`, `h`.`GuestRating`, `h`.`ImageUrl`, `h`.`Latitude`, `h`.`Longitude`, `h`.`Name`, `h`.`Provider`, `h`.`StarRating`, `f`.`Id`, `f`.`Airline`, `f`.`ArrivalAt`, `f`.`CabinClass`, `f`.`CachedAt`, `f`.`CurrencyCode`, `f`.`DepartureAt`, `f`.`DestinationCity`, `f`.`DestinationCode`, `f`.`DurationMinutes`, `f`.`ExternalId`, `f`.`FlightNumber`, `f`.`OriginCity`, `f`.`OriginCode`, `f`.`Price`, `f`.`Provider`, `f`.`SeatsAvailable`, `f`.`Stops`
FROM `Bookings` AS `b`
LEFT JOIN `Hotels` AS `h` ON `b`.`HotelId` = `h`.`Id`
LEFT JOIN `Flights` AS `f` ON `b`.`FlightId` = `f`.`Id`
WHERE `b`.`UserId` = @__userId_0
ORDER BY `b`.`CreatedAt` DESC
2026-05-26 03:05:30.521 +01:00 [INF] HTTP GET /api/hotels/bookings responded 200 in 5.8216 ms
2026-05-26 03:05:34.221 +01:00 [INF] HTTP OPTIONS /api/auth/logout responded 204 in 0.0594 ms
2026-05-26 03:05:34.232 +01:00 [INF] Executed DbCommand (2ms) [Parameters=[@__get_Item_0='?' (DbType = Guid)], CommandType='"Text"', CommandTimeout='30']
SELECT `u`.`Id`, `u`.`AccessFailedCount`, `u`.`AvatarUrl`, `u`.`ConcurrencyStamp`, `u`.`CreatedAt`, `u`.`Email`, `u`.`EmailConfirmed`, `u`.`FirstName`, `u`.`IsActive`, `u`.`LastLoginAt`, `u`.`LastName`, `u`.`LockoutEnabled`, `u`.`LockoutEnd`, `u`.`NormalizedEmail`, `u`.`NormalizedUserName`, `u`.`PasswordHash`, `u`.`PasswordResetToken`, `u`.`PasswordResetTokenExpiry`, `u`.`PhoneNumber`, `u`.`PhoneNumberConfirmed`, `u`.`PreferredLanguage`, `u`.`RefreshToken`, `u`.`RefreshTokenExpiry`, `u`.`SecurityStamp`, `u`.`TwoFactorEnabled`, `u`.`UserName`
FROM `Users` AS `u`
WHERE `u`.`Id` = @__get_Item_0
LIMIT 1
2026-05-26 03:05:34.235 +01:00 [INF] Executed DbCommand (1ms) [Parameters=[@__normalizedUserName_0='?' (Size = 256)], CommandType='"Text"', CommandTimeout='30']
SELECT `u`.`Id`, `u`.`AccessFailedCount`, `u`.`AvatarUrl`, `u`.`ConcurrencyStamp`, `u`.`CreatedAt`, `u`.`Email`, `u`.`EmailConfirmed`, `u`.`FirstName`, `u`.`IsActive`, `u`.`LastLoginAt`, `u`.`LastName`, `u`.`LockoutEnabled`, `u`.`LockoutEnd`, `u`.`NormalizedEmail`, `u`.`NormalizedUserName`, `u`.`PasswordHash`, `u`.`PasswordResetToken`, `u`.`PasswordResetTokenExpiry`, `u`.`PhoneNumber`, `u`.`PhoneNumberConfirmed`, `u`.`PreferredLanguage`, `u`.`RefreshToken`, `u`.`RefreshTokenExpiry`, `u`.`SecurityStamp`, `u`.`TwoFactorEnabled`, `u`.`UserName`
FROM `Users` AS `u`
WHERE `u`.`NormalizedUserName` = @__normalizedUserName_0
LIMIT 1
2026-05-26 03:05:34.238 +01:00 [INF] Executed DbCommand (1ms) [Parameters=[@__normalizedEmail_0='?' (Size = 256)], CommandType='"Text"', CommandTimeout='30']
SELECT `u`.`Id`, `u`.`AccessFailedCount`, `u`.`AvatarUrl`, `u`.`ConcurrencyStamp`, `u`.`CreatedAt`, `u`.`Email`, `u`.`EmailConfirmed`, `u`.`FirstName`, `u`.`IsActive`, `u`.`LastLoginAt`, `u`.`LastName`, `u`.`LockoutEnabled`, `u`.`LockoutEnd`, `u`.`NormalizedEmail`, `u`.`NormalizedUserName`, `u`.`PasswordHash`, `u`.`PasswordResetToken`, `u`.`PasswordResetTokenExpiry`, `u`.`PhoneNumber`, `u`.`PhoneNumberConfirmed`, `u`.`PreferredLanguage`, `u`.`RefreshToken`, `u`.`RefreshTokenExpiry`, `u`.`SecurityStamp`, `u`.`TwoFactorEnabled`, `u`.`UserName`
FROM `Users` AS `u`
WHERE `u`.`NormalizedEmail` = @__normalizedEmail_0
LIMIT 2
2026-05-26 03:05:34.334 +01:00 [INF] Executed DbCommand (93ms) [Parameters=[@p25='?' (DbType = Guid), @p0='?' (DbType = Int32), @p1='?' (Size = 500), @p2='?' (Size = 4000), @p26='?' (Size = 4000), @p3='?' (DbType = DateTime), @p4='?' (Size = 256), @p5='?' (DbType = Boolean), @p6='?' (Size = 100), @p7='?' (DbType = Boolean), @p8='?' (DbType = DateTime), @p9='?' (Size = 100), @p10='?' (DbType = Boolean), @p11='?' (DbType = DateTimeOffset), @p12='?' (Size = 256), @p13='?' (Size = 256), @p14='?' (Size = 4000), @p15='?' (Size = 4000), @p16='?' (DbType = DateTime), @p17='?' (Size = 4000), @p18='?' (DbType = Boolean), @p19='?' (Size = 10), @p20='?' (Size = 4000), @p21='?' (DbType = DateTime), @p22='?' (Size = 4000), @p23='?' (DbType = Boolean), @p24='?' (Size = 256)], CommandType='"Text"', CommandTimeout='30']
SET AUTOCOMMIT = 1;
UPDATE `Users` SET `AccessFailedCount` = @p0, `AvatarUrl` = @p1, `ConcurrencyStamp` = @p2, `CreatedAt` = @p3, `Email` = @p4, `EmailConfirmed` = @p5, `FirstName` = @p6, `IsActive` = @p7, `LastLoginAt` = @p8, `LastName` = @p9, `LockoutEnabled` = @p10, `LockoutEnd` = @p11, `NormalizedEmail` = @p12, `NormalizedUserName` = @p13, `PasswordHash` = @p14, `PasswordResetToken` = @p15, `PasswordResetTokenExpiry` = @p16, `PhoneNumber` = @p17, `PhoneNumberConfirmed` = @p18, `PreferredLanguage` = @p19, `RefreshToken` = @p20, `RefreshTokenExpiry` = @p21, `SecurityStamp` = @p22, `TwoFactorEnabled` = @p23, `UserName` = @p24
WHERE `Id` = @p25 AND `ConcurrencyStamp` = @p26;
SELECT ROW_COUNT();
2026-05-26 03:05:34.334 +01:00 [INF] HTTP POST /api/auth/logout responded 204 in 109.5600 ms
2026-05-26 03:05:41.341 +01:00 [INF] HTTP OPTIONS /api/auth/forgot-password responded 204 in 0.0734 ms
2026-05-26 03:05:41.360 +01:00 [INF] Executed DbCommand (1ms) [Parameters=[@__normalizedEmail_0='?' (Size = 256)], CommandType='"Text"', CommandTimeout='30']
SELECT `u`.`Id`, `u`.`AccessFailedCount`, `u`.`AvatarUrl`, `u`.`ConcurrencyStamp`, `u`.`CreatedAt`, `u`.`Email`, `u`.`EmailConfirmed`, `u`.`FirstName`, `u`.`IsActive`, `u`.`LastLoginAt`, `u`.`LastName`, `u`.`LockoutEnabled`, `u`.`LockoutEnd`, `u`.`NormalizedEmail`, `u`.`NormalizedUserName`, `u`.`PasswordHash`, `u`.`PasswordResetToken`, `u`.`PasswordResetTokenExpiry`, `u`.`PhoneNumber`, `u`.`PhoneNumberConfirmed`, `u`.`PreferredLanguage`, `u`.`RefreshToken`, `u`.`RefreshTokenExpiry`, `u`.`SecurityStamp`, `u`.`TwoFactorEnabled`, `u`.`UserName`
FROM `Users` AS `u`
WHERE `u`.`NormalizedEmail` = @__normalizedEmail_0
LIMIT 2
2026-05-26 03:05:41.365 +01:00 [INF] Executed DbCommand (0ms) [Parameters=[@__normalizedUserName_0='?' (Size = 256)], CommandType='"Text"', CommandTimeout='30']
SELECT `u`.`Id`, `u`.`AccessFailedCount`, `u`.`AvatarUrl`, `u`.`ConcurrencyStamp`, `u`.`CreatedAt`, `u`.`Email`, `u`.`EmailConfirmed`, `u`.`FirstName`, `u`.`IsActive`, `u`.`LastLoginAt`, `u`.`LastName`, `u`.`LockoutEnabled`, `u`.`LockoutEnd`, `u`.`NormalizedEmail`, `u`.`NormalizedUserName`, `u`.`PasswordHash`, `u`.`PasswordResetToken`, `u`.`PasswordResetTokenExpiry`, `u`.`PhoneNumber`, `u`.`PhoneNumberConfirmed`, `u`.`PreferredLanguage`, `u`.`RefreshToken`, `u`.`RefreshTokenExpiry`, `u`.`SecurityStamp`, `u`.`TwoFactorEnabled`, `u`.`UserName`
FROM `Users` AS `u`
WHERE `u`.`NormalizedUserName` = @__normalizedUserName_0
LIMIT 1
2026-05-26 03:05:41.366 +01:00 [INF] Executed DbCommand (0ms) [Parameters=[@__normalizedEmail_0='?' (Size = 256)], CommandType='"Text"', CommandTimeout='30']
SELECT `u`.`Id`, `u`.`AccessFailedCount`, `u`.`AvatarUrl`, `u`.`ConcurrencyStamp`, `u`.`CreatedAt`, `u`.`Email`, `u`.`EmailConfirmed`, `u`.`FirstName`, `u`.`IsActive`, `u`.`LastLoginAt`, `u`.`LastName`, `u`.`LockoutEnabled`, `u`.`LockoutEnd`, `u`.`NormalizedEmail`, `u`.`NormalizedUserName`, `u`.`PasswordHash`, `u`.`PasswordResetToken`, `u`.`PasswordResetTokenExpiry`, `u`.`PhoneNumber`, `u`.`PhoneNumberConfirmed`, `u`.`PreferredLanguage`, `u`.`RefreshToken`, `u`.`RefreshTokenExpiry`, `u`.`SecurityStamp`, `u`.`TwoFactorEnabled`, `u`.`UserName`
FROM `Users` AS `u`
WHERE `u`.`NormalizedEmail` = @__normalizedEmail_0
LIMIT 2
2026-05-26 03:05:41.477 +01:00 [INF] Executed DbCommand (110ms) [Parameters=[@p25='?' (DbType = Guid), @p0='?' (DbType = Int32), @p1='?' (Size = 500), @p2='?' (Size = 4000), @p26='?' (Size = 4000), @p3='?' (DbType = DateTime), @p4='?' (Size = 256), @p5='?' (DbType = Boolean), @p6='?' (Size = 100), @p7='?' (DbType = Boolean), @p8='?' (DbType = DateTime), @p9='?' (Size = 100), @p10='?' (DbType = Boolean), @p11='?' (DbType = DateTimeOffset), @p12='?' (Size = 256), @p13='?' (Size = 256), @p14='?' (Size = 4000), @p15='?' (Size = 4000), @p16='?' (DbType = DateTime), @p17='?' (Size = 4000), @p18='?' (DbType = Boolean), @p19='?' (Size = 10), @p20='?' (Size = 4000), @p21='?' (DbType = DateTime), @p22='?' (Size = 4000), @p23='?' (DbType = Boolean), @p24='?' (Size = 256)], CommandType='"Text"', CommandTimeout='30']
SET AUTOCOMMIT = 1;
UPDATE `Users` SET `AccessFailedCount` = @p0, `AvatarUrl` = @p1, `ConcurrencyStamp` = @p2, `CreatedAt` = @p3, `Email` = @p4, `EmailConfirmed` = @p5, `FirstName` = @p6, `IsActive` = @p7, `LastLoginAt` = @p8, `LastName` = @p9, `LockoutEnabled` = @p10, `LockoutEnd` = @p11, `NormalizedEmail` = @p12, `NormalizedUserName` = @p13, `PasswordHash` = @p14, `PasswordResetToken` = @p15, `PasswordResetTokenExpiry` = @p16, `PhoneNumber` = @p17, `PhoneNumberConfirmed` = @p18, `PreferredLanguage` = @p19, `RefreshToken` = @p20, `RefreshTokenExpiry` = @p21, `SecurityStamp` = @p22, `TwoFactorEnabled` = @p23, `UserName` = @p24
WHERE `Id` = @p25 AND `ConcurrencyStamp` = @p26;
SELECT ROW_COUNT();
2026-05-26 03:05:46.127 +01:00 [ERR] Failed to send email to andrelaercioandre@gmail.com
MailKit.Security.AuthenticationException: 535: 5.7.8 Username and Password not accepted. For more information, go to
5.7.8  https://support.google.com/mail/?p=BadCredentials 5b1f17b1804b1-490428d44f6sm133521905e9.8 - gsmtp
 ---> MailKit.Net.Smtp.SmtpCommandException: 5.7.8 Username and Password not accepted. For more information, go to
5.7.8  https://support.google.com/mail/?p=BadCredentials 5b1f17b1804b1-490428d44f6sm133521905e9.8 - gsmtp
   --- End of inner exception stack trace ---
   at MailKit.Net.Smtp.SmtpClient.AuthenticateAsync(Encoding encoding, ICredentials credentials, CancellationToken cancellationToken)
   at TravelSystem.Infrastructure.Services.EmailService.SendAsync(String toEmail, String toName, String subject, String htmlBody, CancellationToken ct) in /home/andre-laercio/Documentos/travel-app/backend/src/TravelSystem.Infrastructure/Services/InfraServices.cs:line 71
2026-05-26 03:05:46.297 +01:00 [INF] HTTP POST /api/auth/forgot-password responded 200 in 4952.3650 ms
2026-05-26 03:05:57.112 +01:00 [INF] HTTP OPTIONS /api/auth/forgot-password responded 204 in 0.4180 ms
2026-05-26 03:05:57.120 +01:00 [INF] Executed DbCommand (1ms) [Parameters=[@__normalizedEmail_0='?' (Size = 256)], CommandType='"Text"', CommandTimeout='30']
SELECT `u`.`Id`, `u`.`AccessFailedCount`, `u`.`AvatarUrl`, `u`.`ConcurrencyStamp`, `u`.`CreatedAt`, `u`.`Email`, `u`.`EmailConfirmed`, `u`.`FirstName`, `u`.`IsActive`, `u`.`LastLoginAt`, `u`.`LastName`, `u`.`LockoutEnabled`, `u`.`LockoutEnd`, `u`.`NormalizedEmail`, `u`.`NormalizedUserName`, `u`.`PasswordHash`, `u`.`PasswordResetToken`, `u`.`PasswordResetTokenExpiry`, `u`.`PhoneNumber`, `u`.`PhoneNumberConfirmed`, `u`.`PreferredLanguage`, `u`.`RefreshToken`, `u`.`RefreshTokenExpiry`, `u`.`SecurityStamp`, `u`.`TwoFactorEnabled`, `u`.`UserName`
FROM `Users` AS `u`
WHERE `u`.`NormalizedEmail` = @__normalizedEmail_0
LIMIT 2
2026-05-26 03:05:57.123 +01:00 [INF] Executed DbCommand (1ms) [Parameters=[@__normalizedUserName_0='?' (Size = 256)], CommandType='"Text"', CommandTimeout='30']
SELECT `u`.`Id`, `u`.`AccessFailedCount`, `u`.`AvatarUrl`, `u`.`ConcurrencyStamp`, `u`.`CreatedAt`, `u`.`Email`, `u`.`EmailConfirmed`, `u`.`FirstName`, `u`.`IsActive`, `u`.`LastLoginAt`, `u`.`LastName`, `u`.`LockoutEnabled`, `u`.`LockoutEnd`, `u`.`NormalizedEmail`, `u`.`NormalizedUserName`, `u`.`PasswordHash`, `u`.`PasswordResetToken`, `u`.`PasswordResetTokenExpiry`, `u`.`PhoneNumber`, `u`.`PhoneNumberConfirmed`, `u`.`PreferredLanguage`, `u`.`RefreshToken`, `u`.`RefreshTokenExpiry`, `u`.`SecurityStamp`, `u`.`TwoFactorEnabled`, `u`.`UserName`
FROM `Users` AS `u`
WHERE `u`.`NormalizedUserName` = @__normalizedUserName_0
LIMIT 1
2026-05-26 03:05:57.125 +01:00 [INF] Executed DbCommand (1ms) [Parameters=[@__normalizedEmail_0='?' (Size = 256)], CommandType='"Text"', CommandTimeout='30']
SELECT `u`.`Id`, `u`.`AccessFailedCount`, `u`.`AvatarUrl`, `u`.`ConcurrencyStamp`, `u`.`CreatedAt`, `u`.`Email`, `u`.`EmailConfirmed`, `u`.`FirstName`, `u`.`IsActive`, `u`.`LastLoginAt`, `u`.`LastName`, `u`.`LockoutEnabled`, `u`.`LockoutEnd`, `u`.`NormalizedEmail`, `u`.`NormalizedUserName`, `u`.`PasswordHash`, `u`.`PasswordResetToken`, `u`.`PasswordResetTokenExpiry`, `u`.`PhoneNumber`, `u`.`PhoneNumberConfirmed`, `u`.`PreferredLanguage`, `u`.`RefreshToken`, `u`.`RefreshTokenExpiry`, `u`.`SecurityStamp`, `u`.`TwoFactorEnabled`, `u`.`UserName`
FROM `Users` AS `u`
WHERE `u`.`NormalizedEmail` = @__normalizedEmail_0
LIMIT 2
2026-05-26 03:05:57.253 +01:00 [INF] Executed DbCommand (125ms) [Parameters=[@p25='?' (DbType = Guid), @p0='?' (DbType = Int32), @p1='?' (Size = 500), @p2='?' (Size = 4000), @p26='?' (Size = 4000), @p3='?' (DbType = DateTime), @p4='?' (Size = 256), @p5='?' (DbType = Boolean), @p6='?' (Size = 100), @p7='?' (DbType = Boolean), @p8='?' (DbType = DateTime), @p9='?' (Size = 100), @p10='?' (DbType = Boolean), @p11='?' (DbType = DateTimeOffset), @p12='?' (Size = 256), @p13='?' (Size = 256), @p14='?' (Size = 4000), @p15='?' (Size = 4000), @p16='?' (DbType = DateTime), @p17='?' (Size = 4000), @p18='?' (DbType = Boolean), @p19='?' (Size = 10), @p20='?' (Size = 4000), @p21='?' (DbType = DateTime), @p22='?' (Size = 4000), @p23='?' (DbType = Boolean), @p24='?' (Size = 256)], CommandType='"Text"', CommandTimeout='30']
SET AUTOCOMMIT = 1;
UPDATE `Users` SET `AccessFailedCount` = @p0, `AvatarUrl` = @p1, `ConcurrencyStamp` = @p2, `CreatedAt` = @p3, `Email` = @p4, `EmailConfirmed` = @p5, `FirstName` = @p6, `IsActive` = @p7, `LastLoginAt` = @p8, `LastName` = @p9, `LockoutEnabled` = @p10, `LockoutEnd` = @p11, `NormalizedEmail` = @p12, `NormalizedUserName` = @p13, `PasswordHash` = @p14, `PasswordResetToken` = @p15, `PasswordResetTokenExpiry` = @p16, `PhoneNumber` = @p17, `PhoneNumberConfirmed` = @p18, `PreferredLanguage` = @p19, `RefreshToken` = @p20, `RefreshTokenExpiry` = @p21, `SecurityStamp` = @p22, `TwoFactorEnabled` = @p23, `UserName` = @p24
WHERE `Id` = @p25 AND `ConcurrencyStamp` = @p26;
SELECT ROW_COUNT();
2026-05-26 03:06:01.644 +01:00 [ERR] Failed to send email to andrelaercioandre@gmail.com
MailKit.Security.AuthenticationException: 535: 5.7.8 Username and Password not accepted. For more information, go to
5.7.8  https://support.google.com/mail/?p=BadCredentials ffacd0b85a97d-45eb6ccd211sm40049908f8f.10 - gsmtp
 ---> MailKit.Net.Smtp.SmtpCommandException: 5.7.8 Username and Password not accepted. For more information, go to
5.7.8  https://support.google.com/mail/?p=BadCredentials ffacd0b85a97d-45eb6ccd211sm40049908f8f.10 - gsmtp
   --- End of inner exception stack trace ---
   at MailKit.Net.Smtp.SmtpClient.AuthenticateAsync(Encoding encoding, ICredentials credentials, CancellationToken cancellationToken)
   at TravelSystem.Infrastructure.Services.EmailService.SendAsync(String toEmail, String toName, String subject, String htmlBody, CancellationToken ct) in /home/andre-laercio/Documentos/travel-app/backend/src/TravelSystem.Infrastructure/Services/InfraServices.cs:line 71
2026-05-26 03:06:01.646 +01:00 [INF] HTTP POST /api/auth/forgot-password responded 200 in 4530.2165 ms
2026-05-26 03:07:00.529 +01:00 [INF] HTTP OPTIONS /api/auth/login responded 204 in 0.0428 ms
2026-05-26 03:07:00.538 +01:00 [INF] Executed DbCommand (1ms) [Parameters=[@__normalizedEmail_0='?' (Size = 256)], CommandType='"Text"', CommandTimeout='30']
SELECT `u`.`Id`, `u`.`AccessFailedCount`, `u`.`AvatarUrl`, `u`.`ConcurrencyStamp`, `u`.`CreatedAt`, `u`.`Email`, `u`.`EmailConfirmed`, `u`.`FirstName`, `u`.`IsActive`, `u`.`LastLoginAt`, `u`.`LastName`, `u`.`LockoutEnabled`, `u`.`LockoutEnd`, `u`.`NormalizedEmail`, `u`.`NormalizedUserName`, `u`.`PasswordHash`, `u`.`PasswordResetToken`, `u`.`PasswordResetTokenExpiry`, `u`.`PhoneNumber`, `u`.`PhoneNumberConfirmed`, `u`.`PreferredLanguage`, `u`.`RefreshToken`, `u`.`RefreshTokenExpiry`, `u`.`SecurityStamp`, `u`.`TwoFactorEnabled`, `u`.`UserName`
FROM `Users` AS `u`
WHERE `u`.`NormalizedEmail` = @__normalizedEmail_0
LIMIT 2
2026-05-26 03:07:00.540 +01:00 [ERR] HTTP POST /api/auth/login responded 500 in 7.5056 ms
System.UnauthorizedAccessException: ACCOUNT_DEACTIVATED
   at TravelSystem.Application.Services.AuthService.LoginAsync(LoginRequest request, CancellationToken ct) in /home/andre-laercio/Documentos/travel-app/backend/src/TravelSystem.Application/Services/AuthService.cs:line 67
   at TravelSystem.API.Controllers.AuthController.Login(LoginRequest request, CancellationToken ct) in /home/andre-laercio/Documentos/travel-app/backend/src/TravelSystem.API/Controllers/AuthController.cs:line 43
   at lambda_method1611(Closure, Object)
   at Microsoft.AspNetCore.Mvc.Infrastructure.ActionMethodExecutor.AwaitableObjectResultExecutor.Execute(ActionContext actionContext, IActionResultTypeMapper mapper, ObjectMethodExecutor executor, Object controller, Object[] arguments)
   at Microsoft.AspNetCore.Mvc.Infrastructure.ControllerActionInvoker.<InvokeActionMethodAsync>g__Awaited|12_0(ControllerActionInvoker invoker, ValueTask`1 actionResultValueTask)
   at Microsoft.AspNetCore.Mvc.Infrastructure.ControllerActionInvoker.<InvokeNextActionFilterAsync>g__Awaited|10_0(ControllerActionInvoker invoker, Task lastTask, State next, Scope scope, Object state, Boolean isCompleted)
   at Microsoft.AspNetCore.Mvc.Infrastructure.ControllerActionInvoker.Rethrow(ActionExecutedContextSealed context)
   at Microsoft.AspNetCore.Mvc.Infrastructure.ControllerActionInvoker.Next(State& next, Scope& scope, Object& state, Boolean& isCompleted)
   at Microsoft.AspNetCore.Mvc.Infrastructure.ControllerActionInvoker.<InvokeInnerFilterAsync>g__Awaited|13_0(ControllerActionInvoker invoker, Task lastTask, State next, Scope scope, Object state, Boolean isCompleted)
   at Microsoft.AspNetCore.Mvc.Infrastructure.ResourceInvoker.<InvokeFilterPipelineAsync>g__Awaited|20_0(ResourceInvoker invoker, Task lastTask, State next, Scope scope, Object state, Boolean isCompleted)
   at Microsoft.AspNetCore.Mvc.Infrastructure.ResourceInvoker.<InvokeAsync>g__Awaited|17_0(ResourceInvoker invoker, Task task, IDisposable scope)
   at Microsoft.AspNetCore.Mvc.Infrastructure.ResourceInvoker.<InvokeAsync>g__Awaited|17_0(ResourceInvoker invoker, Task task, IDisposable scope)
   at Microsoft.AspNetCore.Authorization.AuthorizationMiddleware.Invoke(HttpContext context)
   at Microsoft.AspNetCore.Authentication.AuthenticationMiddleware.Invoke(HttpContext context)
   at Serilog.AspNetCore.RequestLoggingMiddleware.Invoke(HttpContext httpContext)
2026-05-26 03:07:00.653 +01:00 [ERR] Unhandled exception on POST /api/auth/login
System.UnauthorizedAccessException: ACCOUNT_DEACTIVATED
   at TravelSystem.Application.Services.AuthService.LoginAsync(LoginRequest request, CancellationToken ct) in /home/andre-laercio/Documentos/travel-app/backend/src/TravelSystem.Application/Services/AuthService.cs:line 67
   at TravelSystem.API.Controllers.AuthController.Login(LoginRequest request, CancellationToken ct) in /home/andre-laercio/Documentos/travel-app/backend/src/TravelSystem.API/Controllers/AuthController.cs:line 43
   at lambda_method1611(Closure, Object)
   at Microsoft.AspNetCore.Mvc.Infrastructure.ActionMethodExecutor.AwaitableObjectResultExecutor.Execute(ActionContext actionContext, IActionResultTypeMapper mapper, ObjectMethodExecutor executor, Object controller, Object[] arguments)
   at Microsoft.AspNetCore.Mvc.Infrastructure.ControllerActionInvoker.<InvokeActionMethodAsync>g__Awaited|12_0(ControllerActionInvoker invoker, ValueTask`1 actionResultValueTask)
   at Microsoft.AspNetCore.Mvc.Infrastructure.ControllerActionInvoker.<InvokeNextActionFilterAsync>g__Awaited|10_0(ControllerActionInvoker invoker, Task lastTask, State next, Scope scope, Object state, Boolean isCompleted)
   at Microsoft.AspNetCore.Mvc.Infrastructure.ControllerActionInvoker.Rethrow(ActionExecutedContextSealed context)
   at Microsoft.AspNetCore.Mvc.Infrastructure.ControllerActionInvoker.Next(State& next, Scope& scope, Object& state, Boolean& isCompleted)
   at Microsoft.AspNetCore.Mvc.Infrastructure.ControllerActionInvoker.<InvokeInnerFilterAsync>g__Awaited|13_0(ControllerActionInvoker invoker, Task lastTask, State next, Scope scope, Object state, Boolean isCompleted)
   at Microsoft.AspNetCore.Mvc.Infrastructure.ResourceInvoker.<InvokeFilterPipelineAsync>g__Awaited|20_0(ResourceInvoker invoker, Task lastTask, State next, Scope scope, Object state, Boolean isCompleted)
   at Microsoft.AspNetCore.Mvc.Infrastructure.ResourceInvoker.<InvokeAsync>g__Awaited|17_0(ResourceInvoker invoker, Task task, IDisposable scope)
   at Microsoft.AspNetCore.Mvc.Infrastructure.ResourceInvoker.<InvokeAsync>g__Awaited|17_0(ResourceInvoker invoker, Task task, IDisposable scope)
   at Microsoft.AspNetCore.Authorization.AuthorizationMiddleware.Invoke(HttpContext context)
   at Microsoft.AspNetCore.Authentication.AuthenticationMiddleware.Invoke(HttpContext context)
   at Serilog.AspNetCore.RequestLoggingMiddleware.Invoke(HttpContext httpContext)
   at Microsoft.AspNetCore.Localization.RequestLocalizationMiddleware.Invoke(HttpContext context)
   at TravelSystem.API.Middleware.ExceptionHandlerMiddleware.InvokeAsync(HttpContext ctx) in /home/andre-laercio/Documentos/travel-app/backend/src/TravelSystem.API/Middleware/ExceptionHandlerMiddleware.cs:line 28
2026-05-26 03:07:02.490 +01:00 [INF] Executed DbCommand (1ms) [Parameters=[@__normalizedEmail_0='?' (Size = 256)], CommandType='"Text"', CommandTimeout='30']
SELECT `u`.`Id`, `u`.`AccessFailedCount`, `u`.`AvatarUrl`, `u`.`ConcurrencyStamp`, `u`.`CreatedAt`, `u`.`Email`, `u`.`EmailConfirmed`, `u`.`FirstName`, `u`.`IsActive`, `u`.`LastLoginAt`, `u`.`LastName`, `u`.`LockoutEnabled`, `u`.`LockoutEnd`, `u`.`NormalizedEmail`, `u`.`NormalizedUserName`, `u`.`PasswordHash`, `u`.`PasswordResetToken`, `u`.`PasswordResetTokenExpiry`, `u`.`PhoneNumber`, `u`.`PhoneNumberConfirmed`, `u`.`PreferredLanguage`, `u`.`RefreshToken`, `u`.`RefreshTokenExpiry`, `u`.`SecurityStamp`, `u`.`TwoFactorEnabled`, `u`.`UserName`
FROM `Users` AS `u`
WHERE `u`.`NormalizedEmail` = @__normalizedEmail_0
LIMIT 2
2026-05-26 03:07:02.492 +01:00 [ERR] HTTP POST /api/auth/login responded 500 in 6.6816 ms
System.UnauthorizedAccessException: ACCOUNT_DEACTIVATED
   at TravelSystem.Application.Services.AuthService.LoginAsync(LoginRequest request, CancellationToken ct) in /home/andre-laercio/Documentos/travel-app/backend/src/TravelSystem.Application/Services/AuthService.cs:line 67
   at TravelSystem.API.Controllers.AuthController.Login(LoginRequest request, CancellationToken ct) in /home/andre-laercio/Documentos/travel-app/backend/src/TravelSystem.API/Controllers/AuthController.cs:line 43
   at lambda_method1611(Closure, Object)
   at Microsoft.AspNetCore.Mvc.Infrastructure.ActionMethodExecutor.AwaitableObjectResultExecutor.Execute(ActionContext actionContext, IActionResultTypeMapper mapper, ObjectMethodExecutor executor, Object controller, Object[] arguments)
   at Microsoft.AspNetCore.Mvc.Infrastructure.ControllerActionInvoker.<InvokeActionMethodAsync>g__Awaited|12_0(ControllerActionInvoker invoker, ValueTask`1 actionResultValueTask)
   at Microsoft.AspNetCore.Mvc.Infrastructure.ControllerActionInvoker.<InvokeNextActionFilterAsync>g__Awaited|10_0(ControllerActionInvoker invoker, Task lastTask, State next, Scope scope, Object state, Boolean isCompleted)
   at Microsoft.AspNetCore.Mvc.Infrastructure.ControllerActionInvoker.Rethrow(ActionExecutedContextSealed context)
   at Microsoft.AspNetCore.Mvc.Infrastructure.ControllerActionInvoker.Next(State& next, Scope& scope, Object& state, Boolean& isCompleted)
   at Microsoft.AspNetCore.Mvc.Infrastructure.ControllerActionInvoker.<InvokeInnerFilterAsync>g__Awaited|13_0(ControllerActionInvoker invoker, Task lastTask, State next, Scope scope, Object state, Boolean isCompleted)
   at Microsoft.AspNetCore.Mvc.Infrastructure.ResourceInvoker.<InvokeFilterPipelineAsync>g__Awaited|20_0(ResourceInvoker invoker, Task lastTask, State next, Scope scope, Object state, Boolean isCompleted)
   at Microsoft.AspNetCore.Mvc.Infrastructure.ResourceInvoker.<InvokeAsync>g__Awaited|17_0(ResourceInvoker invoker, Task task, IDisposable scope)
   at Microsoft.AspNetCore.Mvc.Infrastructure.ResourceInvoker.<InvokeAsync>g__Awaited|17_0(ResourceInvoker invoker, Task task, IDisposable scope)
   at Microsoft.AspNetCore.Authorization.AuthorizationMiddleware.Invoke(HttpContext context)
   at Microsoft.AspNetCore.Authentication.AuthenticationMiddleware.Invoke(HttpContext context)
   at Serilog.AspNetCore.RequestLoggingMiddleware.Invoke(HttpContext httpContext)
2026-05-26 03:07:02.494 +01:00 [ERR] Unhandled exception on POST /api/auth/login
System.UnauthorizedAccessException: ACCOUNT_DEACTIVATED
   at TravelSystem.Application.Services.AuthService.LoginAsync(LoginRequest request, CancellationToken ct) in /home/andre-laercio/Documentos/travel-app/backend/src/TravelSystem.Application/Services/AuthService.cs:line 67
   at TravelSystem.API.Controllers.AuthController.Login(LoginRequest request, CancellationToken ct) in /home/andre-laercio/Documentos/travel-app/backend/src/TravelSystem.API/Controllers/AuthController.cs:line 43
   at lambda_method1611(Closure, Object)
   at Microsoft.AspNetCore.Mvc.Infrastructure.ActionMethodExecutor.AwaitableObjectResultExecutor.Execute(ActionContext actionContext, IActionResultTypeMapper mapper, ObjectMethodExecutor executor, Object controller, Object[] arguments)
   at Microsoft.AspNetCore.Mvc.Infrastructure.ControllerActionInvoker.<InvokeActionMethodAsync>g__Awaited|12_0(ControllerActionInvoker invoker, ValueTask`1 actionResultValueTask)
   at Microsoft.AspNetCore.Mvc.Infrastructure.ControllerActionInvoker.<InvokeNextActionFilterAsync>g__Awaited|10_0(ControllerActionInvoker invoker, Task lastTask, State next, Scope scope, Object state, Boolean isCompleted)
   at Microsoft.AspNetCore.Mvc.Infrastructure.ControllerActionInvoker.Rethrow(ActionExecutedContextSealed context)
   at Microsoft.AspNetCore.Mvc.Infrastructure.ControllerActionInvoker.Next(State& next, Scope& scope, Object& state, Boolean& isCompleted)
   at Microsoft.AspNetCore.Mvc.Infrastructure.ControllerActionInvoker.<InvokeInnerFilterAsync>g__Awaited|13_0(ControllerActionInvoker invoker, Task lastTask, State next, Scope scope, Object state, Boolean isCompleted)
   at Microsoft.AspNetCore.Mvc.Infrastructure.ResourceInvoker.<InvokeFilterPipelineAsync>g__Awaited|20_0(ResourceInvoker invoker, Task lastTask, State next, Scope scope, Object state, Boolean isCompleted)
   at Microsoft.AspNetCore.Mvc.Infrastructure.ResourceInvoker.<InvokeAsync>g__Awaited|17_0(ResourceInvoker invoker, Task task, IDisposable scope)
   at Microsoft.AspNetCore.Mvc.Infrastructure.ResourceInvoker.<InvokeAsync>g__Awaited|17_0(ResourceInvoker invoker, Task task, IDisposable scope)
   at Microsoft.AspNetCore.Authorization.AuthorizationMiddleware.Invoke(HttpContext context)
   at Microsoft.AspNetCore.Authentication.AuthenticationMiddleware.Invoke(HttpContext context)
   at Serilog.AspNetCore.RequestLoggingMiddleware.Invoke(HttpContext httpContext)
   at Microsoft.AspNetCore.Localization.RequestLocalizationMiddleware.Invoke(HttpContext context)
   at TravelSystem.API.Middleware.ExceptionHandlerMiddleware.InvokeAsync(HttpContext ctx) in /home/andre-laercio/Documentos/travel-app/backend/src/TravelSystem.API/Middleware/ExceptionHandlerMiddleware.cs:line 28
2026-05-26 03:07:18.037 +01:00 [INF] HTTP OPTIONS /api/auth/login responded 204 in 0.3350 ms
2026-05-26 03:07:18.045 +01:00 [INF] Executed DbCommand (1ms) [Parameters=[@__normalizedEmail_0='?' (Size = 256)], CommandType='"Text"', CommandTimeout='30']
SELECT `u`.`Id`, `u`.`AccessFailedCount`, `u`.`AvatarUrl`, `u`.`ConcurrencyStamp`, `u`.`CreatedAt`, `u`.`Email`, `u`.`EmailConfirmed`, `u`.`FirstName`, `u`.`IsActive`, `u`.`LastLoginAt`, `u`.`LastName`, `u`.`LockoutEnabled`, `u`.`LockoutEnd`, `u`.`NormalizedEmail`, `u`.`NormalizedUserName`, `u`.`PasswordHash`, `u`.`PasswordResetToken`, `u`.`PasswordResetTokenExpiry`, `u`.`PhoneNumber`, `u`.`PhoneNumberConfirmed`, `u`.`PreferredLanguage`, `u`.`RefreshToken`, `u`.`RefreshTokenExpiry`, `u`.`SecurityStamp`, `u`.`TwoFactorEnabled`, `u`.`UserName`
FROM `Users` AS `u`
WHERE `u`.`NormalizedEmail` = @__normalizedEmail_0
LIMIT 2
2026-05-26 03:07:18.046 +01:00 [ERR] HTTP POST /api/auth/login responded 500 in 5.0291 ms
System.UnauthorizedAccessException: ACCOUNT_DEACTIVATED
   at TravelSystem.Application.Services.AuthService.LoginAsync(LoginRequest request, CancellationToken ct) in /home/andre-laercio/Documentos/travel-app/backend/src/TravelSystem.Application/Services/AuthService.cs:line 67
   at TravelSystem.API.Controllers.AuthController.Login(LoginRequest request, CancellationToken ct) in /home/andre-laercio/Documentos/travel-app/backend/src/TravelSystem.API/Controllers/AuthController.cs:line 43
   at lambda_method1611(Closure, Object)
   at Microsoft.AspNetCore.Mvc.Infrastructure.ActionMethodExecutor.AwaitableObjectResultExecutor.Execute(ActionContext actionContext, IActionResultTypeMapper mapper, ObjectMethodExecutor executor, Object controller, Object[] arguments)
   at Microsoft.AspNetCore.Mvc.Infrastructure.ControllerActionInvoker.<InvokeActionMethodAsync>g__Awaited|12_0(ControllerActionInvoker invoker, ValueTask`1 actionResultValueTask)
   at Microsoft.AspNetCore.Mvc.Infrastructure.ControllerActionInvoker.<InvokeNextActionFilterAsync>g__Awaited|10_0(ControllerActionInvoker invoker, Task lastTask, State next, Scope scope, Object state, Boolean isCompleted)
   at Microsoft.AspNetCore.Mvc.Infrastructure.ControllerActionInvoker.Rethrow(ActionExecutedContextSealed context)
   at Microsoft.AspNetCore.Mvc.Infrastructure.ControllerActionInvoker.Next(State& next, Scope& scope, Object& state, Boolean& isCompleted)
   at Microsoft.AspNetCore.Mvc.Infrastructure.ControllerActionInvoker.<InvokeInnerFilterAsync>g__Awaited|13_0(ControllerActionInvoker invoker, Task lastTask, State next, Scope scope, Object state, Boolean isCompleted)
   at Microsoft.AspNetCore.Mvc.Infrastructure.ResourceInvoker.<InvokeFilterPipelineAsync>g__Awaited|20_0(ResourceInvoker invoker, Task lastTask, State next, Scope scope, Object state, Boolean isCompleted)
   at Microsoft.AspNetCore.Mvc.Infrastructure.ResourceInvoker.<InvokeAsync>g__Awaited|17_0(ResourceInvoker invoker, Task task, IDisposable scope)
   at Microsoft.AspNetCore.Mvc.Infrastructure.ResourceInvoker.<InvokeAsync>g__Awaited|17_0(ResourceInvoker invoker, Task task, IDisposable scope)
   at Microsoft.AspNetCore.Authorization.AuthorizationMiddleware.Invoke(HttpContext context)
   at Microsoft.AspNetCore.Authentication.AuthenticationMiddleware.Invoke(HttpContext context)
   at Serilog.AspNetCore.RequestLoggingMiddleware.Invoke(HttpContext httpContext)
2026-05-26 03:07:18.048 +01:00 [ERR] Unhandled exception on POST /api/auth/login
System.UnauthorizedAccessException: ACCOUNT_DEACTIVATED
   at TravelSystem.Application.Services.AuthService.LoginAsync(LoginRequest request, CancellationToken ct) in /home/andre-laercio/Documentos/travel-app/backend/src/TravelSystem.Application/Services/AuthService.cs:line 67
   at TravelSystem.API.Controllers.AuthController.Login(LoginRequest request, CancellationToken ct) in /home/andre-laercio/Documentos/travel-app/backend/src/TravelSystem.API/Controllers/AuthController.cs:line 43
   at lambda_method1611(Closure, Object)
   at Microsoft.AspNetCore.Mvc.Infrastructure.ActionMethodExecutor.AwaitableObjectResultExecutor.Execute(ActionContext actionContext, IActionResultTypeMapper mapper, ObjectMethodExecutor executor, Object controller, Object[] arguments)
   at Microsoft.AspNetCore.Mvc.Infrastructure.ControllerActionInvoker.<InvokeActionMethodAsync>g__Awaited|12_0(ControllerActionInvoker invoker, ValueTask`1 actionResultValueTask)
   at Microsoft.AspNetCore.Mvc.Infrastructure.ControllerActionInvoker.<InvokeNextActionFilterAsync>g__Awaited|10_0(ControllerActionInvoker invoker, Task lastTask, State next, Scope scope, Object state, Boolean isCompleted)
   at Microsoft.AspNetCore.Mvc.Infrastructure.ControllerActionInvoker.Rethrow(ActionExecutedContextSealed context)
   at Microsoft.AspNetCore.Mvc.Infrastructure.ControllerActionInvoker.Next(State& next, Scope& scope, Object& state, Boolean& isCompleted)
   at Microsoft.AspNetCore.Mvc.Infrastructure.ControllerActionInvoker.<InvokeInnerFilterAsync>g__Awaited|13_0(ControllerActionInvoker invoker, Task lastTask, State next, Scope scope, Object state, Boolean isCompleted)
   at Microsoft.AspNetCore.Mvc.Infrastructure.ResourceInvoker.<InvokeFilterPipelineAsync>g__Awaited|20_0(ResourceInvoker invoker, Task lastTask, State next, Scope scope, Object state, Boolean isCompleted)
   at Microsoft.AspNetCore.Mvc.Infrastructure.ResourceInvoker.<InvokeAsync>g__Awaited|17_0(ResourceInvoker invoker, Task task, IDisposable scope)
   at Microsoft.AspNetCore.Mvc.Infrastructure.ResourceInvoker.<InvokeAsync>g__Awaited|17_0(ResourceInvoker invoker, Task task, IDisposable scope)
   at Microsoft.AspNetCore.Authorization.AuthorizationMiddleware.Invoke(HttpContext context)
   at Microsoft.AspNetCore.Authentication.AuthenticationMiddleware.Invoke(HttpContext context)
   at Serilog.AspNetCore.RequestLoggingMiddleware.Invoke(HttpContext httpContext)
   at Microsoft.AspNetCore.Localization.RequestLocalizationMiddleware.Invoke(HttpContext context)
   at TravelSystem.API.Middleware.ExceptionHandlerMiddleware.InvokeAsync(HttpContext ctx) in /home/andre-laercio/Documentos/travel-app/backend/src/TravelSystem.API/Middleware/ExceptionHandlerMiddleware.cs:line 28
2026-05-26 03:07:31.437 +01:00 [INF] HTTP OPTIONS /api/auth/login responded 204 in 0.0583 ms
2026-05-26 03:07:31.446 +01:00 [INF] Executed DbCommand (1ms) [Parameters=[@__normalizedEmail_0='?' (Size = 256)], CommandType='"Text"', CommandTimeout='30']
SELECT `u`.`Id`, `u`.`AccessFailedCount`, `u`.`AvatarUrl`, `u`.`ConcurrencyStamp`, `u`.`CreatedAt`, `u`.`Email`, `u`.`EmailConfirmed`, `u`.`FirstName`, `u`.`IsActive`, `u`.`LastLoginAt`, `u`.`LastName`, `u`.`LockoutEnabled`, `u`.`LockoutEnd`, `u`.`NormalizedEmail`, `u`.`NormalizedUserName`, `u`.`PasswordHash`, `u`.`PasswordResetToken`, `u`.`PasswordResetTokenExpiry`, `u`.`PhoneNumber`, `u`.`PhoneNumberConfirmed`, `u`.`PreferredLanguage`, `u`.`RefreshToken`, `u`.`RefreshTokenExpiry`, `u`.`SecurityStamp`, `u`.`TwoFactorEnabled`, `u`.`UserName`
FROM `Users` AS `u`
WHERE `u`.`NormalizedEmail` = @__normalizedEmail_0
LIMIT 2
2026-05-26 03:07:31.448 +01:00 [ERR] HTTP POST /api/auth/login responded 500 in 6.9185 ms
System.UnauthorizedAccessException: ACCOUNT_DEACTIVATED
   at TravelSystem.Application.Services.AuthService.LoginAsync(LoginRequest request, CancellationToken ct) in /home/andre-laercio/Documentos/travel-app/backend/src/TravelSystem.Application/Services/AuthService.cs:line 67
   at TravelSystem.API.Controllers.AuthController.Login(LoginRequest request, CancellationToken ct) in /home/andre-laercio/Documentos/travel-app/backend/src/TravelSystem.API/Controllers/AuthController.cs:line 43
   at lambda_method1611(Closure, Object)
   at Microsoft.AspNetCore.Mvc.Infrastructure.ActionMethodExecutor.AwaitableObjectResultExecutor.Execute(ActionContext actionContext, IActionResultTypeMapper mapper, ObjectMethodExecutor executor, Object controller, Object[] arguments)
   at Microsoft.AspNetCore.Mvc.Infrastructure.ControllerActionInvoker.<InvokeActionMethodAsync>g__Awaited|12_0(ControllerActionInvoker invoker, ValueTask`1 actionResultValueTask)
   at Microsoft.AspNetCore.Mvc.Infrastructure.ControllerActionInvoker.<InvokeNextActionFilterAsync>g__Awaited|10_0(ControllerActionInvoker invoker, Task lastTask, State next, Scope scope, Object state, Boolean isCompleted)
   at Microsoft.AspNetCore.Mvc.Infrastructure.ControllerActionInvoker.Rethrow(ActionExecutedContextSealed context)
   at Microsoft.AspNetCore.Mvc.Infrastructure.ControllerActionInvoker.Next(State& next, Scope& scope, Object& state, Boolean& isCompleted)
   at Microsoft.AspNetCore.Mvc.Infrastructure.ControllerActionInvoker.<InvokeInnerFilterAsync>g__Awaited|13_0(ControllerActionInvoker invoker, Task lastTask, State next, Scope scope, Object state, Boolean isCompleted)
   at Microsoft.AspNetCore.Mvc.Infrastructure.ResourceInvoker.<InvokeFilterPipelineAsync>g__Awaited|20_0(ResourceInvoker invoker, Task lastTask, State next, Scope scope, Object state, Boolean isCompleted)
   at Microsoft.AspNetCore.Mvc.Infrastructure.ResourceInvoker.<InvokeAsync>g__Awaited|17_0(ResourceInvoker invoker, Task task, IDisposable scope)
   at Microsoft.AspNetCore.Mvc.Infrastructure.ResourceInvoker.<InvokeAsync>g__Awaited|17_0(ResourceInvoker invoker, Task task, IDisposable scope)
   at Microsoft.AspNetCore.Authorization.AuthorizationMiddleware.Invoke(HttpContext context)
   at Microsoft.AspNetCore.Authentication.AuthenticationMiddleware.Invoke(HttpContext context)
   at Serilog.AspNetCore.RequestLoggingMiddleware.Invoke(HttpContext httpContext)
2026-05-26 03:07:31.452 +01:00 [ERR] Unhandled exception on POST /api/auth/login
System.UnauthorizedAccessException: ACCOUNT_DEACTIVATED
   at TravelSystem.Application.Services.AuthService.LoginAsync(LoginRequest request, CancellationToken ct) in /home/andre-laercio/Documentos/travel-app/backend/src/TravelSystem.Application/Services/AuthService.cs:line 67
   at TravelSystem.API.Controllers.AuthController.Login(LoginRequest request, CancellationToken ct) in /home/andre-laercio/Documentos/travel-app/backend/src/TravelSystem.API/Controllers/AuthController.cs:line 43
   at lambda_method1611(Closure, Object)
   at Microsoft.AspNetCore.Mvc.Infrastructure.ActionMethodExecutor.AwaitableObjectResultExecutor.Execute(ActionContext actionContext, IActionResultTypeMapper mapper, ObjectMethodExecutor executor, Object controller, Object[] arguments)
   at Microsoft.AspNetCore.Mvc.Infrastructure.ControllerActionInvoker.<InvokeActionMethodAsync>g__Awaited|12_0(ControllerActionInvoker invoker, ValueTask`1 actionResultValueTask)
   at Microsoft.AspNetCore.Mvc.Infrastructure.ControllerActionInvoker.<InvokeNextActionFilterAsync>g__Awaited|10_0(ControllerActionInvoker invoker, Task lastTask, State next, Scope scope, Object state, Boolean isCompleted)
   at Microsoft.AspNetCore.Mvc.Infrastructure.ControllerActionInvoker.Rethrow(ActionExecutedContextSealed context)
   at Microsoft.AspNetCore.Mvc.Infrastructure.ControllerActionInvoker.Next(State& next, Scope& scope, Object& state, Boolean& isCompleted)
   at Microsoft.AspNetCore.Mvc.Infrastructure.ControllerActionInvoker.<InvokeInnerFilterAsync>g__Awaited|13_0(ControllerActionInvoker invoker, Task lastTask, State next, Scope scope, Object state, Boolean isCompleted)
   at Microsoft.AspNetCore.Mvc.Infrastructure.ResourceInvoker.<InvokeFilterPipelineAsync>g__Awaited|20_0(ResourceInvoker invoker, Task lastTask, State next, Scope scope, Object state, Boolean isCompleted)
   at Microsoft.AspNetCore.Mvc.Infrastructure.ResourceInvoker.<InvokeAsync>g__Awaited|17_0(ResourceInvoker invoker, Task task, IDisposable scope)
   at Microsoft.AspNetCore.Mvc.Infrastructure.ResourceInvoker.<InvokeAsync>g__Awaited|17_0(ResourceInvoker invoker, Task task, IDisposable scope)
   at Microsoft.AspNetCore.Authorization.AuthorizationMiddleware.Invoke(HttpContext context)
   at Microsoft.AspNetCore.Authentication.AuthenticationMiddleware.Invoke(HttpContext context)
   at Serilog.AspNetCore.RequestLoggingMiddleware.Invoke(HttpContext httpContext)
   at Microsoft.AspNetCore.Localization.RequestLocalizationMiddleware.Invoke(HttpContext context)
   at TravelSystem.API.Middleware.ExceptionHandlerMiddleware.InvokeAsync(HttpContext ctx) in /home/andre-laercio/Documentos/travel-app/backend/src/TravelSystem.API/Middleware/ExceptionHandlerMiddleware.cs:line 28
2026-05-26 03:07:32.103 +01:00 [INF] Executed DbCommand (1ms) [Parameters=[@__normalizedEmail_0='?' (Size = 256)], CommandType='"Text"', CommandTimeout='30']
SELECT `u`.`Id`, `u`.`AccessFailedCount`, `u`.`AvatarUrl`, `u`.`ConcurrencyStamp`, `u`.`CreatedAt`, `u`.`Email`, `u`.`EmailConfirmed`, `u`.`FirstName`, `u`.`IsActive`, `u`.`LastLoginAt`, `u`.`LastName`, `u`.`LockoutEnabled`, `u`.`LockoutEnd`, `u`.`NormalizedEmail`, `u`.`NormalizedUserName`, `u`.`PasswordHash`, `u`.`PasswordResetToken`, `u`.`PasswordResetTokenExpiry`, `u`.`PhoneNumber`, `u`.`PhoneNumberConfirmed`, `u`.`PreferredLanguage`, `u`.`RefreshToken`, `u`.`RefreshTokenExpiry`, `u`.`SecurityStamp`, `u`.`TwoFactorEnabled`, `u`.`UserName`
FROM `Users` AS `u`
WHERE `u`.`NormalizedEmail` = @__normalizedEmail_0
LIMIT 2
2026-05-26 03:07:32.105 +01:00 [ERR] HTTP POST /api/auth/login responded 500 in 7.7230 ms
System.UnauthorizedAccessException: ACCOUNT_DEACTIVATED
   at TravelSystem.Application.Services.AuthService.LoginAsync(LoginRequest request, CancellationToken ct) in /home/andre-laercio/Documentos/travel-app/backend/src/TravelSystem.Application/Services/AuthService.cs:line 67
   at TravelSystem.API.Controllers.AuthController.Login(LoginRequest request, CancellationToken ct) in /home/andre-laercio/Documentos/travel-app/backend/src/TravelSystem.API/Controllers/AuthController.cs:line 43
   at lambda_method1611(Closure, Object)
   at Microsoft.AspNetCore.Mvc.Infrastructure.ActionMethodExecutor.AwaitableObjectResultExecutor.Execute(ActionContext actionContext, IActionResultTypeMapper mapper, ObjectMethodExecutor executor, Object controller, Object[] arguments)
   at Microsoft.AspNetCore.Mvc.Infrastructure.ControllerActionInvoker.<InvokeActionMethodAsync>g__Awaited|12_0(ControllerActionInvoker invoker, ValueTask`1 actionResultValueTask)
   at Microsoft.AspNetCore.Mvc.Infrastructure.ControllerActionInvoker.<InvokeNextActionFilterAsync>g__Awaited|10_0(ControllerActionInvoker invoker, Task lastTask, State next, Scope scope, Object state, Boolean isCompleted)
   at Microsoft.AspNetCore.Mvc.Infrastructure.ControllerActionInvoker.Rethrow(ActionExecutedContextSealed context)
   at Microsoft.AspNetCore.Mvc.Infrastructure.ControllerActionInvoker.Next(State& next, Scope& scope, Object& state, Boolean& isCompleted)
   at Microsoft.AspNetCore.Mvc.Infrastructure.ControllerActionInvoker.<InvokeInnerFilterAsync>g__Awaited|13_0(ControllerActionInvoker invoker, Task lastTask, State next, Scope scope, Object state, Boolean isCompleted)
   at Microsoft.AspNetCore.Mvc.Infrastructure.ResourceInvoker.<InvokeFilterPipelineAsync>g__Awaited|20_0(ResourceInvoker invoker, Task lastTask, State next, Scope scope, Object state, Boolean isCompleted)
   at Microsoft.AspNetCore.Mvc.Infrastructure.ResourceInvoker.<InvokeAsync>g__Awaited|17_0(ResourceInvoker invoker, Task task, IDisposable scope)
   at Microsoft.AspNetCore.Mvc.Infrastructure.ResourceInvoker.<InvokeAsync>g__Awaited|17_0(ResourceInvoker invoker, Task task, IDisposable scope)
   at Microsoft.AspNetCore.Authorization.AuthorizationMiddleware.Invoke(HttpContext context)
   at Microsoft.AspNetCore.Authentication.AuthenticationMiddleware.Invoke(HttpContext context)
   at Serilog.AspNetCore.RequestLoggingMiddleware.Invoke(HttpContext httpContext)
2026-05-26 03:07:32.109 +01:00 [ERR] Unhandled exception on POST /api/auth/login
System.UnauthorizedAccessException: ACCOUNT_DEACTIVATED
   at TravelSystem.Application.Services.AuthService.LoginAsync(LoginRequest request, CancellationToken ct) in /home/andre-laercio/Documentos/travel-app/backend/src/TravelSystem.Application/Services/AuthService.cs:line 67
   at TravelSystem.API.Controllers.AuthController.Login(LoginRequest request, CancellationToken ct) in /home/andre-laercio/Documentos/travel-app/backend/src/TravelSystem.API/Controllers/AuthController.cs:line 43
   at lambda_method1611(Closure, Object)
   at Microsoft.AspNetCore.Mvc.Infrastructure.ActionMethodExecutor.AwaitableObjectResultExecutor.Execute(ActionContext actionContext, IActionResultTypeMapper mapper, ObjectMethodExecutor executor, Object controller, Object[] arguments)
   at Microsoft.AspNetCore.Mvc.Infrastructure.ControllerActionInvoker.<InvokeActionMethodAsync>g__Awaited|12_0(ControllerActionInvoker invoker, ValueTask`1 actionResultValueTask)
   at Microsoft.AspNetCore.Mvc.Infrastructure.ControllerActionInvoker.<InvokeNextActionFilterAsync>g__Awaited|10_0(ControllerActionInvoker invoker, Task lastTask, State next, Scope scope, Object state, Boolean isCompleted)
   at Microsoft.AspNetCore.Mvc.Infrastructure.ControllerActionInvoker.Rethrow(ActionExecutedContextSealed context)
   at Microsoft.AspNetCore.Mvc.Infrastructure.ControllerActionInvoker.Next(State& next, Scope& scope, Object& state, Boolean& isCompleted)
   at Microsoft.AspNetCore.Mvc.Infrastructure.ControllerActionInvoker.<InvokeInnerFilterAsync>g__Awaited|13_0(ControllerActionInvoker invoker, Task lastTask, State next, Scope scope, Object state, Boolean isCompleted)
   at Microsoft.AspNetCore.Mvc.Infrastructure.ResourceInvoker.<InvokeFilterPipelineAsync>g__Awaited|20_0(ResourceInvoker invoker, Task lastTask, State next, Scope scope, Object state, Boolean isCompleted)
   at Microsoft.AspNetCore.Mvc.Infrastructure.ResourceInvoker.<InvokeAsync>g__Awaited|17_0(ResourceInvoker invoker, Task task, IDisposable scope)
   at Microsoft.AspNetCore.Mvc.Infrastructure.ResourceInvoker.<InvokeAsync>g__Awaited|17_0(ResourceInvoker invoker, Task task, IDisposable scope)
   at Microsoft.AspNetCore.Authorization.AuthorizationMiddleware.Invoke(HttpContext context)
   at Microsoft.AspNetCore.Authentication.AuthenticationMiddleware.Invoke(HttpContext context)
   at Serilog.AspNetCore.RequestLoggingMiddleware.Invoke(HttpContext httpContext)
   at Microsoft.AspNetCore.Localization.RequestLocalizationMiddleware.Invoke(HttpContext context)
   at TravelSystem.API.Middleware.ExceptionHandlerMiddleware.InvokeAsync(HttpContext ctx) in /home/andre-laercio/Documentos/travel-app/backend/src/TravelSystem.API/Middleware/ExceptionHandlerMiddleware.cs:line 28
2026-05-26 03:07:32.416 +01:00 [INF] Executed DbCommand (1ms) [Parameters=[@__normalizedEmail_0='?' (Size = 256)], CommandType='"Text"', CommandTimeout='30']
SELECT `u`.`Id`, `u`.`AccessFailedCount`, `u`.`AvatarUrl`, `u`.`ConcurrencyStamp`, `u`.`CreatedAt`, `u`.`Email`, `u`.`EmailConfirmed`, `u`.`FirstName`, `u`.`IsActive`, `u`.`LastLoginAt`, `u`.`LastName`, `u`.`LockoutEnabled`, `u`.`LockoutEnd`, `u`.`NormalizedEmail`, `u`.`NormalizedUserName`, `u`.`PasswordHash`, `u`.`PasswordResetToken`, `u`.`PasswordResetTokenExpiry`, `u`.`PhoneNumber`, `u`.`PhoneNumberConfirmed`, `u`.`PreferredLanguage`, `u`.`RefreshToken`, `u`.`RefreshTokenExpiry`, `u`.`SecurityStamp`, `u`.`TwoFactorEnabled`, `u`.`UserName`
FROM `Users` AS `u`
WHERE `u`.`NormalizedEmail` = @__normalizedEmail_0
LIMIT 2
2026-05-26 03:07:32.418 +01:00 [ERR] HTTP POST /api/auth/login responded 500 in 7.4498 ms
System.UnauthorizedAccessException: ACCOUNT_DEACTIVATED
   at TravelSystem.Application.Services.AuthService.LoginAsync(LoginRequest request, CancellationToken ct) in /home/andre-laercio/Documentos/travel-app/backend/src/TravelSystem.Application/Services/AuthService.cs:line 67
   at TravelSystem.API.Controllers.AuthController.Login(LoginRequest request, CancellationToken ct) in /home/andre-laercio/Documentos/travel-app/backend/src/TravelSystem.API/Controllers/AuthController.cs:line 43
   at lambda_method1611(Closure, Object)
   at Microsoft.AspNetCore.Mvc.Infrastructure.ActionMethodExecutor.AwaitableObjectResultExecutor.Execute(ActionContext actionContext, IActionResultTypeMapper mapper, ObjectMethodExecutor executor, Object controller, Object[] arguments)
   at Microsoft.AspNetCore.Mvc.Infrastructure.ControllerActionInvoker.<InvokeActionMethodAsync>g__Awaited|12_0(ControllerActionInvoker invoker, ValueTask`1 actionResultValueTask)
   at Microsoft.AspNetCore.Mvc.Infrastructure.ControllerActionInvoker.<InvokeNextActionFilterAsync>g__Awaited|10_0(ControllerActionInvoker invoker, Task lastTask, State next, Scope scope, Object state, Boolean isCompleted)
   at Microsoft.AspNetCore.Mvc.Infrastructure.ControllerActionInvoker.Rethrow(ActionExecutedContextSealed context)
   at Microsoft.AspNetCore.Mvc.Infrastructure.ControllerActionInvoker.Next(State& next, Scope& scope, Object& state, Boolean& isCompleted)
   at Microsoft.AspNetCore.Mvc.Infrastructure.ControllerActionInvoker.<InvokeInnerFilterAsync>g__Awaited|13_0(ControllerActionInvoker invoker, Task lastTask, State next, Scope scope, Object state, Boolean isCompleted)
   at Microsoft.AspNetCore.Mvc.Infrastructure.ResourceInvoker.<InvokeFilterPipelineAsync>g__Awaited|20_0(ResourceInvoker invoker, Task lastTask, State next, Scope scope, Object state, Boolean isCompleted)
   at Microsoft.AspNetCore.Mvc.Infrastructure.ResourceInvoker.<InvokeAsync>g__Awaited|17_0(ResourceInvoker invoker, Task task, IDisposable scope)
   at Microsoft.AspNetCore.Mvc.Infrastructure.ResourceInvoker.<InvokeAsync>g__Awaited|17_0(ResourceInvoker invoker, Task task, IDisposable scope)
   at Microsoft.AspNetCore.Authorization.AuthorizationMiddleware.Invoke(HttpContext context)
   at Microsoft.AspNetCore.Authentication.AuthenticationMiddleware.Invoke(HttpContext context)
   at Serilog.AspNetCore.RequestLoggingMiddleware.Invoke(HttpContext httpContext)
2026-05-26 03:07:32.420 +01:00 [ERR] Unhandled exception on POST /api/auth/login
System.UnauthorizedAccessException: ACCOUNT_DEACTIVATED
   at TravelSystem.Application.Services.AuthService.LoginAsync(LoginRequest request, CancellationToken ct) in /home/andre-laercio/Documentos/travel-app/backend/src/TravelSystem.Application/Services/AuthService.cs:line 67
   at TravelSystem.API.Controllers.AuthController.Login(LoginRequest request, CancellationToken ct) in /home/andre-laercio/Documentos/travel-app/backend/src/TravelSystem.API/Controllers/AuthController.cs:line 43
   at lambda_method1611(Closure, Object)
   at Microsoft.AspNetCore.Mvc.Infrastructure.ActionMethodExecutor.AwaitableObjectResultExecutor.Execute(ActionContext actionContext, IActionResultTypeMapper mapper, ObjectMethodExecutor executor, Object controller, Object[] arguments)
   at Microsoft.AspNetCore.Mvc.Infrastructure.ControllerActionInvoker.<InvokeActionMethodAsync>g__Awaited|12_0(ControllerActionInvoker invoker, ValueTask`1 actionResultValueTask)
   at Microsoft.AspNetCore.Mvc.Infrastructure.ControllerActionInvoker.<InvokeNextActionFilterAsync>g__Awaited|10_0(ControllerActionInvoker invoker, Task lastTask, State next, Scope scope, Object state, Boolean isCompleted)
   at Microsoft.AspNetCore.Mvc.Infrastructure.ControllerActionInvoker.Rethrow(ActionExecutedContextSealed context)
   at Microsoft.AspNetCore.Mvc.Infrastructure.ControllerActionInvoker.Next(State& next, Scope& scope, Object& state, Boolean& isCompleted)
   at Microsoft.AspNetCore.Mvc.Infrastructure.ControllerActionInvoker.<InvokeInnerFilterAsync>g__Awaited|13_0(ControllerActionInvoker invoker, Task lastTask, State next, Scope scope, Object state, Boolean isCompleted)
   at Microsoft.AspNetCore.Mvc.Infrastructure.ResourceInvoker.<InvokeFilterPipelineAsync>g__Awaited|20_0(ResourceInvoker invoker, Task lastTask, State next, Scope scope, Object state, Boolean isCompleted)
   at Microsoft.AspNetCore.Mvc.Infrastructure.ResourceInvoker.<InvokeAsync>g__Awaited|17_0(ResourceInvoker invoker, Task task, IDisposable scope)
   at Microsoft.AspNetCore.Mvc.Infrastructure.ResourceInvoker.<InvokeAsync>g__Awaited|17_0(ResourceInvoker invoker, Task task, IDisposable scope)
   at Microsoft.AspNetCore.Authorization.AuthorizationMiddleware.Invoke(HttpContext context)
   at Microsoft.AspNetCore.Authentication.AuthenticationMiddleware.Invoke(HttpContext context)
   at Serilog.AspNetCore.RequestLoggingMiddleware.Invoke(HttpContext httpContext)
   at Microsoft.AspNetCore.Localization.RequestLocalizationMiddleware.Invoke(HttpContext context)
   at TravelSystem.API.Middleware.ExceptionHandlerMiddleware.InvokeAsync(HttpContext ctx) in /home/andre-laercio/Documentos/travel-app/backend/src/TravelSystem.API/Middleware/ExceptionHandlerMiddleware.cs:line 28
2026-05-26 03:07:32.590 +01:00 [INF] Executed DbCommand (1ms) [Parameters=[@__normalizedEmail_0='?' (Size = 256)], CommandType='"Text"', CommandTimeout='30']
SELECT `u`.`Id`, `u`.`AccessFailedCount`, `u`.`AvatarUrl`, `u`.`ConcurrencyStamp`, `u`.`CreatedAt`, `u`.`Email`, `u`.`EmailConfirmed`, `u`.`FirstName`, `u`.`IsActive`, `u`.`LastLoginAt`, `u`.`LastName`, `u`.`LockoutEnabled`, `u`.`LockoutEnd`, `u`.`NormalizedEmail`, `u`.`NormalizedUserName`, `u`.`PasswordHash`, `u`.`PasswordResetToken`, `u`.`PasswordResetTokenExpiry`, `u`.`PhoneNumber`, `u`.`PhoneNumberConfirmed`, `u`.`PreferredLanguage`, `u`.`RefreshToken`, `u`.`RefreshTokenExpiry`, `u`.`SecurityStamp`, `u`.`TwoFactorEnabled`, `u`.`UserName`
FROM `Users` AS `u`
WHERE `u`.`NormalizedEmail` = @__normalizedEmail_0
LIMIT 2
2026-05-26 03:07:32.593 +01:00 [ERR] HTTP POST /api/auth/login responded 500 in 7.7571 ms
System.UnauthorizedAccessException: ACCOUNT_DEACTIVATED
   at TravelSystem.Application.Services.AuthService.LoginAsync(LoginRequest request, CancellationToken ct) in /home/andre-laercio/Documentos/travel-app/backend/src/TravelSystem.Application/Services/AuthService.cs:line 67
   at TravelSystem.API.Controllers.AuthController.Login(LoginRequest request, CancellationToken ct) in /home/andre-laercio/Documentos/travel-app/backend/src/TravelSystem.API/Controllers/AuthController.cs:line 43
   at lambda_method1611(Closure, Object)
   at Microsoft.AspNetCore.Mvc.Infrastructure.ActionMethodExecutor.AwaitableObjectResultExecutor.Execute(ActionContext actionContext, IActionResultTypeMapper mapper, ObjectMethodExecutor executor, Object controller, Object[] arguments)
   at Microsoft.AspNetCore.Mvc.Infrastructure.ControllerActionInvoker.<InvokeActionMethodAsync>g__Awaited|12_0(ControllerActionInvoker invoker, ValueTask`1 actionResultValueTask)
   at Microsoft.AspNetCore.Mvc.Infrastructure.ControllerActionInvoker.<InvokeNextActionFilterAsync>g__Awaited|10_0(ControllerActionInvoker invoker, Task lastTask, State next, Scope scope, Object state, Boolean isCompleted)
   at Microsoft.AspNetCore.Mvc.Infrastructure.ControllerActionInvoker.Rethrow(ActionExecutedContextSealed context)
   at Microsoft.AspNetCore.Mvc.Infrastructure.ControllerActionInvoker.Next(State& next, Scope& scope, Object& state, Boolean& isCompleted)
   at Microsoft.AspNetCore.Mvc.Infrastructure.ControllerActionInvoker.<InvokeInnerFilterAsync>g__Awaited|13_0(ControllerActionInvoker invoker, Task lastTask, State next, Scope scope, Object state, Boolean isCompleted)
   at Microsoft.AspNetCore.Mvc.Infrastructure.ResourceInvoker.<InvokeFilterPipelineAsync>g__Awaited|20_0(ResourceInvoker invoker, Task lastTask, State next, Scope scope, Object state, Boolean isCompleted)
   at Microsoft.AspNetCore.Mvc.Infrastructure.ResourceInvoker.<InvokeAsync>g__Awaited|17_0(ResourceInvoker invoker, Task task, IDisposable scope)
   at Microsoft.AspNetCore.Mvc.Infrastructure.ResourceInvoker.<InvokeAsync>g__Awaited|17_0(ResourceInvoker invoker, Task task, IDisposable scope)
   at Microsoft.AspNetCore.Authorization.AuthorizationMiddleware.Invoke(HttpContext context)
   at Microsoft.AspNetCore.Authentication.AuthenticationMiddleware.Invoke(HttpContext context)
   at Serilog.AspNetCore.RequestLoggingMiddleware.Invoke(HttpContext httpContext)
2026-05-26 03:07:32.595 +01:00 [ERR] Unhandled exception on POST /api/auth/login
System.UnauthorizedAccessException: ACCOUNT_DEACTIVATED
   at TravelSystem.Application.Services.AuthService.LoginAsync(LoginRequest request, CancellationToken ct) in /home/andre-laercio/Documentos/travel-app/backend/src/TravelSystem.Application/Services/AuthService.cs:line 67
   at TravelSystem.API.Controllers.AuthController.Login(LoginRequest request, CancellationToken ct) in /home/andre-laercio/Documentos/travel-app/backend/src/TravelSystem.API/Controllers/AuthController.cs:line 43
   at lambda_method1611(Closure, Object)
   at Microsoft.AspNetCore.Mvc.Infrastructure.ActionMethodExecutor.AwaitableObjectResultExecutor.Execute(ActionContext actionContext, IActionResultTypeMapper mapper, ObjectMethodExecutor executor, Object controller, Object[] arguments)
   at Microsoft.AspNetCore.Mvc.Infrastructure.ControllerActionInvoker.<InvokeActionMethodAsync>g__Awaited|12_0(ControllerActionInvoker invoker, ValueTask`1 actionResultValueTask)
   at Microsoft.AspNetCore.Mvc.Infrastructure.ControllerActionInvoker.<InvokeNextActionFilterAsync>g__Awaited|10_0(ControllerActionInvoker invoker, Task lastTask, State next, Scope scope, Object state, Boolean isCompleted)
   at Microsoft.AspNetCore.Mvc.Infrastructure.ControllerActionInvoker.Rethrow(ActionExecutedContextSealed context)
   at Microsoft.AspNetCore.Mvc.Infrastructure.ControllerActionInvoker.Next(State& next, Scope& scope, Object& state, Boolean& isCompleted)
   at Microsoft.AspNetCore.Mvc.Infrastructure.ControllerActionInvoker.<InvokeInnerFilterAsync>g__Awaited|13_0(ControllerActionInvoker invoker, Task lastTask, State next, Scope scope, Object state, Boolean isCompleted)
   at Microsoft.AspNetCore.Mvc.Infrastructure.ResourceInvoker.<InvokeFilterPipelineAsync>g__Awaited|20_0(ResourceInvoker invoker, Task lastTask, State next, Scope scope, Object state, Boolean isCompleted)
   at Microsoft.AspNetCore.Mvc.Infrastructure.ResourceInvoker.<InvokeAsync>g__Awaited|17_0(ResourceInvoker invoker, Task task, IDisposable scope)
   at Microsoft.AspNetCore.Mvc.Infrastructure.ResourceInvoker.<InvokeAsync>g__Awaited|17_0(ResourceInvoker invoker, Task task, IDisposable scope)
   at Microsoft.AspNetCore.Authorization.AuthorizationMiddleware.Invoke(HttpContext context)
   at Microsoft.AspNetCore.Authentication.AuthenticationMiddleware.Invoke(HttpContext context)
   at Serilog.AspNetCore.RequestLoggingMiddleware.Invoke(HttpContext httpContext)
   at Microsoft.AspNetCore.Localization.RequestLocalizationMiddleware.Invoke(HttpContext context)
   at TravelSystem.API.Middleware.ExceptionHandlerMiddleware.InvokeAsync(HttpContext ctx) in /home/andre-laercio/Documentos/travel-app/backend/src/TravelSystem.API/Middleware/ExceptionHandlerMiddleware.cs:line 28
2026-05-26 03:10:37.306 +01:00 [INF] HTTP OPTIONS /api/auth/login responded 204 in 0.0518 ms
2026-05-26 03:10:37.314 +01:00 [INF] Executed DbCommand (1ms) [Parameters=[@__normalizedEmail_0='?' (Size = 256)], CommandType='"Text"', CommandTimeout='30']
SELECT `u`.`Id`, `u`.`AccessFailedCount`, `u`.`AvatarUrl`, `u`.`ConcurrencyStamp`, `u`.`CreatedAt`, `u`.`Email`, `u`.`EmailConfirmed`, `u`.`FirstName`, `u`.`IsActive`, `u`.`LastLoginAt`, `u`.`LastName`, `u`.`LockoutEnabled`, `u`.`LockoutEnd`, `u`.`NormalizedEmail`, `u`.`NormalizedUserName`, `u`.`PasswordHash`, `u`.`PasswordResetToken`, `u`.`PasswordResetTokenExpiry`, `u`.`PhoneNumber`, `u`.`PhoneNumberConfirmed`, `u`.`PreferredLanguage`, `u`.`RefreshToken`, `u`.`RefreshTokenExpiry`, `u`.`SecurityStamp`, `u`.`TwoFactorEnabled`, `u`.`UserName`
FROM `Users` AS `u`
WHERE `u`.`NormalizedEmail` = @__normalizedEmail_0
LIMIT 2
2026-05-26 03:10:37.315 +01:00 [ERR] HTTP POST /api/auth/login responded 500 in 5.8923 ms
System.UnauthorizedAccessException: ACCOUNT_DEACTIVATED
   at TravelSystem.Application.Services.AuthService.LoginAsync(LoginRequest request, CancellationToken ct) in /home/andre-laercio/Documentos/travel-app/backend/src/TravelSystem.Application/Services/AuthService.cs:line 67
   at TravelSystem.API.Controllers.AuthController.Login(LoginRequest request, CancellationToken ct) in /home/andre-laercio/Documentos/travel-app/backend/src/TravelSystem.API/Controllers/AuthController.cs:line 43
   at lambda_method1611(Closure, Object)
   at Microsoft.AspNetCore.Mvc.Infrastructure.ActionMethodExecutor.AwaitableObjectResultExecutor.Execute(ActionContext actionContext, IActionResultTypeMapper mapper, ObjectMethodExecutor executor, Object controller, Object[] arguments)
   at Microsoft.AspNetCore.Mvc.Infrastructure.ControllerActionInvoker.<InvokeActionMethodAsync>g__Awaited|12_0(ControllerActionInvoker invoker, ValueTask`1 actionResultValueTask)
   at Microsoft.AspNetCore.Mvc.Infrastructure.ControllerActionInvoker.<InvokeNextActionFilterAsync>g__Awaited|10_0(ControllerActionInvoker invoker, Task lastTask, State next, Scope scope, Object state, Boolean isCompleted)
   at Microsoft.AspNetCore.Mvc.Infrastructure.ControllerActionInvoker.Rethrow(ActionExecutedContextSealed context)
   at Microsoft.AspNetCore.Mvc.Infrastructure.ControllerActionInvoker.Next(State& next, Scope& scope, Object& state, Boolean& isCompleted)
   at Microsoft.AspNetCore.Mvc.Infrastructure.ControllerActionInvoker.<InvokeInnerFilterAsync>g__Awaited|13_0(ControllerActionInvoker invoker, Task lastTask, State next, Scope scope, Object state, Boolean isCompleted)
   at Microsoft.AspNetCore.Mvc.Infrastructure.ResourceInvoker.<InvokeFilterPipelineAsync>g__Awaited|20_0(ResourceInvoker invoker, Task lastTask, State next, Scope scope, Object state, Boolean isCompleted)
   at Microsoft.AspNetCore.Mvc.Infrastructure.ResourceInvoker.<InvokeAsync>g__Awaited|17_0(ResourceInvoker invoker, Task task, IDisposable scope)
   at Microsoft.AspNetCore.Mvc.Infrastructure.ResourceInvoker.<InvokeAsync>g__Awaited|17_0(ResourceInvoker invoker, Task task, IDisposable scope)
   at Microsoft.AspNetCore.Authorization.AuthorizationMiddleware.Invoke(HttpContext context)
   at Microsoft.AspNetCore.Authentication.AuthenticationMiddleware.Invoke(HttpContext context)
   at Serilog.AspNetCore.RequestLoggingMiddleware.Invoke(HttpContext httpContext)
2026-05-26 03:10:37.317 +01:00 [ERR] Unhandled exception on POST /api/auth/login
System.UnauthorizedAccessException: ACCOUNT_DEACTIVATED
   at TravelSystem.Application.Services.AuthService.LoginAsync(LoginRequest request, CancellationToken ct) in /home/andre-laercio/Documentos/travel-app/backend/src/TravelSystem.Application/Services/AuthService.cs:line 67
   at TravelSystem.API.Controllers.AuthController.Login(LoginRequest request, CancellationToken ct) in /home/andre-laercio/Documentos/travel-app/backend/src/TravelSystem.API/Controllers/AuthController.cs:line 43
   at lambda_method1611(Closure, Object)
   at Microsoft.AspNetCore.Mvc.Infrastructure.ActionMethodExecutor.AwaitableObjectResultExecutor.Execute(ActionContext actionContext, IActionResultTypeMapper mapper, ObjectMethodExecutor executor, Object controller, Object[] arguments)
   at Microsoft.AspNetCore.Mvc.Infrastructure.ControllerActionInvoker.<InvokeActionMethodAsync>g__Awaited|12_0(ControllerActionInvoker invoker, ValueTask`1 actionResultValueTask)
   at Microsoft.AspNetCore.Mvc.Infrastructure.ControllerActionInvoker.<InvokeNextActionFilterAsync>g__Awaited|10_0(ControllerActionInvoker invoker, Task lastTask, State next, Scope scope, Object state, Boolean isCompleted)
   at Microsoft.AspNetCore.Mvc.Infrastructure.ControllerActionInvoker.Rethrow(ActionExecutedContextSealed context)
   at Microsoft.AspNetCore.Mvc.Infrastructure.ControllerActionInvoker.Next(State& next, Scope& scope, Object& state, Boolean& isCompleted)
   at Microsoft.AspNetCore.Mvc.Infrastructure.ControllerActionInvoker.<InvokeInnerFilterAsync>g__Awaited|13_0(ControllerActionInvoker invoker, Task lastTask, State next, Scope scope, Object state, Boolean isCompleted)
   at Microsoft.AspNetCore.Mvc.Infrastructure.ResourceInvoker.<InvokeFilterPipelineAsync>g__Awaited|20_0(ResourceInvoker invoker, Task lastTask, State next, Scope scope, Object state, Boolean isCompleted)
   at Microsoft.AspNetCore.Mvc.Infrastructure.ResourceInvoker.<InvokeAsync>g__Awaited|17_0(ResourceInvoker invoker, Task task, IDisposable scope)
   at Microsoft.AspNetCore.Mvc.Infrastructure.ResourceInvoker.<InvokeAsync>g__Awaited|17_0(ResourceInvoker invoker, Task task, IDisposable scope)
   at Microsoft.AspNetCore.Authorization.AuthorizationMiddleware.Invoke(HttpContext context)
   at Microsoft.AspNetCore.Authentication.AuthenticationMiddleware.Invoke(HttpContext context)
   at Serilog.AspNetCore.RequestLoggingMiddleware.Invoke(HttpContext httpContext)
   at Microsoft.AspNetCore.Localization.RequestLocalizationMiddleware.Invoke(HttpContext context)
   at TravelSystem.API.Middleware.ExceptionHandlerMiddleware.InvokeAsync(HttpContext ctx) in /home/andre-laercio/Documentos/travel-app/backend/src/TravelSystem.API/Middleware/ExceptionHandlerMiddleware.cs:line 28
2026-05-26 03:10:37.967 +01:00 [INF] Executed DbCommand (1ms) [Parameters=[@__normalizedEmail_0='?' (Size = 256)], CommandType='"Text"', CommandTimeout='30']
SELECT `u`.`Id`, `u`.`AccessFailedCount`, `u`.`AvatarUrl`, `u`.`ConcurrencyStamp`, `u`.`CreatedAt`, `u`.`Email`, `u`.`EmailConfirmed`, `u`.`FirstName`, `u`.`IsActive`, `u`.`LastLoginAt`, `u`.`LastName`, `u`.`LockoutEnabled`, `u`.`LockoutEnd`, `u`.`NormalizedEmail`, `u`.`NormalizedUserName`, `u`.`PasswordHash`, `u`.`PasswordResetToken`, `u`.`PasswordResetTokenExpiry`, `u`.`PhoneNumber`, `u`.`PhoneNumberConfirmed`, `u`.`PreferredLanguage`, `u`.`RefreshToken`, `u`.`RefreshTokenExpiry`, `u`.`SecurityStamp`, `u`.`TwoFactorEnabled`, `u`.`UserName`
FROM `Users` AS `u`
WHERE `u`.`NormalizedEmail` = @__normalizedEmail_0
LIMIT 2
2026-05-26 03:10:37.969 +01:00 [ERR] HTTP POST /api/auth/login responded 500 in 5.2472 ms
System.UnauthorizedAccessException: ACCOUNT_DEACTIVATED
   at TravelSystem.Application.Services.AuthService.LoginAsync(LoginRequest request, CancellationToken ct) in /home/andre-laercio/Documentos/travel-app/backend/src/TravelSystem.Application/Services/AuthService.cs:line 67
   at TravelSystem.API.Controllers.AuthController.Login(LoginRequest request, CancellationToken ct) in /home/andre-laercio/Documentos/travel-app/backend/src/TravelSystem.API/Controllers/AuthController.cs:line 43
   at lambda_method1611(Closure, Object)
   at Microsoft.AspNetCore.Mvc.Infrastructure.ActionMethodExecutor.AwaitableObjectResultExecutor.Execute(ActionContext actionContext, IActionResultTypeMapper mapper, ObjectMethodExecutor executor, Object controller, Object[] arguments)
   at Microsoft.AspNetCore.Mvc.Infrastructure.ControllerActionInvoker.<InvokeActionMethodAsync>g__Awaited|12_0(ControllerActionInvoker invoker, ValueTask`1 actionResultValueTask)
   at Microsoft.AspNetCore.Mvc.Infrastructure.ControllerActionInvoker.<InvokeNextActionFilterAsync>g__Awaited|10_0(ControllerActionInvoker invoker, Task lastTask, State next, Scope scope, Object state, Boolean isCompleted)
   at Microsoft.AspNetCore.Mvc.Infrastructure.ControllerActionInvoker.Rethrow(ActionExecutedContextSealed context)
   at Microsoft.AspNetCore.Mvc.Infrastructure.ControllerActionInvoker.Next(State& next, Scope& scope, Object& state, Boolean& isCompleted)
   at Microsoft.AspNetCore.Mvc.Infrastructure.ControllerActionInvoker.<InvokeInnerFilterAsync>g__Awaited|13_0(ControllerActionInvoker invoker, Task lastTask, State next, Scope scope, Object state, Boolean isCompleted)
   at Microsoft.AspNetCore.Mvc.Infrastructure.ResourceInvoker.<InvokeFilterPipelineAsync>g__Awaited|20_0(ResourceInvoker invoker, Task lastTask, State next, Scope scope, Object state, Boolean isCompleted)
   at Microsoft.AspNetCore.Mvc.Infrastructure.ResourceInvoker.<InvokeAsync>g__Awaited|17_0(ResourceInvoker invoker, Task task, IDisposable scope)
   at Microsoft.AspNetCore.Mvc.Infrastructure.ResourceInvoker.<InvokeAsync>g__Awaited|17_0(ResourceInvoker invoker, Task task, IDisposable scope)
   at Microsoft.AspNetCore.Authorization.AuthorizationMiddleware.Invoke(HttpContext context)
   at Microsoft.AspNetCore.Authentication.AuthenticationMiddleware.Invoke(HttpContext context)
   at Serilog.AspNetCore.RequestLoggingMiddleware.Invoke(HttpContext httpContext)
2026-05-26 03:10:37.970 +01:00 [ERR] Unhandled exception on POST /api/auth/login
System.UnauthorizedAccessException: ACCOUNT_DEACTIVATED
   at TravelSystem.Application.Services.AuthService.LoginAsync(LoginRequest request, CancellationToken ct) in /home/andre-laercio/Documentos/travel-app/backend/src/TravelSystem.Application/Services/AuthService.cs:line 67
   at TravelSystem.API.Controllers.AuthController.Login(LoginRequest request, CancellationToken ct) in /home/andre-laercio/Documentos/travel-app/backend/src/TravelSystem.API/Controllers/AuthController.cs:line 43
   at lambda_method1611(Closure, Object)
   at Microsoft.AspNetCore.Mvc.Infrastructure.ActionMethodExecutor.AwaitableObjectResultExecutor.Execute(ActionContext actionContext, IActionResultTypeMapper mapper, ObjectMethodExecutor executor, Object controller, Object[] arguments)
   at Microsoft.AspNetCore.Mvc.Infrastructure.ControllerActionInvoker.<InvokeActionMethodAsync>g__Awaited|12_0(ControllerActionInvoker invoker, ValueTask`1 actionResultValueTask)
   at Microsoft.AspNetCore.Mvc.Infrastructure.ControllerActionInvoker.<InvokeNextActionFilterAsync>g__Awaited|10_0(ControllerActionInvoker invoker, Task lastTask, State next, Scope scope, Object state, Boolean isCompleted)
   at Microsoft.AspNetCore.Mvc.Infrastructure.ControllerActionInvoker.Rethrow(ActionExecutedContextSealed context)
   at Microsoft.AspNetCore.Mvc.Infrastructure.ControllerActionInvoker.Next(State& next, Scope& scope, Object& state, Boolean& isCompleted)
   at Microsoft.AspNetCore.Mvc.Infrastructure.ControllerActionInvoker.<InvokeInnerFilterAsync>g__Awaited|13_0(ControllerActionInvoker invoker, Task lastTask, State next, Scope scope, Object state, Boolean isCompleted)
   at Microsoft.AspNetCore.Mvc.Infrastructure.ResourceInvoker.<InvokeFilterPipelineAsync>g__Awaited|20_0(ResourceInvoker invoker, Task lastTask, State next, Scope scope, Object state, Boolean isCompleted)
   at Microsoft.AspNetCore.Mvc.Infrastructure.ResourceInvoker.<InvokeAsync>g__Awaited|17_0(ResourceInvoker invoker, Task task, IDisposable scope)
   at Microsoft.AspNetCore.Mvc.Infrastructure.ResourceInvoker.<InvokeAsync>g__Awaited|17_0(ResourceInvoker invoker, Task task, IDisposable scope)
   at Microsoft.AspNetCore.Authorization.AuthorizationMiddleware.Invoke(HttpContext context)
   at Microsoft.AspNetCore.Authentication.AuthenticationMiddleware.Invoke(HttpContext context)
   at Serilog.AspNetCore.RequestLoggingMiddleware.Invoke(HttpContext httpContext)
   at Microsoft.AspNetCore.Localization.RequestLocalizationMiddleware.Invoke(HttpContext context)
   at TravelSystem.API.Middleware.ExceptionHandlerMiddleware.InvokeAsync(HttpContext ctx) in /home/andre-laercio/Documentos/travel-app/backend/src/TravelSystem.API/Middleware/ExceptionHandlerMiddleware.cs:line 28
2026-05-26 03:11:04.118 +01:00 [INF] HTTP OPTIONS /api/auth/login responded 204 in 0.0623 ms
2026-05-26 03:11:04.126 +01:00 [INF] Executed DbCommand (2ms) [Parameters=[@__normalizedEmail_0='?' (Size = 256)], CommandType='"Text"', CommandTimeout='30']
SELECT `u`.`Id`, `u`.`AccessFailedCount`, `u`.`AvatarUrl`, `u`.`ConcurrencyStamp`, `u`.`CreatedAt`, `u`.`Email`, `u`.`EmailConfirmed`, `u`.`FirstName`, `u`.`IsActive`, `u`.`LastLoginAt`, `u`.`LastName`, `u`.`LockoutEnabled`, `u`.`LockoutEnd`, `u`.`NormalizedEmail`, `u`.`NormalizedUserName`, `u`.`PasswordHash`, `u`.`PasswordResetToken`, `u`.`PasswordResetTokenExpiry`, `u`.`PhoneNumber`, `u`.`PhoneNumberConfirmed`, `u`.`PreferredLanguage`, `u`.`RefreshToken`, `u`.`RefreshTokenExpiry`, `u`.`SecurityStamp`, `u`.`TwoFactorEnabled`, `u`.`UserName`
FROM `Users` AS `u`
WHERE `u`.`NormalizedEmail` = @__normalizedEmail_0
LIMIT 2
2026-05-26 03:11:04.222 +01:00 [INF] Executed DbCommand (0ms) [Parameters=[@__normalizedUserName_0='?' (Size = 256)], CommandType='"Text"', CommandTimeout='30']
SELECT `u`.`Id`, `u`.`AccessFailedCount`, `u`.`AvatarUrl`, `u`.`ConcurrencyStamp`, `u`.`CreatedAt`, `u`.`Email`, `u`.`EmailConfirmed`, `u`.`FirstName`, `u`.`IsActive`, `u`.`LastLoginAt`, `u`.`LastName`, `u`.`LockoutEnabled`, `u`.`LockoutEnd`, `u`.`NormalizedEmail`, `u`.`NormalizedUserName`, `u`.`PasswordHash`, `u`.`PasswordResetToken`, `u`.`PasswordResetTokenExpiry`, `u`.`PhoneNumber`, `u`.`PhoneNumberConfirmed`, `u`.`PreferredLanguage`, `u`.`RefreshToken`, `u`.`RefreshTokenExpiry`, `u`.`SecurityStamp`, `u`.`TwoFactorEnabled`, `u`.`UserName`
FROM `Users` AS `u`
WHERE `u`.`NormalizedUserName` = @__normalizedUserName_0
LIMIT 1
2026-05-26 03:11:04.224 +01:00 [INF] Executed DbCommand (1ms) [Parameters=[@__normalizedEmail_0='?' (Size = 256)], CommandType='"Text"', CommandTimeout='30']
SELECT `u`.`Id`, `u`.`AccessFailedCount`, `u`.`AvatarUrl`, `u`.`ConcurrencyStamp`, `u`.`CreatedAt`, `u`.`Email`, `u`.`EmailConfirmed`, `u`.`FirstName`, `u`.`IsActive`, `u`.`LastLoginAt`, `u`.`LastName`, `u`.`LockoutEnabled`, `u`.`LockoutEnd`, `u`.`NormalizedEmail`, `u`.`NormalizedUserName`, `u`.`PasswordHash`, `u`.`PasswordResetToken`, `u`.`PasswordResetTokenExpiry`, `u`.`PhoneNumber`, `u`.`PhoneNumberConfirmed`, `u`.`PreferredLanguage`, `u`.`RefreshToken`, `u`.`RefreshTokenExpiry`, `u`.`SecurityStamp`, `u`.`TwoFactorEnabled`, `u`.`UserName`
FROM `Users` AS `u`
WHERE `u`.`NormalizedEmail` = @__normalizedEmail_0
LIMIT 2
2026-05-26 03:11:04.331 +01:00 [INF] Executed DbCommand (106ms) [Parameters=[@p25='?' (DbType = Guid), @p0='?' (DbType = Int32), @p1='?' (Size = 500), @p2='?' (Size = 4000), @p26='?' (Size = 4000), @p3='?' (DbType = DateTime), @p4='?' (Size = 256), @p5='?' (DbType = Boolean), @p6='?' (Size = 100), @p7='?' (DbType = Boolean), @p8='?' (DbType = DateTime), @p9='?' (Size = 100), @p10='?' (DbType = Boolean), @p11='?' (DbType = DateTimeOffset), @p12='?' (Size = 256), @p13='?' (Size = 256), @p14='?' (Size = 4000), @p15='?' (Size = 4000), @p16='?' (DbType = DateTime), @p17='?' (Size = 4000), @p18='?' (DbType = Boolean), @p19='?' (Size = 10), @p20='?' (Size = 4000), @p21='?' (DbType = DateTime), @p22='?' (Size = 4000), @p23='?' (DbType = Boolean), @p24='?' (Size = 256)], CommandType='"Text"', CommandTimeout='30']
SET AUTOCOMMIT = 1;
UPDATE `Users` SET `AccessFailedCount` = @p0, `AvatarUrl` = @p1, `ConcurrencyStamp` = @p2, `CreatedAt` = @p3, `Email` = @p4, `EmailConfirmed` = @p5, `FirstName` = @p6, `IsActive` = @p7, `LastLoginAt` = @p8, `LastName` = @p9, `LockoutEnabled` = @p10, `LockoutEnd` = @p11, `NormalizedEmail` = @p12, `NormalizedUserName` = @p13, `PasswordHash` = @p14, `PasswordResetToken` = @p15, `PasswordResetTokenExpiry` = @p16, `PhoneNumber` = @p17, `PhoneNumberConfirmed` = @p18, `PreferredLanguage` = @p19, `RefreshToken` = @p20, `RefreshTokenExpiry` = @p21, `SecurityStamp` = @p22, `TwoFactorEnabled` = @p23, `UserName` = @p24
WHERE `Id` = @p25 AND `ConcurrencyStamp` = @p26;
SELECT ROW_COUNT();
2026-05-26 03:11:04.334 +01:00 [INF] Executed DbCommand (1ms) [Parameters=[@__userId_0='?' (DbType = Guid)], CommandType='"Text"', CommandTimeout='30']
SELECT `r`.`Name`
FROM `UserRoles` AS `u`
INNER JOIN `Roles` AS `r` ON `u`.`RoleId` = `r`.`Id`
WHERE `u`.`UserId` = @__userId_0
2026-05-26 03:11:04.337 +01:00 [INF] Executed DbCommand (1ms) [Parameters=[@__normalizedUserName_0='?' (Size = 256)], CommandType='"Text"', CommandTimeout='30']
SELECT `u`.`Id`, `u`.`AccessFailedCount`, `u`.`AvatarUrl`, `u`.`ConcurrencyStamp`, `u`.`CreatedAt`, `u`.`Email`, `u`.`EmailConfirmed`, `u`.`FirstName`, `u`.`IsActive`, `u`.`LastLoginAt`, `u`.`LastName`, `u`.`LockoutEnabled`, `u`.`LockoutEnd`, `u`.`NormalizedEmail`, `u`.`NormalizedUserName`, `u`.`PasswordHash`, `u`.`PasswordResetToken`, `u`.`PasswordResetTokenExpiry`, `u`.`PhoneNumber`, `u`.`PhoneNumberConfirmed`, `u`.`PreferredLanguage`, `u`.`RefreshToken`, `u`.`RefreshTokenExpiry`, `u`.`SecurityStamp`, `u`.`TwoFactorEnabled`, `u`.`UserName`
FROM `Users` AS `u`
WHERE `u`.`NormalizedUserName` = @__normalizedUserName_0
LIMIT 1
2026-05-26 03:11:04.339 +01:00 [INF] Executed DbCommand (1ms) [Parameters=[@__normalizedEmail_0='?' (Size = 256)], CommandType='"Text"', CommandTimeout='30']
SELECT `u`.`Id`, `u`.`AccessFailedCount`, `u`.`AvatarUrl`, `u`.`ConcurrencyStamp`, `u`.`CreatedAt`, `u`.`Email`, `u`.`EmailConfirmed`, `u`.`FirstName`, `u`.`IsActive`, `u`.`LastLoginAt`, `u`.`LastName`, `u`.`LockoutEnabled`, `u`.`LockoutEnd`, `u`.`NormalizedEmail`, `u`.`NormalizedUserName`, `u`.`PasswordHash`, `u`.`PasswordResetToken`, `u`.`PasswordResetTokenExpiry`, `u`.`PhoneNumber`, `u`.`PhoneNumberConfirmed`, `u`.`PreferredLanguage`, `u`.`RefreshToken`, `u`.`RefreshTokenExpiry`, `u`.`SecurityStamp`, `u`.`TwoFactorEnabled`, `u`.`UserName`
FROM `Users` AS `u`
WHERE `u`.`NormalizedEmail` = @__normalizedEmail_0
LIMIT 2
2026-05-26 03:11:04.458 +01:00 [INF] Executed DbCommand (117ms) [Parameters=[@p25='?' (DbType = Guid), @p0='?' (DbType = Int32), @p1='?' (Size = 500), @p2='?' (Size = 4000), @p26='?' (Size = 4000), @p3='?' (DbType = DateTime), @p4='?' (Size = 256), @p5='?' (DbType = Boolean), @p6='?' (Size = 100), @p7='?' (DbType = Boolean), @p8='?' (DbType = DateTime), @p9='?' (Size = 100), @p10='?' (DbType = Boolean), @p11='?' (DbType = DateTimeOffset), @p12='?' (Size = 256), @p13='?' (Size = 256), @p14='?' (Size = 4000), @p15='?' (Size = 4000), @p16='?' (DbType = DateTime), @p17='?' (Size = 4000), @p18='?' (DbType = Boolean), @p19='?' (Size = 10), @p20='?' (Size = 4000), @p21='?' (DbType = DateTime), @p22='?' (Size = 4000), @p23='?' (DbType = Boolean), @p24='?' (Size = 256)], CommandType='"Text"', CommandTimeout='30']
SET AUTOCOMMIT = 1;
UPDATE `Users` SET `AccessFailedCount` = @p0, `AvatarUrl` = @p1, `ConcurrencyStamp` = @p2, `CreatedAt` = @p3, `Email` = @p4, `EmailConfirmed` = @p5, `FirstName` = @p6, `IsActive` = @p7, `LastLoginAt` = @p8, `LastName` = @p9, `LockoutEnabled` = @p10, `LockoutEnd` = @p11, `NormalizedEmail` = @p12, `NormalizedUserName` = @p13, `PasswordHash` = @p14, `PasswordResetToken` = @p15, `PasswordResetTokenExpiry` = @p16, `PhoneNumber` = @p17, `PhoneNumberConfirmed` = @p18, `PreferredLanguage` = @p19, `RefreshToken` = @p20, `RefreshTokenExpiry` = @p21, `SecurityStamp` = @p22, `TwoFactorEnabled` = @p23, `UserName` = @p24
WHERE `Id` = @p25 AND `ConcurrencyStamp` = @p26;
SELECT ROW_COUNT();
2026-05-26 03:11:04.459 +01:00 [INF] HTTP POST /api/auth/login responded 200 in 338.3162 ms
2026-05-26 03:11:07.232 +01:00 [INF] HTTP OPTIONS /api/itineraries responded 204 in 0.0658 ms
2026-05-26 03:11:07.239 +01:00 [INF] Executed DbCommand (1ms) [Parameters=[@__userId_0='?' (DbType = Guid)], CommandType='"Text"', CommandTimeout='30']
SELECT `i`.`Id`, `i`.`Budget`, `i`.`CountryCode`, `i`.`CreatedAt`, `i`.`CurrencyCode`, `i`.`Description`, `i`.`Destination`, `i`.`EndDate`, `i`.`Latitude`, `i`.`Longitude`, `i`.`StartDate`, `i`.`Status`, `i`.`Title`, `i`.`UpdatedAt`, `i`.`UserId`, `i0`.`Id`, `i0`.`Address`, `i0`.`Category`, `i0`.`DayNumber`, `i0`.`DurationMinutes`, `i0`.`ItineraryId`, `i0`.`Latitude`, `i0`.`Longitude`, `i0`.`Name`, `i0`.`Notes`, `i0`.`OrderIndex`, `i0`.`VisitTime`
FROM `Itineraries` AS `i`
LEFT JOIN `ItineraryStops` AS `i0` ON `i`.`Id` = `i0`.`ItineraryId`
WHERE `i`.`UserId` = @__userId_0
ORDER BY `i`.`UpdatedAt` DESC, `i`.`Id`
2026-05-26 03:11:07.240 +01:00 [INF] HTTP GET /api/itineraries responded 200 in 4.4922 ms
2026-05-26 03:11:08.153 +01:00 [INF] HTTP OPTIONS /api/hotels/bookings responded 204 in 0.0368 ms
2026-05-26 03:11:08.162 +01:00 [INF] Executed DbCommand (1ms) [Parameters=[@__userId_0='?' (DbType = Guid)], CommandType='"Text"', CommandTimeout='30']
SELECT `b`.`Id`, `b`.`CheckIn`, `b`.`CheckOut`, `b`.`ConfirmationNumber`, `b`.`CreatedAt`, `b`.`CurrencyCode`, `b`.`FlightId`, `b`.`Guests`, `b`.`HotelId`, `b`.`HotelRoomId`, `b`.`Notes`, `b`.`ProviderReference`, `b`.`Status`, `b`.`TotalPrice`, `b`.`Type`, `b`.`UpdatedAt`, `b`.`UserId`, `h`.`Id`, `h`.`Address`, `h`.`Amenities`, `h`.`CachedAt`, `h`.`City`, `h`.`CountryCode`, `h`.`Description`, `h`.`ExternalId`, `h`.`GuestRating`, `h`.`ImageUrl`, `h`.`Latitude`, `h`.`Longitude`, `h`.`Name`, `h`.`Provider`, `h`.`StarRating`, `f`.`Id`, `f`.`Airline`, `f`.`ArrivalAt`, `f`.`CabinClass`, `f`.`CachedAt`, `f`.`CurrencyCode`, `f`.`DepartureAt`, `f`.`DestinationCity`, `f`.`DestinationCode`, `f`.`DurationMinutes`, `f`.`ExternalId`, `f`.`FlightNumber`, `f`.`OriginCity`, `f`.`OriginCode`, `f`.`Price`, `f`.`Provider`, `f`.`SeatsAvailable`, `f`.`Stops`
FROM `Bookings` AS `b`
LEFT JOIN `Hotels` AS `h` ON `b`.`HotelId` = `h`.`Id`
LEFT JOIN `Flights` AS `f` ON `b`.`FlightId` = `f`.`Id`
WHERE `b`.`UserId` = @__userId_0
ORDER BY `b`.`CreatedAt` DESC
2026-05-26 03:11:08.162 +01:00 [INF] HTTP GET /api/hotels/bookings responded 200 in 6.5236 ms
2026-05-26 03:11:09.100 +01:00 [INF] HTTP OPTIONS /api/flights/alerts responded 204 in 0.0394 ms
2026-05-26 03:11:09.107 +01:00 [INF] Executed DbCommand (1ms) [Parameters=[@__userId_0='?' (DbType = Guid)], CommandType='"Text"', CommandTimeout='30']
SELECT `f`.`Id`, `f`.`CreatedAt`, `f`.`CurrencyCode`, `f`.`DepartureFrom`, `f`.`DepartureTo`, `f`.`DestinationCode`, `f`.`IsActive`, `f`.`LastTriggeredAt`, `f`.`OriginCode`, `f`.`TargetPrice`, `f`.`UserId`
FROM `FlightAlerts` AS `f`
WHERE `f`.`UserId` = @__userId_0
ORDER BY `f`.`CreatedAt` DESC
2026-05-26 03:11:09.107 +01:00 [INF] HTTP GET /api/flights/alerts responded 200 in 3.6518 ms
2026-05-26 03:11:10.141 +01:00 [INF] Executed DbCommand (1ms) [Parameters=[@__userId_0='?' (DbType = Guid)], CommandType='"Text"', CommandTimeout='30']
SELECT `i`.`Id`, `i`.`Budget`, `i`.`CountryCode`, `i`.`CreatedAt`, `i`.`CurrencyCode`, `i`.`Description`, `i`.`Destination`, `i`.`EndDate`, `i`.`Latitude`, `i`.`Longitude`, `i`.`StartDate`, `i`.`Status`, `i`.`Title`, `i`.`UpdatedAt`, `i`.`UserId`, `i0`.`Id`, `i0`.`Address`, `i0`.`Category`, `i0`.`DayNumber`, `i0`.`DurationMinutes`, `i0`.`ItineraryId`, `i0`.`Latitude`, `i0`.`Longitude`, `i0`.`Name`, `i0`.`Notes`, `i0`.`OrderIndex`, `i0`.`VisitTime`
FROM `Itineraries` AS `i`
LEFT JOIN `ItineraryStops` AS `i0` ON `i`.`Id` = `i0`.`ItineraryId`
WHERE `i`.`UserId` = @__userId_0
ORDER BY `i`.`UpdatedAt` DESC, `i`.`Id`
2026-05-26 03:11:10.142 +01:00 [INF] HTTP GET /api/itineraries responded 200 in 5.5459 ms
2026-05-26 03:11:11.182 +01:00 [INF] HTTP OPTIONS /api/admin/users responded 204 in 0.0544 ms
2026-05-26 03:11:11.187 +01:00 [INF] Executed DbCommand (0ms) [Parameters=[], CommandType='"Text"', CommandTimeout='30']
SELECT `u`.`Id`, `u`.`AccessFailedCount`, `u`.`AvatarUrl`, `u`.`ConcurrencyStamp`, `u`.`CreatedAt`, `u`.`Email`, `u`.`EmailConfirmed`, `u`.`FirstName`, `u`.`IsActive`, `u`.`LastLoginAt`, `u`.`LastName`, `u`.`LockoutEnabled`, `u`.`LockoutEnd`, `u`.`NormalizedEmail`, `u`.`NormalizedUserName`, `u`.`PasswordHash`, `u`.`PasswordResetToken`, `u`.`PasswordResetTokenExpiry`, `u`.`PhoneNumber`, `u`.`PhoneNumberConfirmed`, `u`.`PreferredLanguage`, `u`.`RefreshToken`, `u`.`RefreshTokenExpiry`, `u`.`SecurityStamp`, `u`.`TwoFactorEnabled`, `u`.`UserName`
FROM `Users` AS `u`
2026-05-26 03:11:11.190 +01:00 [INF] Executed DbCommand (0ms) [Parameters=[@__userId_0='?' (DbType = Guid)], CommandType='"Text"', CommandTimeout='30']
SELECT `r`.`Name`
FROM `UserRoles` AS `u`
INNER JOIN `Roles` AS `r` ON `u`.`RoleId` = `r`.`Id`
WHERE `u`.`UserId` = @__userId_0
2026-05-26 03:11:11.193 +01:00 [INF] Executed DbCommand (2ms) [Parameters=[@__userId_0='?' (DbType = Guid)], CommandType='"Text"', CommandTimeout='30']
SELECT `r`.`Name`
FROM `UserRoles` AS `u`
INNER JOIN `Roles` AS `r` ON `u`.`RoleId` = `r`.`Id`
WHERE `u`.`UserId` = @__userId_0
2026-05-26 03:11:11.196 +01:00 [INF] Executed DbCommand (1ms) [Parameters=[@__userId_0='?' (DbType = Guid)], CommandType='"Text"', CommandTimeout='30']
SELECT `r`.`Name`
FROM `UserRoles` AS `u`
INNER JOIN `Roles` AS `r` ON `u`.`RoleId` = `r`.`Id`
WHERE `u`.`UserId` = @__userId_0
2026-05-26 03:11:11.197 +01:00 [INF] HTTP GET /api/admin/users responded 200 in 12.6877 ms
2026-05-26 03:11:29.853 +01:00 [INF] HTTP OPTIONS /api/itineraries responded 204 in 0.2841 ms
2026-05-26 03:11:29.862 +01:00 [INF] Executed DbCommand (1ms) [Parameters=[@__userId_0='?' (DbType = Guid)], CommandType='"Text"', CommandTimeout='30']
SELECT `i`.`Id`, `i`.`Budget`, `i`.`CountryCode`, `i`.`CreatedAt`, `i`.`CurrencyCode`, `i`.`Description`, `i`.`Destination`, `i`.`EndDate`, `i`.`Latitude`, `i`.`Longitude`, `i`.`StartDate`, `i`.`Status`, `i`.`Title`, `i`.`UpdatedAt`, `i`.`UserId`, `i0`.`Id`, `i0`.`Address`, `i0`.`Category`, `i0`.`DayNumber`, `i0`.`DurationMinutes`, `i0`.`ItineraryId`, `i0`.`Latitude`, `i0`.`Longitude`, `i0`.`Name`, `i0`.`Notes`, `i0`.`OrderIndex`, `i0`.`VisitTime`
FROM `Itineraries` AS `i`
LEFT JOIN `ItineraryStops` AS `i0` ON `i`.`Id` = `i0`.`ItineraryId`
WHERE `i`.`UserId` = @__userId_0
ORDER BY `i`.`UpdatedAt` DESC, `i`.`Id`
2026-05-26 03:11:29.863 +01:00 [INF] HTTP GET /api/itineraries responded 200 in 6.6382 ms
2026-05-26 03:11:32.796 +01:00 [INF] HTTP OPTIONS /api/hotels/bookings responded 204 in 0.0619 ms
2026-05-26 03:11:32.805 +01:00 [INF] Executed DbCommand (1ms) [Parameters=[@__userId_0='?' (DbType = Guid)], CommandType='"Text"', CommandTimeout='30']
SELECT `b`.`Id`, `b`.`CheckIn`, `b`.`CheckOut`, `b`.`ConfirmationNumber`, `b`.`CreatedAt`, `b`.`CurrencyCode`, `b`.`FlightId`, `b`.`Guests`, `b`.`HotelId`, `b`.`HotelRoomId`, `b`.`Notes`, `b`.`ProviderReference`, `b`.`Status`, `b`.`TotalPrice`, `b`.`Type`, `b`.`UpdatedAt`, `b`.`UserId`, `h`.`Id`, `h`.`Address`, `h`.`Amenities`, `h`.`CachedAt`, `h`.`City`, `h`.`CountryCode`, `h`.`Description`, `h`.`ExternalId`, `h`.`GuestRating`, `h`.`ImageUrl`, `h`.`Latitude`, `h`.`Longitude`, `h`.`Name`, `h`.`Provider`, `h`.`StarRating`, `f`.`Id`, `f`.`Airline`, `f`.`ArrivalAt`, `f`.`CabinClass`, `f`.`CachedAt`, `f`.`CurrencyCode`, `f`.`DepartureAt`, `f`.`DestinationCity`, `f`.`DestinationCode`, `f`.`DurationMinutes`, `f`.`ExternalId`, `f`.`FlightNumber`, `f`.`OriginCity`, `f`.`OriginCode`, `f`.`Price`, `f`.`Provider`, `f`.`SeatsAvailable`, `f`.`Stops`
FROM `Bookings` AS `b`
LEFT JOIN `Hotels` AS `h` ON `b`.`HotelId` = `h`.`Id`
LEFT JOIN `Flights` AS `f` ON `b`.`FlightId` = `f`.`Id`
WHERE `b`.`UserId` = @__userId_0
ORDER BY `b`.`CreatedAt` DESC
2026-05-26 03:11:32.808 +01:00 [INF] HTTP GET /api/hotels/bookings responded 200 in 7.1682 ms
2026-05-26 03:11:40.900 +01:00 [INF] HTTP OPTIONS /api/hotels/search responded 204 in 0.0371 ms
2026-05-26 03:11:41.160 +01:00 [INF] Executed DbCommand (204ms) [Parameters=[@__ToLower_0_rewritten='?' (Size = 200), @__guests_1='?' (DbType = Int32)], CommandType='"Text"', CommandTimeout='30']
SELECT `h`.`Id`, `h`.`Address`, `h`.`Amenities`, `h`.`CachedAt`, `h`.`City`, `h`.`CountryCode`, `h`.`Description`, `h`.`ExternalId`, `h`.`GuestRating`, `h`.`ImageUrl`, `h`.`Latitude`, `h`.`Longitude`, `h`.`Name`, `h`.`Provider`, `h`.`StarRating`, `h1`.`Id`, `h1`.`CurrencyCode`, `h1`.`Description`, `h1`.`HotelId`, `h1`.`IsAvailable`, `h1`.`MaxGuests`, `h1`.`PricePerNight`, `h1`.`RoomType`
FROM `Hotels` AS `h`
LEFT JOIN `HotelRooms` AS `h1` ON `h`.`Id` = `h1`.`HotelId`
WHERE (LOWER(`h`.`City`) LIKE @__ToLower_0_rewritten) AND EXISTS (
    SELECT 1
    FROM `HotelRooms` AS `h0`
    WHERE (`h`.`Id` = `h0`.`HotelId`) AND (`h0`.`IsAvailable` AND (`h0`.`MaxGuests` >= @__guests_1)))
ORDER BY `h`.`Id`
2026-05-26 03:11:41.183 +01:00 [INF] HTTP GET /api/hotels/search responded 200 in 280.0832 ms
2026-05-26 03:11:52.205 +01:00 [INF] HTTP OPTIONS /api/flights/alerts responded 204 in 0.0542 ms
2026-05-26 03:11:52.213 +01:00 [INF] Executed DbCommand (1ms) [Parameters=[@__userId_0='?' (DbType = Guid)], CommandType='"Text"', CommandTimeout='30']
SELECT `f`.`Id`, `f`.`CreatedAt`, `f`.`CurrencyCode`, `f`.`DepartureFrom`, `f`.`DepartureTo`, `f`.`DestinationCode`, `f`.`IsActive`, `f`.`LastTriggeredAt`, `f`.`OriginCode`, `f`.`TargetPrice`, `f`.`UserId`
FROM `FlightAlerts` AS `f`
WHERE `f`.`UserId` = @__userId_0
ORDER BY `f`.`CreatedAt` DESC
2026-05-26 03:11:52.213 +01:00 [INF] HTTP GET /api/flights/alerts responded 200 in 4.3272 ms
2026-05-26 03:12:17.206 +01:00 [INF] HTTP OPTIONS /api/flights/search responded 204 in 0.2826 ms
2026-05-26 03:12:17.276 +01:00 [INF] Executed DbCommand (35ms) [Parameters=[@__ToUpper_0='?' (Size = -1), @__ToUpper_1='?' (Size = -1), @__departure_Date_2='?' (DbType = DateTime), @__passengers_3='?' (DbType = Int32)], CommandType='"Text"', CommandTimeout='30']
SELECT `f`.`Id`, `f`.`Airline`, `f`.`ArrivalAt`, `f`.`CabinClass`, `f`.`CachedAt`, `f`.`CurrencyCode`, `f`.`DepartureAt`, `f`.`DestinationCity`, `f`.`DestinationCode`, `f`.`DurationMinutes`, `f`.`ExternalId`, `f`.`FlightNumber`, `f`.`OriginCity`, `f`.`OriginCode`, `f`.`Price`, `f`.`Provider`, `f`.`SeatsAvailable`, `f`.`Stops`
FROM `Flights` AS `f`
WHERE (((`f`.`OriginCode` = @__ToUpper_0) AND (`f`.`DestinationCode` = @__ToUpper_1)) AND (CONVERT(`f`.`DepartureAt`, date) = @__departure_Date_2)) AND (`f`.`SeatsAvailable` >= @__passengers_3)
ORDER BY `f`.`Price`
2026-05-26 03:12:17.281 +01:00 [INF] HTTP GET /api/flights/search responded 200 in 71.4457 ms
2026-05-26 03:12:18.072 +01:00 [INF] Executed DbCommand (1ms) [Parameters=[@__ToUpper_0='?' (Size = -1), @__ToUpper_1='?' (Size = -1), @__departure_Date_2='?' (DbType = DateTime), @__passengers_3='?' (DbType = Int32)], CommandType='"Text"', CommandTimeout='30']
SELECT `f`.`Id`, `f`.`Airline`, `f`.`ArrivalAt`, `f`.`CabinClass`, `f`.`CachedAt`, `f`.`CurrencyCode`, `f`.`DepartureAt`, `f`.`DestinationCity`, `f`.`DestinationCode`, `f`.`DurationMinutes`, `f`.`ExternalId`, `f`.`FlightNumber`, `f`.`OriginCity`, `f`.`OriginCode`, `f`.`Price`, `f`.`Provider`, `f`.`SeatsAvailable`, `f`.`Stops`
FROM `Flights` AS `f`
WHERE (((`f`.`OriginCode` = @__ToUpper_0) AND (`f`.`DestinationCode` = @__ToUpper_1)) AND (CONVERT(`f`.`DepartureAt`, date) = @__departure_Date_2)) AND (`f`.`SeatsAvailable` >= @__passengers_3)
ORDER BY `f`.`Price`
2026-05-26 03:12:18.073 +01:00 [INF] HTTP GET /api/flights/search responded 200 in 7.3757 ms
2026-05-26 03:12:21.141 +01:00 [INF] HTTP OPTIONS /api/itineraries responded 204 in 0.0389 ms
2026-05-26 03:12:21.150 +01:00 [INF] Executed DbCommand (1ms) [Parameters=[@__userId_0='?' (DbType = Guid)], CommandType='"Text"', CommandTimeout='30']
SELECT `i`.`Id`, `i`.`Budget`, `i`.`CountryCode`, `i`.`CreatedAt`, `i`.`CurrencyCode`, `i`.`Description`, `i`.`Destination`, `i`.`EndDate`, `i`.`Latitude`, `i`.`Longitude`, `i`.`StartDate`, `i`.`Status`, `i`.`Title`, `i`.`UpdatedAt`, `i`.`UserId`, `i0`.`Id`, `i0`.`Address`, `i0`.`Category`, `i0`.`DayNumber`, `i0`.`DurationMinutes`, `i0`.`ItineraryId`, `i0`.`Latitude`, `i0`.`Longitude`, `i0`.`Name`, `i0`.`Notes`, `i0`.`OrderIndex`, `i0`.`VisitTime`
FROM `Itineraries` AS `i`
LEFT JOIN `ItineraryStops` AS `i0` ON `i`.`Id` = `i0`.`ItineraryId`
WHERE `i`.`UserId` = @__userId_0
ORDER BY `i`.`UpdatedAt` DESC, `i`.`Id`
2026-05-26 03:12:21.151 +01:00 [INF] HTTP GET /api/itineraries responded 200 in 6.6130 ms
2026-05-26 03:12:23.644 +01:00 [INF] Executed DbCommand (1ms) [Parameters=[@__userId_0='?' (DbType = Guid)], CommandType='"Text"', CommandTimeout='30']
SELECT `i`.`Id`, `i`.`Budget`, `i`.`CountryCode`, `i`.`CreatedAt`, `i`.`CurrencyCode`, `i`.`Description`, `i`.`Destination`, `i`.`EndDate`, `i`.`Latitude`, `i`.`Longitude`, `i`.`StartDate`, `i`.`Status`, `i`.`Title`, `i`.`UpdatedAt`, `i`.`UserId`, `i0`.`Id`, `i0`.`Address`, `i0`.`Category`, `i0`.`DayNumber`, `i0`.`DurationMinutes`, `i0`.`ItineraryId`, `i0`.`Latitude`, `i0`.`Longitude`, `i0`.`Name`, `i0`.`Notes`, `i0`.`OrderIndex`, `i0`.`VisitTime`
FROM `Itineraries` AS `i`
LEFT JOIN `ItineraryStops` AS `i0` ON `i`.`Id` = `i0`.`ItineraryId`
WHERE `i`.`UserId` = @__userId_0
ORDER BY `i`.`UpdatedAt` DESC, `i`.`Id`
2026-05-26 03:12:23.645 +01:00 [INF] HTTP GET /api/itineraries responded 200 in 5.0980 ms
2026-05-26 03:12:31.109 +01:00 [INF] HTTP OPTIONS /api/hotels/bookings responded 204 in 0.0553 ms
2026-05-26 03:12:31.116 +01:00 [INF] Executed DbCommand (1ms) [Parameters=[@__userId_0='?' (DbType = Guid)], CommandType='"Text"', CommandTimeout='30']
SELECT `b`.`Id`, `b`.`CheckIn`, `b`.`CheckOut`, `b`.`ConfirmationNumber`, `b`.`CreatedAt`, `b`.`CurrencyCode`, `b`.`FlightId`, `b`.`Guests`, `b`.`HotelId`, `b`.`HotelRoomId`, `b`.`Notes`, `b`.`ProviderReference`, `b`.`Status`, `b`.`TotalPrice`, `b`.`Type`, `b`.`UpdatedAt`, `b`.`UserId`, `h`.`Id`, `h`.`Address`, `h`.`Amenities`, `h`.`CachedAt`, `h`.`City`, `h`.`CountryCode`, `h`.`Description`, `h`.`ExternalId`, `h`.`GuestRating`, `h`.`ImageUrl`, `h`.`Latitude`, `h`.`Longitude`, `h`.`Name`, `h`.`Provider`, `h`.`StarRating`, `f`.`Id`, `f`.`Airline`, `f`.`ArrivalAt`, `f`.`CabinClass`, `f`.`CachedAt`, `f`.`CurrencyCode`, `f`.`DepartureAt`, `f`.`DestinationCity`, `f`.`DestinationCode`, `f`.`DurationMinutes`, `f`.`ExternalId`, `f`.`FlightNumber`, `f`.`OriginCity`, `f`.`OriginCode`, `f`.`Price`, `f`.`Provider`, `f`.`SeatsAvailable`, `f`.`Stops`
FROM `Bookings` AS `b`
LEFT JOIN `Hotels` AS `h` ON `b`.`HotelId` = `h`.`Id`
LEFT JOIN `Flights` AS `f` ON `b`.`FlightId` = `f`.`Id`
WHERE `b`.`UserId` = @__userId_0
ORDER BY `b`.`CreatedAt` DESC
2026-05-26 03:12:31.117 +01:00 [INF] HTTP GET /api/hotels/bookings responded 200 in 5.0173 ms
2026-05-26 03:12:32.332 +01:00 [INF] HTTP OPTIONS /api/flights/alerts responded 204 in 0.0856 ms
2026-05-26 03:12:32.339 +01:00 [INF] Executed DbCommand (1ms) [Parameters=[@__userId_0='?' (DbType = Guid)], CommandType='"Text"', CommandTimeout='30']
SELECT `f`.`Id`, `f`.`CreatedAt`, `f`.`CurrencyCode`, `f`.`DepartureFrom`, `f`.`DepartureTo`, `f`.`DestinationCode`, `f`.`IsActive`, `f`.`LastTriggeredAt`, `f`.`OriginCode`, `f`.`TargetPrice`, `f`.`UserId`
FROM `FlightAlerts` AS `f`
WHERE `f`.`UserId` = @__userId_0
ORDER BY `f`.`CreatedAt` DESC
2026-05-26 03:12:32.340 +01:00 [INF] HTTP GET /api/flights/alerts responded 200 in 4.5964 ms
2026-05-26 03:12:35.702 +01:00 [INF] HTTP OPTIONS /api/itineraries responded 204 in 0.0707 ms
2026-05-26 03:12:35.709 +01:00 [INF] Executed DbCommand (1ms) [Parameters=[@__userId_0='?' (DbType = Guid)], CommandType='"Text"', CommandTimeout='30']
SELECT `i`.`Id`, `i`.`Budget`, `i`.`CountryCode`, `i`.`CreatedAt`, `i`.`CurrencyCode`, `i`.`Description`, `i`.`Destination`, `i`.`EndDate`, `i`.`Latitude`, `i`.`Longitude`, `i`.`StartDate`, `i`.`Status`, `i`.`Title`, `i`.`UpdatedAt`, `i`.`UserId`, `i0`.`Id`, `i0`.`Address`, `i0`.`Category`, `i0`.`DayNumber`, `i0`.`DurationMinutes`, `i0`.`ItineraryId`, `i0`.`Latitude`, `i0`.`Longitude`, `i0`.`Name`, `i0`.`Notes`, `i0`.`OrderIndex`, `i0`.`VisitTime`
FROM `Itineraries` AS `i`
LEFT JOIN `ItineraryStops` AS `i0` ON `i`.`Id` = `i0`.`ItineraryId`
WHERE `i`.`UserId` = @__userId_0
ORDER BY `i`.`UpdatedAt` DESC, `i`.`Id`
2026-05-26 03:12:35.709 +01:00 [INF] HTTP GET /api/itineraries responded 200 in 3.6203 ms
2026-05-26 03:13:14.308 +01:00 [INF] HTTP OPTIONS /api/itineraries responded 204 in 0.0727 ms
2026-05-26 03:13:14.506 +01:00 [INF] Executed DbCommand (163ms) [Parameters=[@p0='?' (DbType = Guid), @p1='?' (DbType = Decimal), @p2='?' (Size = 3), @p3='?' (DbType = DateTime), @p4='?' (Size = 3), @p5='?' (Size = 4000), @p6='?' (Size = 200), @p7='?' (DbType = DateTime), @p8='?' (DbType = Double), @p9='?' (DbType = Double), @p10='?' (DbType = DateTime), @p11='?' (DbType = Int32), @p12='?' (Size = 200), @p13='?' (DbType = DateTime), @p14='?' (DbType = Guid)], CommandType='"Text"', CommandTimeout='30']
SET AUTOCOMMIT = 1;
INSERT INTO `Itineraries` (`Id`, `Budget`, `CountryCode`, `CreatedAt`, `CurrencyCode`, `Description`, `Destination`, `EndDate`, `Latitude`, `Longitude`, `StartDate`, `Status`, `Title`, `UpdatedAt`, `UserId`)
VALUES (@p0, @p1, @p2, @p3, @p4, @p5, @p6, @p7, @p8, @p9, @p10, @p11, @p12, @p13, @p14);
2026-05-26 03:13:14.531 +01:00 [INF] HTTP POST /api/itineraries responded 201 in 217.9987 ms
2026-05-26 03:13:21.650 +01:00 [INF] HTTP OPTIONS /api/hotels/bookings responded 204 in 0.0345 ms
2026-05-26 03:13:21.656 +01:00 [INF] Executed DbCommand (1ms) [Parameters=[@__userId_0='?' (DbType = Guid)], CommandType='"Text"', CommandTimeout='30']
SELECT `b`.`Id`, `b`.`CheckIn`, `b`.`CheckOut`, `b`.`ConfirmationNumber`, `b`.`CreatedAt`, `b`.`CurrencyCode`, `b`.`FlightId`, `b`.`Guests`, `b`.`HotelId`, `b`.`HotelRoomId`, `b`.`Notes`, `b`.`ProviderReference`, `b`.`Status`, `b`.`TotalPrice`, `b`.`Type`, `b`.`UpdatedAt`, `b`.`UserId`, `h`.`Id`, `h`.`Address`, `h`.`Amenities`, `h`.`CachedAt`, `h`.`City`, `h`.`CountryCode`, `h`.`Description`, `h`.`ExternalId`, `h`.`GuestRating`, `h`.`ImageUrl`, `h`.`Latitude`, `h`.`Longitude`, `h`.`Name`, `h`.`Provider`, `h`.`StarRating`, `f`.`Id`, `f`.`Airline`, `f`.`ArrivalAt`, `f`.`CabinClass`, `f`.`CachedAt`, `f`.`CurrencyCode`, `f`.`DepartureAt`, `f`.`DestinationCity`, `f`.`DestinationCode`, `f`.`DurationMinutes`, `f`.`ExternalId`, `f`.`FlightNumber`, `f`.`OriginCity`, `f`.`OriginCode`, `f`.`Price`, `f`.`Provider`, `f`.`SeatsAvailable`, `f`.`Stops`
FROM `Bookings` AS `b`
LEFT JOIN `Hotels` AS `h` ON `b`.`HotelId` = `h`.`Id`
LEFT JOIN `Flights` AS `f` ON `b`.`FlightId` = `f`.`Id`
WHERE `b`.`UserId` = @__userId_0
ORDER BY `b`.`CreatedAt` DESC
2026-05-26 03:13:21.657 +01:00 [INF] HTTP GET /api/hotels/bookings responded 200 in 4.1287 ms
2026-05-26 03:13:31.316 +01:00 [INF] HTTP OPTIONS /api/itineraries responded 204 in 0.0251 ms
2026-05-26 03:13:31.322 +01:00 [INF] Executed DbCommand (1ms) [Parameters=[@__userId_0='?' (DbType = Guid)], CommandType='"Text"', CommandTimeout='30']
SELECT `i`.`Id`, `i`.`Budget`, `i`.`CountryCode`, `i`.`CreatedAt`, `i`.`CurrencyCode`, `i`.`Description`, `i`.`Destination`, `i`.`EndDate`, `i`.`Latitude`, `i`.`Longitude`, `i`.`StartDate`, `i`.`Status`, `i`.`Title`, `i`.`UpdatedAt`, `i`.`UserId`, `i0`.`Id`, `i0`.`Address`, `i0`.`Category`, `i0`.`DayNumber`, `i0`.`DurationMinutes`, `i0`.`ItineraryId`, `i0`.`Latitude`, `i0`.`Longitude`, `i0`.`Name`, `i0`.`Notes`, `i0`.`OrderIndex`, `i0`.`VisitTime`
FROM `Itineraries` AS `i`
LEFT JOIN `ItineraryStops` AS `i0` ON `i`.`Id` = `i0`.`ItineraryId`
WHERE `i`.`UserId` = @__userId_0
ORDER BY `i`.`UpdatedAt` DESC, `i`.`Id`
2026-05-26 03:13:31.323 +01:00 [INF] HTTP GET /api/itineraries responded 200 in 4.3002 ms
2026-05-26 03:17:53.280 +01:00 [INF] HTTP OPTIONS /api/hotels/bookings responded 204 in 0.0412 ms
2026-05-26 03:17:53.783 +01:00 [INF] Executed DbCommand (103ms) [Parameters=[@__userId_0='?' (DbType = Guid)], CommandType='"Text"', CommandTimeout='30']
SELECT `b`.`Id`, `b`.`CheckIn`, `b`.`CheckOut`, `b`.`ConfirmationNumber`, `b`.`CreatedAt`, `b`.`CurrencyCode`, `b`.`FlightId`, `b`.`Guests`, `b`.`HotelId`, `b`.`HotelRoomId`, `b`.`Notes`, `b`.`ProviderReference`, `b`.`Status`, `b`.`TotalPrice`, `b`.`Type`, `b`.`UpdatedAt`, `b`.`UserId`, `h`.`Id`, `h`.`Address`, `h`.`Amenities`, `h`.`CachedAt`, `h`.`City`, `h`.`CountryCode`, `h`.`Description`, `h`.`ExternalId`, `h`.`GuestRating`, `h`.`ImageUrl`, `h`.`Latitude`, `h`.`Longitude`, `h`.`Name`, `h`.`Provider`, `h`.`StarRating`, `f`.`Id`, `f`.`Airline`, `f`.`ArrivalAt`, `f`.`CabinClass`, `f`.`CachedAt`, `f`.`CurrencyCode`, `f`.`DepartureAt`, `f`.`DestinationCity`, `f`.`DestinationCode`, `f`.`DurationMinutes`, `f`.`ExternalId`, `f`.`FlightNumber`, `f`.`OriginCity`, `f`.`OriginCode`, `f`.`Price`, `f`.`Provider`, `f`.`SeatsAvailable`, `f`.`Stops`
FROM `Bookings` AS `b`
LEFT JOIN `Hotels` AS `h` ON `b`.`HotelId` = `h`.`Id`
LEFT JOIN `Flights` AS `f` ON `b`.`FlightId` = `f`.`Id`
WHERE `b`.`UserId` = @__userId_0
ORDER BY `b`.`CreatedAt` DESC
2026-05-26 03:17:53.784 +01:00 [INF] HTTP GET /api/hotels/bookings responded 200 in 499.7695 ms
2026-05-26 03:27:40.286 +01:00 [INF] HTTP OPTIONS /api/itineraries responded 204 in 0.0294 ms
2026-05-26 03:27:40.286 +01:00 [INF] HTTP OPTIONS /api/hotels/search responded 204 in 0.0337 ms
2026-05-26 03:27:40.286 +01:00 [INF] HTTP OPTIONS /api/flights/search responded 204 in 0.0221 ms
2026-05-26 03:27:40.803 +01:00 [INF] Executed DbCommand (50ms) [Parameters=[@__ToUpper_0='?' (Size = 3), @__ToUpper_1='?' (Size = 3), @__departure_Date_2='?' (DbType = DateTime), @__passengers_3='?' (DbType = Int32)], CommandType='"Text"', CommandTimeout='30']
SELECT `f`.`Id`, `f`.`Airline`, `f`.`ArrivalAt`, `f`.`CabinClass`, `f`.`CachedAt`, `f`.`CurrencyCode`, `f`.`DepartureAt`, `f`.`DestinationCity`, `f`.`DestinationCode`, `f`.`DurationMinutes`, `f`.`ExternalId`, `f`.`FlightNumber`, `f`.`OriginCity`, `f`.`OriginCode`, `f`.`Price`, `f`.`Provider`, `f`.`SeatsAvailable`, `f`.`Stops`
FROM `Flights` AS `f`
WHERE (((`f`.`OriginCode` = @__ToUpper_0) AND (`f`.`DestinationCode` = @__ToUpper_1)) AND (CONVERT(`f`.`DepartureAt`, date) = @__departure_Date_2)) AND (`f`.`SeatsAvailable` >= @__passengers_3)
ORDER BY `f`.`Price`
2026-05-26 03:27:40.808 +01:00 [INF] Executed DbCommand (54ms) [Parameters=[@__userId_0='?' (DbType = Guid)], CommandType='"Text"', CommandTimeout='30']
SELECT `i`.`Id`, `i`.`Budget`, `i`.`CountryCode`, `i`.`CreatedAt`, `i`.`CurrencyCode`, `i`.`Description`, `i`.`Destination`, `i`.`EndDate`, `i`.`Latitude`, `i`.`Longitude`, `i`.`StartDate`, `i`.`Status`, `i`.`Title`, `i`.`UpdatedAt`, `i`.`UserId`, `i0`.`Id`, `i0`.`Address`, `i0`.`Category`, `i0`.`DayNumber`, `i0`.`DurationMinutes`, `i0`.`ItineraryId`, `i0`.`Latitude`, `i0`.`Longitude`, `i0`.`Name`, `i0`.`Notes`, `i0`.`OrderIndex`, `i0`.`VisitTime`
FROM `Itineraries` AS `i`
LEFT JOIN `ItineraryStops` AS `i0` ON `i`.`Id` = `i0`.`ItineraryId`
WHERE `i`.`UserId` = @__userId_0
ORDER BY `i`.`UpdatedAt` DESC, `i`.`Id`
2026-05-26 03:27:40.809 +01:00 [INF] HTTP GET /api/itineraries responded 200 in 517.6087 ms
2026-05-26 03:27:40.813 +01:00 [INF] HTTP GET /api/flights/search responded 200 in 519.5950 ms
2026-05-26 03:27:40.816 +01:00 [INF] Executed DbCommand (63ms) [Parameters=[@__ToLower_0_rewritten='?' (Size = 200), @__guests_1='?' (DbType = Int32)], CommandType='"Text"', CommandTimeout='30']
SELECT `h`.`Id`, `h`.`Address`, `h`.`Amenities`, `h`.`CachedAt`, `h`.`City`, `h`.`CountryCode`, `h`.`Description`, `h`.`ExternalId`, `h`.`GuestRating`, `h`.`ImageUrl`, `h`.`Latitude`, `h`.`Longitude`, `h`.`Name`, `h`.`Provider`, `h`.`StarRating`, `h1`.`Id`, `h1`.`CurrencyCode`, `h1`.`Description`, `h1`.`HotelId`, `h1`.`IsAvailable`, `h1`.`MaxGuests`, `h1`.`PricePerNight`, `h1`.`RoomType`
FROM `Hotels` AS `h`
LEFT JOIN `HotelRooms` AS `h1` ON `h`.`Id` = `h1`.`HotelId`
WHERE (LOWER(`h`.`City`) LIKE @__ToLower_0_rewritten) AND EXISTS (
    SELECT 1
    FROM `HotelRooms` AS `h0`
    WHERE (`h`.`Id` = `h0`.`HotelId`) AND (`h0`.`IsAvailable` AND (`h0`.`MaxGuests` >= @__guests_1)))
ORDER BY `h`.`Id`
2026-05-26 03:27:40.818 +01:00 [INF] HTTP GET /api/hotels/search responded 200 in 524.3111 ms
